time,player,team,value
2001,A.J. Feeley,PHI,143.0
2002,A.J. Feeley,PHI,1154.0
2004,A.J. Feeley,MIA,3047.0
2006,A.J. Feeley,PHI,3389.0
2007,A.J. Feeley,PHI,4070.0
2011,A.J. Feeley,LA,4618.0
2015,AJ McCarron,CIN,854.0
2017,AJ McCarron,CIN,920.0
2018,AJ McCarron,LV,928.0
2019,AJ McCarron,HOU,1153.0
2020,AJ McCarron,HOU,1173.0
2023,AJ McCarron,CIN,1192.0
2000,Aaron Brooks,NO,1514.0
2001,Aaron Brooks,NO,5346.0
2002,Aaron Brooks,NO,8918.0
2003,Aaron Brooks,NO,12464.0
2004,Aaron Brooks,NO,16274.0
2005,Aaron Brooks,NO,19156.0
2006,Aaron Brooks,LV,20261.0
2005,Aaron Rodgers,GB,65.0
2006,Aaron Rodgers,GB,111.0
2007,Aaron Rodgers,GB,329.0
2008,Aaron Rodgers,GB,4367.0
2009,Aaron Rodgers,GB,8801.0
2010,Aaron Rodgers,GB,12723.0
2011,Aaron Rodgers,GB,17359.0
2012,Aaron Rodgers,GB,21654.0
2013,Aaron Rodgers,GB,24190.0
2014,Aaron Rodgers,GB,28571.0
2015,Aaron Rodgers,GB,32392.0
2016,Aaron Rodgers,GB,36820.0
2017,Aaron Rodgers,GB,38495.0
2018,Aaron Rodgers,GB,42937.0
2019,Aaron Rodgers,GB,46939.0
2020,Aaron Rodgers,GB,51238.0
2021,Aaron Rodgers,GB,55353.0
2022,Aaron Rodgers,GB,59048.0
2023,Aaron Rodgers,NYJ,59048.0
2024,Aaron Rodgers,NYJ,62945.0
1987,Adrian Breen,CIN,9.0
1950,Adrian Burk,BCL,798.0
1951,Adrian Burk,BCL,1596.0
1952,Adrian Burk,PHI,2157.0
1953,Adrian Burk,PHI,2945.0
1954,Adrian Burk,PHI,4685.0
1955,Adrian Burk,PHI,6044.0
1956,Adrian Burk,PHI,6470.0
2023,Aidan O'Connell,LV,2218.0
2024,Aidan O'Connell,LV,3830.0
1999,Akili Smith,CIN,805.0
2000,Akili Smith,CIN,2058.0
2001,Akili Smith,CIN,2095.0
2002,Akili Smith,CIN,2212.0
1954,Al Dorow,WAS,997.0
1955,Al Dorow,WAS,1034.0
1956,Al Dorow,WAS,1764.0
1957,Al Dorow,PHI,1976.0
1970,Al Woodall,NYJ,1265.0
1971,Al Woodall,NYJ,1660.0
1973,Al Woodall,NYJ,2888.0
1974,Al Woodall,NYJ,2903.0
1970,Alan Pastrana,DEN,420.0
1987,Alan Risher,GNB,564.0
1987,Alex Espinoza,KAN,69.0
2005,Alex Smith,SF,875.0
2006,Alex Smith,SF,3776.0
2007,Alex Smith,SF,4690.0
2009,Alex Smith,SF,7040.0
2010,Alex Smith,SF,9410.0
2011,Alex Smith,SF,12554.0
2012,Alex Smith,SF,14291.0
2013,Alex Smith,KC,17604.0
2014,Alex Smith,KC,20869.0
2015,Alex Smith,KC,24355.0
2016,Alex Smith,KC,27857.0
2017,Alex Smith,KC,31899.0
2018,Alex Smith,WAS,34079.0
2020,Alex Smith,WAS,35661.0
2015,Alex Tanney,TEN,99.0
2019,Alex Tanney,NYG,100.0
1995,Alex Van Pelt,BUF,106.0
1996,Alex Van Pelt,BUF,115.0
1997,Alex Van Pelt,BUF,799.0
1999,Alex Van Pelt,BUF,808.0
2000,Alex Van Pelt,BUF,875.0
2001,Alex Van Pelt,BUF,2931.0
2002,Alex Van Pelt,BUF,2936.0
2003,Alex Van Pelt,BUF,2985.0
1990,Andre Ware,DET,164.0
1992,Andre Ware,DET,841.0
1993,Andre Ware,DET,1112.0
2012,Andrew Luck,IND,4374.0
2013,Andrew Luck,IND,8196.0
2014,Andrew Luck,IND,12957.0
2015,Andrew Luck,IND,14838.0
2016,Andrew Luck,IND,19078.0
2018,Andrew Luck,IND,23671.0
2006,Andrew Walter,LV,1677.0
2007,Andrew Walter,LV,1715.0
2008,Andrew Walter,LV,1919.0
2011,Andy Dalton,CIN,3398.0
2012,Andy Dalton,CIN,7067.0
2013,Andy Dalton,CIN,11360.0
2014,Andy Dalton,CIN,14758.0
2015,Andy Dalton,CIN,18008.0
2016,Andy Dalton,CIN,22214.0
2017,Andy Dalton,CIN,25534.0
2018,Andy Dalton,CIN,28100.0
2019,Andy Dalton,CIN,31594.0
2020,Andy Dalton,DAL,33764.0
2021,Andy Dalton,CHI,35279.0
2022,Andy Dalton,NO,38150.0
2023,Andy Dalton,CAR,38511.0
2024,Andy Dalton,CAR,39500.0
2022,Anthony Brown,BAL,302.0
1989,Anthony Dilweg,GNB,7.0
1990,Anthony Dilweg,GNB,1274.0
2023,Anthony Richardson,IND,577.0
2024,Anthony Richardson,IND,2391.0
2000,Anthony Wright,DAL,237.0
2001,Anthony Wright,DAL,766.0
2003,Anthony Wright,BAL,1965.0
2005,Anthony Wright,BAL,3547.0
2006,Anthony Wright,CIN,3578.0
2007,Anthony Wright,NYG,3590.0
1971,Archie Manning,NOR,1164.0
1972,Archie Manning,NOR,3945.0
1973,Archie Manning,NOR,5587.0
1974,Archie Manning,NOR,7016.0
1975,Archie Manning,NOR,8699.0
1977,Archie Manning,NOR,9983.0
1978,Archie Manning,NOR,13399.0
1979,Archie Manning,NOR,16568.0
1980,Archie Manning,NOR,20284.0
1981,Archie Manning,NOR,21731.0
1982,Archie Manning,2TM,22611.0
1982,Archie Manning,NOR,22614.0
1982,Archie Manning,HOU,23491.0
1983,Archie Manning,HOU,24246.0
1984,Archie Manning,MIN,24791.0
1953,Arnie Galiffa,NYG,129.0
1954,Arnie Galiffa,SFO,183.0
1982,Art Schlichter,BAL,197.0
1984,Art Schlichter,IND,899.0
1985,Art Schlichter,IND,1006.0
2014,Austin Davis,LA,2001.0
2015,Austin Davis,CLE,2548.0
2017,Austin Davis,SEA,2548.0
1988,Babe Laufenberg,SDG,778.0
1990,Babe Laufenberg,DAL,1057.0
1952,Babe Parilli,GNB,1416.0
1953,Babe Parilli,GNB,2246.0
1956,Babe Parilli,CLE,2655.0
1957,Babe Parilli,GNB,3324.0
1958,Babe Parilli,GNB,4392.0
2022,Bailey Zappe,NE,781.0
2023,Bailey Zappe,NE,2053.0
2024,Bailey Zappe,CLE,2223.0
2018,Baker Mayfield,CLE,3725.0
2019,Baker Mayfield,CLE,7552.0
2020,Baker Mayfield,CLE,11115.0
2021,Baker Mayfield,CLE,14125.0
2022,Baker Mayfield,LA,16288.0
2023,Baker Mayfield,TB,20332.0
2024,Baker Mayfield,TB,24832.0
1956,Bart Starr,GNB,325.0
1957,Bart Starr,GNB,1814.0
1958,Bart Starr,GNB,2689.0
1959,Bart Starr,GNB,3661.0
1960,Bart Starr,GNB,5019.0
1961,Bart Starr,GNB,7437.0
1962,Bart Starr,GNB,9875.0
1963,Bart Starr,GNB,11730.0
1964,Bart Starr,GNB,13874.0
1965,Bart Starr,GNB,15929.0
1966,Bart Starr,GNB,18186.0
1967,Bart Starr,GNB,20009.0
1968,Bart Starr,GNB,21626.0
1969,Bart Starr,GNB,22787.0
1970,Bart Starr,GNB,24432.0
1971,Bart Starr,GNB,24718.0
1987,Ben Bennett,CIN,25.0
2020,Ben DiNucci,DAL,219.0
2004,Ben Roethlisberger,PIT,2621.0
2005,Ben Roethlisberger,PIT,5006.0
2006,Ben Roethlisberger,PIT,8534.0
2007,Ben Roethlisberger,PIT,11692.0
2008,Ben Roethlisberger,PIT,15006.0
2009,Ben Roethlisberger,PIT,19334.0
2010,Ben Roethlisberger,PIT,22534.0
2011,Ben Roethlisberger,PIT,26611.0
2012,Ben Roethlisberger,PIT,29876.0
2013,Ben Roethlisberger,PIT,34137.0
2014,Ben Roethlisberger,PIT,39089.0
2015,Ben Roethlisberger,PIT,43027.0
2016,Ben Roethlisberger,PIT,46846.0
2017,Ben Roethlisberger,PIT,51105.0
2018,Ben Roethlisberger,PIT,56234.0
2019,Ben Roethlisberger,PIT,56585.0
2020,Ben Roethlisberger,PIT,60388.0
2021,Ben Roethlisberger,PIT,64128.0
1967,Benjy Dial,PHI,5.0
1987,Bernard Quarles,RAM,40.0
1985,Bernie Kosar,CLE,1578.0
1986,Bernie Kosar,CLE,5432.0
1987,Bernie Kosar,CLE,8465.0
1988,Bernie Kosar,CLE,10355.0
1989,Bernie Kosar,CLE,13888.0
1990,Bernie Kosar,CLE,16450.0
1991,Bernie Kosar,CLE,19937.0
1992,Bernie Kosar,CLE,21097.0
1993,Bernie Kosar,2TM,22314.0
1993,Bernie Kosar,CLE,23121.0
1993,Bernie Kosar,DAL,23531.0
1994,Bernie Kosar,MIA,23611.0
1995,Bernie Kosar,MIA,24310.0
1996,Bernie Kosar,MIA,24518.0
1973,Bert Jones,BAL,539.0
1974,Bert Jones,BAL,2149.0
1975,Bert Jones,BAL,4632.0
1976,Bert Jones,BAL,7736.0
1977,Bert Jones,BAL,10422.0
1978,Bert Jones,BAL,10792.0
1979,Bert Jones,BAL,11435.0
1980,Bert Jones,BAL,14569.0
1981,Bert Jones,BAL,17663.0
1982,Bert Jones,RAM,18190.0
1970,Bill Cappleman,MIN,49.0
1973,Bill Cappleman,DET,82.0
1973,Bill Demory,NYJ,159.0
1976,Bill Donckers,STL,16.0
1977,Bill Donckers,STL,54.0
1980,Bill Kenney,KAN,542.0
1981,Bill Kenney,KAN,2525.0
1982,Bill Kenney,KAN,3717.0
1983,Bill Kenney,KAN,8065.0
1984,Bill Kenney,KAN,10163.0
1985,Bill Kenney,KAN,12699.0
1986,Bill Kenney,KAN,14621.0
1987,Bill Kenney,KAN,16728.0
1988,Bill Kenney,KAN,17277.0
1950,Bill Mackrides,PHI,228.0
1951,Bill Mackrides,PHI,456.0
1953,Bill Mackrides,2TM,962.0
1953,Bill Mackrides,NYG,1015.0
1953,Bill Mackrides,PIT,1468.0
1964,Bill Munson,RAM,1533.0
1965,Bill Munson,RAM,3234.0
1966,Bill Munson,RAM,3518.0
1967,Bill Munson,RAM,3556.0
1968,Bill Munson,DET,5867.0
1969,Bill Munson,DET,6929.0
1970,Bill Munson,DET,7978.0
1971,Bill Munson,DET,8194.0
1972,Bill Munson,DET,8388.0
1973,Bill Munson,DET,9517.0
1974,Bill Munson,DET,11391.0
1975,Bill Munson,DET,12017.0
1976,Bill Munson,SEA,12312.0
1977,Bill Munson,SDG,12537.0
1978,Bill Munson,BUF,12865.0
1979,Bill Munson,BUF,12896.0
1991,Bill Musgrave,SFO,33.0
1995,Bill Musgrave,DEN,126.0
1996,Bill Musgrave,DEN,402.0
1963,Bill Nelsen,PIT,0.0
1964,Bill Nelsen,PIT,276.0
1965,Bill Nelsen,PIT,2193.0
1966,Bill Nelsen,PIT,3315.0
1967,Bill Nelsen,PIT,4440.0
1968,Bill Nelsen,CLE,6806.0
1969,Bill Nelsen,CLE,9549.0
1970,Bill Nelsen,CLE,11705.0
1971,Bill Nelsen,CLE,14024.0
1972,Bill Nelsen,CLE,14165.0
1976,Bill Troup,BAL,117.0
1977,Bill Troup,BAL,117.0
1978,Bill Troup,BAL,1999.0
1980,Bill Troup,GNB,2047.0
1995,Billy Joe Hobert,OAK,540.0
1996,Billy Joe Hobert,OAK,1207.0
1997,Billy Joe Hobert,2TM,2231.0
1997,Billy Joe Hobert,BUF,2364.0
1997,Billy Joe Hobert,NOR,3255.0
1998,Billy Joe Hobert,NOR,3425.0
1999,Billy Joe Hobert,NO,4395.0
1989,Billy Joe Tolliver,SDG,1097.0
1990,Billy Joe Tolliver,SDG,3671.0
1991,Billy Joe Tolliver,ATL,4202.0
1992,Billy Joe Tolliver,ATL,4989.0
1993,Billy Joe Tolliver,ATL,5453.0
1994,Billy Joe Tolliver,HOU,6740.0
1997,Billy Joe Tolliver,2TM,7417.0
1997,Billy Joe Tolliver,ATL,8102.0
1997,Billy Joe Tolliver,KAN,8094.0
1998,Billy Joe Tolliver,NOR,9521.0
1999,Billy Joe Tolliver,NO,11437.0
1961,Billy Kilmer,SFO,286.0
1966,Billy Kilmer,SFO,370.0
1967,Billy Kilmer,NOR,1711.0
1968,Billy Kilmer,NOR,3771.0
1969,Billy Kilmer,NOR,6303.0
1970,Billy Kilmer,NOR,7860.0
1971,Billy Kilmer,WAS,10081.0
1972,Billy Kilmer,WAS,11729.0
1973,Billy Kilmer,WAS,13385.0
1974,Billy Kilmer,WAS,15017.0
1975,Billy Kilmer,WAS,17457.0
1976,Billy Kilmer,WAS,18709.0
1977,Billy Kilmer,WAS,19896.0
1978,Billy Kilmer,WAS,20212.0
1968,Billy Stevens,GNB,0.0
1969,Billy Stevens,GNB,12.0
2001,Billy Volek,TEN,0.0
2003,Billy Volek,TEN,545.0
2004,Billy Volek,TEN,3030.0
2005,Billy Volek,TEN,3504.0
2006,Billy Volek,LAC,3508.0
2007,Billy Volek,LAC,3514.0
2009,Billy Volek,LAC,3745.0
2010,Billy Volek,LAC,3753.0
2011,Billy Volek,LAC,3753.0
1954,Billy Wade,RAM,509.0
1955,Billy Wade,RAM,825.0
1956,Billy Wade,RAM,2286.0
1957,Billy Wade,RAM,2402.0
1958,Billy Wade,RAM,5277.0
1959,Billy Wade,RAM,7278.0
1960,Billy Wade,RAM,8572.0
1961,Billy Wade,CHI,10830.0
1962,Billy Wade,CHI,14002.0
1963,Billy Wade,CHI,16303.0
1964,Billy Wade,CHI,18247.0
1965,Billy Wade,CHI,18451.0
1966,Billy Wade,CHI,18530.0
2011,Blaine Gabbert,JAX,2214.0
2012,Blaine Gabbert,JAX,3876.0
2013,Blaine Gabbert,JAX,4357.0
2014,Blaine Gabbert,SF,4395.0
2015,Blaine Gabbert,SF,6426.0
2016,Blaine Gabbert,SF,7351.0
2017,Blaine Gabbert,ARI,8437.0
2018,Blaine Gabbert,TEN,9063.0
2020,Blaine Gabbert,TB,9206.0
2021,Blaine Gabbert,TB,9273.0
2022,Blaine Gabbert,TB,9302.0
2023,Blaine Gabbert,KC,9487.0
1986,Blair Kiel,IND,236.0
1987,Blair Kiel,IND,431.0
1990,Blair Kiel,GNB,935.0
1991,Blair Kiel,GNB,1296.0
2014,Blake Bortles,JAX,2908.0
2015,Blake Bortles,JAX,7336.0
2016,Blake Bortles,JAX,11241.0
2017,Blake Bortles,JAX,14928.0
2018,Blake Bortles,JAX,17646.0
2019,Blake Bortles,LA,17649.0
2024,Bo Nix,DEN,3775.0
1975,Bob Avellini,CHI,942.0
1976,Bob Avellini,CHI,2522.0
1977,Bob Avellini,CHI,4526.0
1978,Bob Avellini,CHI,6244.0
1979,Bob Avellini,CHI,6554.0
1981,Bob Avellini,CHI,6739.0
1982,Bob Avellini,CHI,6823.0
1984,Bob Avellini,CHI,7111.0
1965,Bob Berry,MIN,0.0
1966,Bob Berry,MIN,215.0
1967,Bob Berry,MIN,258.0
1968,Bob Berry,ATL,1691.0
1969,Bob Berry,ATL,2778.0
1970,Bob Berry,ATL,4584.0
1971,Bob Berry,ATL,6589.0
1972,Bob Berry,ATL,8747.0
1973,Bob Berry,MIN,8868.0
1974,Bob Berry,MIN,9173.0
1975,Bob Berry,MIN,9197.0
1987,Bob Bleier,NWE,181.0
1952,Bob Celeri,DTX,490.0
1954,Bob Clatterbuck,NYG,781.0
1955,Bob Clatterbuck,NYG,827.0
1956,Bob Clatterbuck,NYG,881.0
1957,Bob Clatterbuck,NYG,920.0
1970,Bob Davis,NYJ,66.0
1971,Bob Davis,NYJ,690.0
1972,Bob Davis,NYJ,804.0
1973,Bob Davis,NOR,818.0
1982,Bob Gagliano,KAN,7.0
1987,Bob Gagliano,SFO,236.0
1989,Bob Gagliano,DET,1907.0
1990,Bob Gagliano,DET,3097.0
1991,Bob Gagliano,SDG,3173.0
1992,Bob Gagliano,SDG,3431.0
1953,Bob Gambold,PHI,107.0
1970,Bob Griese,MIA,2019.0
1971,Bob Griese,MIA,4108.0
1972,Bob Griese,MIA,4746.0
1973,Bob Griese,MIA,6168.0
1974,Bob Griese,MIA,8136.0
1975,Bob Griese,MIA,9829.0
1976,Bob Griese,MIA,11926.0
1977,Bob Griese,MIA,14178.0
1978,Bob Griese,MIA,15969.0
1979,Bob Griese,MIA,18129.0
1980,Bob Griese,MIA,18919.0
1983,Bob Holly,WAS,5.0
1985,Bob Holly,ATL,300.0
1971,Bob Leahy,PIT,18.0
1969,Bob Lee,MIN,79.0
1970,Bob Lee,MIN,689.0
1971,Bob Lee,MIN,1287.0
1972,Bob Lee,MIN,1362.0
1973,Bob Lee,ATL,3148.0
1974,Bob Lee,ATL,4000.0
1975,Bob Lee,MIN,4103.0
1976,Bob Lee,MIN,4259.0
1977,Bob Lee,MIN,4781.0
1978,Bob Lee,MIN,4791.0
1979,Bob Lee,RAM,5034.0
1970,Bob Naponic,HOU,85.0
1950,Bob Waterfield,RAM,1540.0
1951,Bob Waterfield,RAM,3080.0
1952,Bob Waterfield,RAM,3735.0
1960,Bob Waters,SFO,61.0
1961,Bob Waters,SFO,244.0
1962,Bob Waters,SFO,272.0
1963,Bob Waters,SFO,707.0
1952,Bob Williams,CHI,579.0
1955,Bob Williams,CHI,835.0
1969,Bobby Douglass,CHI,773.0
1970,Bobby Douglass,CHI,991.0
1971,Bobby Douglass,CHI,2155.0
1972,Bobby Douglass,CHI,3401.0
1973,Bobby Douglass,CHI,4458.0
1974,Bobby Douglass,CHI,4845.0
1975,Bobby Douglass,2TM,4985.0
1975,Bobby Douglass,CHI,5072.0
1975,Bobby Douglass,SDG,5125.0
1976,Bobby Douglass,NOR,6413.0
1977,Bobby Douglass,NOR,6543.0
1978,Bobby Douglass,GNB,6633.0
1954,Bobby Garrett,GNB,143.0
1985,Bobby Hebert,NOR,1208.0
1986,Bobby Hebert,NOR,1706.0
1987,Bobby Hebert,NOR,3825.0
1988,Bobby Hebert,NOR,6981.0
1989,Bobby Hebert,NOR,9667.0
1991,Bobby Hebert,NOR,11343.0
1992,Bobby Hebert,NOR,14630.0
1993,Bobby Hebert,ATL,17608.0
1994,Bobby Hebert,ATL,18218.0
1995,Bobby Hebert,ATL,18531.0
1996,Bobby Hebert,ATL,21683.0
1996,Bobby Hoying,PHI,0.0
1997,Bobby Hoying,PHI,1573.0
1998,Bobby Hoying,PHI,2534.0
1999,Bobby Hoying,OAK,2544.0
2000,Bobby Hoying,OAK,2544.0
1950,Bobby Layne,DET,2323.0
1951,Bobby Layne,DET,4646.0
1952,Bobby Layne,DET,6645.0
1953,Bobby Layne,DET,8733.0
1954,Bobby Layne,DET,10551.0
1955,Bobby Layne,DET,12381.0
1956,Bobby Layne,DET,14290.0
1957,Bobby Layne,DET,15459.0
1958,Bobby Layne,2TM,17969.0
1958,Bobby Layne,DET,18140.0
1958,Bobby Layne,PIT,20479.0
1959,Bobby Layne,PIT,22465.0
1960,Bobby Layne,PIT,24279.0
1961,Bobby Layne,PIT,25484.0
1962,Bobby Layne,PIT,27170.0
1973,Bobby Scott,NOR,245.0
1974,Bobby Scott,NOR,611.0
1975,Bobby Scott,NOR,707.0
1976,Bobby Scott,NOR,1772.0
1977,Bobby Scott,NOR,2288.0
1978,Bobby Scott,NOR,2324.0
1979,Bobby Scott,NOR,2336.0
1980,Bobby Scott,NOR,2536.0
1981,Bobby Scott,NOR,2781.0
1952,Bobby Thomason,PHI,1334.0
1953,Bobby Thomason,PHI,3796.0
1954,Bobby Thomason,PHI,5038.0
1955,Bobby Thomason,PHI,6375.0
1956,Bobby Thomason,PHI,7494.0
1957,Bobby Thomason,PHI,8124.0
1984,Boomer Esiason,CIN,530.0
1985,Boomer Esiason,CIN,3973.0
1986,Boomer Esiason,CIN,7932.0
1987,Boomer Esiason,CIN,11253.0
1988,Boomer Esiason,CIN,14825.0
1989,Boomer Esiason,CIN,18350.0
1990,Boomer Esiason,CIN,21381.0
1991,Boomer Esiason,CIN,24264.0
1992,Boomer Esiason,CIN,25671.0
1993,Boomer Esiason,NYJ,29092.0
1994,Boomer Esiason,NYJ,31874.0
1995,Boomer Esiason,NYJ,34149.0
1996,Boomer Esiason,ARI,36442.0
1997,Boomer Esiason,CIN,37920.0
1991,Brad Goebel,PHI,267.0
1992,Brad Goebel,CLE,299.0
1994,Brad Johnson,MIN,150.0
1995,Brad Johnson,MIN,422.0
1996,Brad Johnson,MIN,2680.0
1997,Brad Johnson,MIN,5716.0
1998,Brad Johnson,MIN,6463.0
1999,Brad Johnson,WAS,10468.0
2000,Brad Johnson,WAS,12973.0
2001,Brad Johnson,TB,16379.0
2002,Brad Johnson,TB,19428.0
2003,Brad Johnson,TB,23249.0
2004,Brad Johnson,TB,23923.0
2005,Brad Johnson,MIN,25808.0
2006,Brad Johnson,MIN,28558.0
2007,Brad Johnson,DAL,28637.0
2008,Brad Johnson,DAL,29064.0
2005,Bradlee Van Pelt,DEN,7.0
2007,Brady Quinn,CLE,45.0
2008,Brady Quinn,CLE,563.0
2009,Brady Quinn,CLE,1902.0
2012,Brady Quinn,KC,3043.0
2019,Brandon Allen,DEN,515.0
2020,Brandon Allen,CIN,1440.0
2021,Brandon Allen,CIN,1589.0
2022,Brandon Allen,CIN,1611.0
2024,Brandon Allen,SF,1810.0
2012,Brandon Weeden,CLE,3385.0
2013,Brandon Weeden,CLE,5116.0
2014,Brandon Weeden,DAL,5419.0
2015,Brandon Weeden,HOU,6462.0
2018,Brandon Weeden,HOU,6462.0
1987,Brent Pease,HOU,728.0
1988,Brent Pease,HOU,792.0
2006,Brett Basanez,CAR,56.0
1991,Brett Favre,ATL,0.0
1992,Brett Favre,GNB,3227.0
1993,Brett Favre,GNB,6530.0
1994,Brett Favre,GNB,10412.0
1995,Brett Favre,GNB,14825.0
1996,Brett Favre,GNB,18724.0
1997,Brett Favre,GNB,22591.0
1998,Brett Favre,GNB,26803.0
1999,Brett Favre,GB,30894.0
2000,Brett Favre,GB,34706.0
2001,Brett Favre,GB,38627.0
2002,Brett Favre,GB,42285.0
2003,Brett Favre,GB,45646.0
2004,Brett Favre,GB,49732.0
2005,Brett Favre,GB,53624.0
2006,Brett Favre,GB,57509.0
2007,Brett Favre,GB,61666.0
2008,Brett Favre,NYJ,65138.0
2009,Brett Favre,MIN,69340.0
2010,Brett Favre,MIN,71849.0
2016,Brett Hundley,GB,17.0
2017,Brett Hundley,GB,1853.0
2019,Brett Hundley,ARI,1902.0
2020,Brett Rypien,DEN,295.0
2021,Brett Rypien,DEN,295.0
2022,Brett Rypien,DEN,778.0
2023,Brett Rypien,LA,950.0
2009,Brian Brohm,BUF,146.0
2010,Brian Brohm,BUF,252.0
1972,Brian Dowling,NWE,383.0
1977,Brian Dowling,GNB,383.0
1998,Brian Griese,DEN,2.0
1999,Brian Griese,DEN,3034.0
2000,Brian Griese,DEN,5722.0
2001,Brian Griese,DEN,8549.0
2002,Brian Griese,DEN,11763.0
2003,Brian Griese,MIA,12576.0
2004,Brian Griese,TB,15208.0
2005,Brian Griese,TB,16344.0
2006,Brian Griese,CHI,16564.0
2007,Brian Griese,CHI,18367.0
2008,Brian Griese,TB,19440.0
2009,Brian Hoyer,NE,142.0
2010,Brian Hoyer,NE,264.0
2011,Brian Hoyer,NE,286.0
2012,Brian Hoyer,ARI,616.0
2013,Brian Hoyer,CLE,1231.0
2014,Brian Hoyer,CLE,4557.0
2015,Brian Hoyer,HOU,7163.0
2016,Brian Hoyer,CHI,8608.0
2017,Brian Hoyer,NE,9895.0
2018,Brian Hoyer,NE,9902.0
2019,Brian Hoyer,IND,10274.0
2020,Brian Hoyer,NE,10404.0
2021,Brian Hoyer,NE,10631.0
2022,Brian Hoyer,NE,10668.0
2023,Brian Hoyer,LV,10899.0
1987,Brian McClure,BUF,181.0
1974,Brian Sipe,CLE,603.0
1975,Brian Sipe,CLE,1030.0
1976,Brian Sipe,CLE,3143.0
1977,Brian Sipe,CLE,4376.0
1978,Brian Sipe,CLE,7282.0
1979,Brian Sipe,CLE,11075.0
1980,Brian Sipe,CLE,15207.0
1981,Brian Sipe,CLE,19083.0
1982,Brian Sipe,CLE,20147.0
1983,Brian Sipe,CLE,23713.0
2004,Brian St. Pierre,PIT,0.0
2009,Brian St. Pierre,ARI,12.0
2010,Brian St. Pierre,CAR,185.0
2007,Brock Berlin,LA,153.0
2008,Brock Berlin,LA,159.0
2000,Brock Huard,SEA,540.0
2001,Brock Huard,SEA,667.0
2003,Brock Huard,IND,689.0
2012,Brock Osweiler,DEN,12.0
2013,Brock Osweiler,DEN,107.0
2014,Brock Osweiler,DEN,159.0
2015,Brock Osweiler,DEN,2126.0
2016,Brock Osweiler,HOU,5083.0
2017,Brock Osweiler,DEN,6171.0
2018,Brock Osweiler,MIA,7418.0
2022,Brock Purdy,SF,1374.0
2023,Brock Purdy,SF,5654.0
2024,Brock Purdy,SF,9518.0
2006,Brodie Croyle,KC,23.0
2007,Brodie Croyle,KC,1250.0
2008,Brodie Croyle,KC,1401.0
2009,Brodie Croyle,KC,1631.0
2010,Brodie Croyle,KC,1669.0
2004,Brooks Bollinger,NYJ,60.0
2005,Brooks Bollinger,NYJ,1618.0
2006,Brooks Bollinger,MIN,1764.0
2007,Brooks Bollinger,MIN,2155.0
2008,Brooks Bollinger,DAL,2226.0
1991,Browning Nagle,NYJ,10.0
1992,Browning Nagle,NYJ,2290.0
1993,Browning Nagle,NYJ,2361.0
1994,Browning Nagle,IND,2430.0
1996,Browning Nagle,ATL,2489.0
2006,Bruce Gradkowski,TB,1661.0
2007,Bruce Gradkowski,TB,1791.0
2008,Bruce Gradkowski,CLE,1817.0
2009,Bruce Gradkowski,LV,2821.0
2010,Bruce Gradkowski,LV,3880.0
2011,Bruce Gradkowski,CIN,3989.0
2012,Bruce Gradkowski,CIN,4054.0
2014,Bruce Gradkowski,PIT,4054.0
1968,Bruce Lemmerman,ATL,40.0
1969,Bruce Lemmerman,ATL,370.0
1983,Bruce Mathison,SDG,41.0
1985,Bruce Mathison,BUF,1676.0
1987,Bruce Mathison,SEA,2177.0
2022,Bryce Perkins,LA,161.0
2016,Bryce Petty,NYJ,809.0
2017,Bryce Petty,NYJ,1353.0
2023,Bryce Young,CAR,2877.0
2024,Bryce Young,CAR,5280.0
1986,Bubby Brister,PIT,291.0
1987,Bubby Brister,PIT,311.0
1988,Bubby Brister,PIT,2945.0
1989,Bubby Brister,PIT,5310.0
1990,Bubby Brister,PIT,8035.0
1991,Bubby Brister,PIT,9385.0
1992,Bubby Brister,PIT,10104.0
1993,Bubby Brister,PHI,12009.0
1994,Bubby Brister,PHI,12516.0
1995,Bubby Brister,NYJ,13242.0
1997,Bubby Brister,DEN,13290.0
1998,Bubby Brister,DEN,14276.0
1999,Bubby Brister,DEN,14363.0
2000,Bubby Brister,MIN,14445.0
1992,Bucky Richardson,HOU,0.0
1993,Bucky Richardson,HOU,55.0
1994,Bucky Richardson,HOU,1257.0
1960,Buddy Humphrey,RAM,78.0
1961,Buddy Humphrey,DAL,94.0
1963,Buddy Humphrey,STL,190.0
1964,Buddy Humphrey,STL,190.0
1965,Buddy Humphrey,STL,926.0
2003,Byron Leftwich,JAX,2819.0
2004,Byron Leftwich,JAX,5760.0
2005,Byron Leftwich,JAX,7883.0
2006,Byron Leftwich,JAX,9041.0
2007,Byron Leftwich,ATL,9320.0
2008,Byron Leftwich,PIT,9623.0
2009,Byron Leftwich,TB,10217.0
2010,Byron Leftwich,PIT,10259.0
2012,Byron Leftwich,PIT,10531.0
2017,C.J. Beathard,SF,1430.0
2018,C.J. Beathard,SF,2682.0
2020,C.J. Beathard,SF,3469.0
2021,C.J. Beathard,JAX,3502.0
2022,C.J. Beathard,JAX,3537.0
2023,C.J. Beathard,JAX,3886.0
2023,C.J. Stroud,HOU,4108.0
2024,C.J. Stroud,HOU,7835.0
1999,Cade McNown,CHI,1465.0
2000,Cade McNown,CHI,3111.0
2009,Caleb Hanie,CHI,11.0
2010,Caleb Hanie,CHI,66.0
2011,Caleb Hanie,CHI,679.0
2024,Caleb Williams,CHI,3541.0
2011,Cam Newton,CAR,4051.0
2012,Cam Newton,CAR,7920.0
2013,Cam Newton,CAR,11299.0
2014,Cam Newton,CAR,14426.0
2015,Cam Newton,CAR,18263.0
2016,Cam Newton,CAR,21772.0
2017,Cam Newton,CAR,25074.0
2018,Cam Newton,CAR,28469.0
2019,Cam Newton,CAR,29041.0
2020,Cam Newton,NE,31698.0
2021,Cam Newton,CAR,32382.0
2016,Cardale Jones,BUF,96.0
1974,Carl Summerell,NYG,59.0
1975,Carl Summerell,NYG,157.0
1975,Carlos Brown,GNB,63.0
1976,Carlos Brown,GNB,396.0
2004,Carson Palmer,CIN,2897.0
2005,Carson Palmer,CIN,6733.0
2006,Carson Palmer,CIN,10769.0
2007,Carson Palmer,CIN,14899.0
2008,Carson Palmer,CIN,15635.0
2009,Carson Palmer,CIN,18729.0
2010,Carson Palmer,CIN,22699.0
2011,Carson Palmer,LV,25452.0
2012,Carson Palmer,LV,29470.0
2013,Carson Palmer,ARI,33744.0
2014,Carson Palmer,ARI,35370.0
2015,Carson Palmer,ARI,40041.0
2016,Carson Palmer,ARI,44274.0
2017,Carson Palmer,ARI,46252.0
2016,Carson Wentz,PHI,3782.0
2017,Carson Wentz,PHI,7078.0
2018,Carson Wentz,PHI,10152.0
2019,Carson Wentz,PHI,14191.0
2020,Carson Wentz,PHI,16811.0
2021,Carson Wentz,IND,20374.0
2022,Carson Wentz,WAS,22129.0
2023,Carson Wentz,LA,22292.0
2024,Carson Wentz,KC,22410.0
1992,Cary Conklin,WAS,16.0
1993,Cary Conklin,WAS,512.0
1995,Cary Conklin,SFO,560.0
2013,Case Keenum,HOU,1760.0
2014,Case Keenum,HOU,2195.0
2015,Case Keenum,LA,3023.0
2016,Case Keenum,LA,5224.0
2017,Case Keenum,MIN,8771.0
2018,Case Keenum,DEN,12661.0
2019,Case Keenum,WAS,14368.0
2020,Case Keenum,CLE,14414.0
2021,Case Keenum,CLE,14876.0
2022,Case Keenum,BUF,14884.0
2023,Case Keenum,HOU,15175.0
1993,Casey Weldon,TAM,55.0
1994,Casey Weldon,TAM,118.0
1995,Casey Weldon,TAM,637.0
1996,Casey Weldon,TAM,713.0
1999,Casey Weldon,WAS,713.0
2008,Chad Henne,MIA,67.0
2009,Chad Henne,MIA,2945.0
2010,Chad Henne,MIA,6243.0
2011,Chad Henne,MIA,7111.0
2012,Chad Henne,JAX,9195.0
2013,Chad Henne,JAX,12436.0
2014,Chad Henne,JAX,12928.0
2016,Chad Henne,JAX,12928.0
2017,Chad Henne,JAX,12928.0
2018,Chad Henne,KC,12957.0
2020,Chad Henne,KC,13205.0
2021,Chad Henne,KC,13287.0
2022,Chad Henne,KC,13287.0
2002,Chad Hutchinson,DAL,1555.0
2003,Chad Hutchinson,DAL,1563.0
2004,Chad Hutchinson,CHI,2466.0
2018,Chad Kelly,DEN,0.0
2000,Chad Pennington,NYJ,67.0
2001,Chad Pennington,NYJ,159.0
2002,Chad Pennington,NYJ,3279.0
2003,Chad Pennington,NYJ,5418.0
2004,Chad Pennington,NYJ,8091.0
2005,Chad Pennington,NYJ,8621.0
2006,Chad Pennington,NYJ,11973.0
2007,Chad Pennington,NYJ,13739.0
2008,Chad Pennington,MIA,17392.0
2009,Chad Pennington,MIA,17805.0
2010,Chad Pennington,MIA,17824.0
1961,Charley Johnson,STL,51.0
1962,Charley Johnson,STL,2491.0
1963,Charley Johnson,STL,5771.0
1964,Charley Johnson,STL,8816.0
1965,Charley Johnson,STL,11255.0
1966,Charley Johnson,STL,12589.0
1967,Charley Johnson,STL,12751.0
1968,Charley Johnson,STL,13081.0
1969,Charley Johnson,STL,14928.0
1970,Charley Johnson,HOU,16580.0
1971,Charley Johnson,HOU,17172.0
1972,Charley Johnson,DEN,18955.0
1973,Charley Johnson,DEN,21420.0
1974,Charley Johnson,DEN,23389.0
1975,Charley Johnson,DEN,24410.0
1952,Charley Trippi,CRD,890.0
1998,Charlie Batch,DET,2178.0
1999,Charlie Batch,DET,4135.0
2000,Charlie Batch,DET,6624.0
2001,Charlie Batch,DET,9016.0
2003,Charlie Batch,PIT,9063.0
2005,Charlie Batch,PIT,9309.0
2006,Charlie Batch,PIT,9786.0
2007,Charlie Batch,PIT,10018.0
2009,Charlie Batch,PIT,10035.0
2010,Charlie Batch,PIT,10387.0
2011,Charlie Batch,PIT,10595.0
2012,Charlie Batch,PIT,11070.0
1955,Charlie Brackins,GNB,0.0
1950,Charlie Conerly,NYG,1000.0
1951,Charlie Conerly,NYG,2000.0
1952,Charlie Conerly,NYG,3090.0
1953,Charlie Conerly,NYG,4801.0
1954,Charlie Conerly,NYG,6240.0
1955,Charlie Conerly,NYG,7550.0
1956,Charlie Conerly,NYG,8693.0
1957,Charlie Conerly,NYG,10405.0
1958,Charlie Conerly,NYG,11604.0
1959,Charlie Conerly,NYG,13310.0
1960,Charlie Conerly,NYG,14264.0
1961,Charlie Conerly,NYG,14898.0
2005,Charlie Frye,CLE,1002.0
2006,Charlie Frye,CLE,3451.0
2007,Charlie Frye,CLE,3485.0
2008,Charlie Frye,SEA,3568.0
2009,Charlie Frye,LV,4149.0
2006,Charlie Whitehurst,LAC,0.0
2010,Charlie Whitehurst,SEA,507.0
2011,Charlie Whitehurst,SEA,805.0
2013,Charlie Whitehurst,LAC,805.0
2014,Charlie Whitehurst,TEN,2131.0
2015,Charlie Whitehurst,IND,2281.0
2016,Charlie Whitehurst,CLE,2463.0
2010,Chase Daniel,NO,16.0
2011,Chase Daniel,NO,45.0
2012,Chase Daniel,NO,55.0
2013,Chase Daniel,KC,303.0
2014,Chase Daniel,KC,460.0
2015,Chase Daniel,KC,464.0
2016,Chase Daniel,PHI,480.0
2017,Chase Daniel,NO,480.0
2018,Chase Daniel,CHI,995.0
2019,Chase Daniel,CHI,1430.0
2020,Chase Daniel,DET,1694.0
2021,Chase Daniel,LAC,1694.0
2022,Chase Daniel,LAC,1746.0
1988,Chris Chandler,IND,1619.0
1989,Chris Chandler,IND,2156.0
1990,Chris Chandler,TAM,2620.0
1991,Chris Chandler,2TM,3466.0
1991,Chris Chandler,TAM,4023.0
1991,Chris Chandler,PHO,4312.0
1992,Chris Chandler,PHO,7144.0
1993,Chris Chandler,PHO,7615.0
1994,Chris Chandler,RAM,8967.0
1995,Chris Chandler,HOU,11427.0
1996,Chris Chandler,HOU,13526.0
1997,Chris Chandler,ATL,16218.0
1998,Chris Chandler,ATL,19372.0
1999,Chris Chandler,ATL,21711.0
2000,Chris Chandler,ATL,23947.0
2001,Chris Chandler,ATL,26794.0
2002,Chris Chandler,CHI,27817.0
2003,Chris Chandler,CHI,28867.0
2004,Chris Chandler,LA,29327.0
1999,Chris Greisen,ARI,4.0
2000,Chris Greisen,ARI,69.0
1987,Chris Miller,ATL,552.0
1988,Chris Miller,ATL,2685.0
1989,Chris Miller,ATL,6144.0
1990,Chris Miller,ATL,8879.0
1991,Chris Miller,ATL,11982.0
1992,Chris Miller,ATL,13721.0
1993,Chris Miller,ATL,14066.0
1994,Chris Miller,RAM,16170.0
1995,Chris Miller,STL,18793.0
1999,Chris Miller,DEN,19320.0
2024,Chris Oladokun,KC,0.0
2000,Chris Redman,BAL,19.0
2002,Chris Redman,BAL,1053.0
2003,Chris Redman,BAL,1111.0
2007,Chris Redman,ATL,2190.0
2009,Chris Redman,ATL,2971.0
2010,Chris Redman,ATL,2991.0
2011,Chris Redman,ATL,3179.0
2004,Chris Simms,TB,467.0
2005,Chris Simms,TB,2502.0
2006,Chris Simms,TB,3087.0
2008,Chris Simms,TEN,3094.0
2009,Chris Simms,DEN,3117.0
2020,Chris Streveler,ARI,105.0
2021,Chris Streveler,ARI,141.0
2022,Chris Streveler,NYJ,231.0
2001,Chris Weinke,CAR,2931.0
2002,Chris Weinke,CAR,3111.0
2005,Chris Weinke,CAR,3175.0
2006,Chris Weinke,CAR,3800.0
2007,Chris Weinke,SF,3904.0
2011,Christian Ponder,MIN,1853.0
2012,Christian Ponder,MIN,4788.0
2013,Christian Ponder,MIN,6436.0
2014,Christian Ponder,MIN,6658.0
1980,Chuck Fusina,TAM,18.0
1981,Chuck Fusina,TAM,20.0
1986,Chuck Fusina,GNB,198.0
1986,Chuck Long,DET,247.0
1987,Chuck Long,DET,2845.0
1988,Chuck Long,DET,3701.0
1989,Chuck Long,DET,3743.0
1990,Chuck Long,RAM,3747.0
2023,Clayton Tune,ARI,62.0
2024,Clayton Tune,ARI,70.0
2006,Cleo Lemon,MIA,412.0
2007,Cleo Lemon,MIA,2185.0
2008,Cleo Lemon,JAX,2185.0
1977,Cliff Olander,SDG,76.0
1978,Cliff Olander,SDG,125.0
1980,Cliff Stoudt,PIT,493.0
1981,Cliff Stoudt,PIT,510.0
1982,Cliff Stoudt,PIT,664.0
1983,Cliff Stoudt,PIT,3217.0
1986,Cliff Stoudt,STL,3759.0
1987,Cliff Stoudt,STL,3759.0
1988,Cliff Stoudt,PHO,4506.0
1974,Clint Longley,DAL,209.0
1975,Clint Longley,DAL,311.0
1976,Clint Longley,SDG,441.0
2000,Clint Stoerner,DAL,53.0
2001,Clint Stoerner,DAL,367.0
1988,Cody Carlson,HOU,775.0
1989,Cody Carlson,HOU,930.0
1990,Cody Carlson,HOU,1313.0
1991,Cody Carlson,HOU,1427.0
1992,Cody Carlson,HOU,3137.0
1993,Cody Carlson,HOU,3742.0
1994,Cody Carlson,HOU,4469.0
2016,Cody Kessler,CLE,1380.0
2017,Cody Kessler,CLE,1506.0
2018,Cody Kessler,JAX,2215.0
2004,Cody Pickett,SF,55.0
2005,Cody Pickett,SF,195.0
2011,Colin Kaepernick,SF,35.0
2012,Colin Kaepernick,SF,1849.0
2013,Colin Kaepernick,SF,5046.0
2014,Colin Kaepernick,SF,8415.0
2015,Colin Kaepernick,SF,10030.0
2016,Colin Kaepernick,SF,12271.0
2010,Colt McCoy,CLE,1576.0
2011,Colt McCoy,CLE,4309.0
2012,Colt McCoy,CLE,4388.0
2013,Colt McCoy,SF,4401.0
2014,Colt McCoy,WAS,5458.0
2015,Colt McCoy,WAS,5586.0
2018,Colt McCoy,WAS,5958.0
2019,Colt McCoy,WAS,6080.0
2020,Colt McCoy,NYG,6455.0
2021,Colt McCoy,ARI,7195.0
2022,Colt McCoy,ARI,7975.0
2016,Connor Cook,LV,150.0
2014,Connor Shaw,CLE,177.0
2017,Cooper Rush,DAL,2.0
2021,Cooper Rush,DAL,424.0
2022,Cooper Rush,DAL,1475.0
2023,Cooper Rush,DAL,1619.0
2024,Cooper Rush,DAL,3463.0
2002,Cory Sauter,CHI,59.0
1954,Cotton Davidson,BAL,309.0
1957,Cotton Davidson,BAL,309.0
1992,Craig Erickson,TAM,121.0
1993,Craig Erickson,TAM,3175.0
1994,Craig Erickson,TAM,6094.0
1995,Craig Erickson,IND,6680.0
1996,Craig Erickson,MIA,7460.0
1997,Craig Erickson,MIA,7625.0
2004,Craig Krenzel,CHI,718.0
1991,Craig Kupp,PHO,23.0
1965,Craig Morton,DAL,173.0
1966,Craig Morton,DAL,398.0
1967,Craig Morton,DAL,1376.0
1968,Craig Morton,DAL,2128.0
1969,Craig Morton,DAL,4747.0
1970,Craig Morton,DAL,6566.0
1971,Craig Morton,DAL,7697.0
1972,Craig Morton,DAL,10093.0
1973,Craig Morton,DAL,10267.0
1974,Craig Morton,2TM,11789.0
1974,Craig Morton,DAL,11801.0
1974,Craig Morton,NYG,13311.0
1975,Craig Morton,NYG,15670.0
1976,Craig Morton,NYG,17535.0
1977,Craig Morton,DEN,19464.0
1978,Craig Morton,DEN,21266.0
1979,Craig Morton,DEN,23892.0
1980,Craig Morton,DEN,26042.0
1981,Craig Morton,DEN,29237.0
1982,Craig Morton,DEN,29430.0
2004,Craig Nall,GB,314.0
2007,Craig Nall,GB,402.0
1976,Craig Penrose,DEN,265.0
1977,Craig Penrose,DEN,482.0
1978,Craig Penrose,DEN,667.0
1979,Craig Penrose,DEN,711.0
1997,Craig Whelihan,SDG,1357.0
1998,Craig Whelihan,SDG,3160.0
2009,Curtis Painter,IND,83.0
2011,Curtis Painter,IND,1624.0
2013,Curtis Painter,NYG,1681.0
2016,Dak Prescott,DAL,3667.0
2017,Dak Prescott,DAL,6991.0
2018,Dak Prescott,DAL,10876.0
2019,Dak Prescott,DAL,15778.0
2020,Dak Prescott,DAL,17634.0
2021,Dak Prescott,DAL,22083.0
2022,Dak Prescott,DAL,24943.0
2023,Dak Prescott,DAL,29459.0
2024,Dak Prescott,DAL,31437.0
2000,Dameyune Craig,CAR,0.0
2001,Dameyune Craig,CAR,34.0
1998,Damon Huard,MIA,85.0
1999,Damon Huard,MIA,1373.0
2000,Damon Huard,MIA,1691.0
2002,Damon Huard,NE,1691.0
2003,Damon Huard,NE,1691.0
2006,Damon Huard,KC,3569.0
2007,Damon Huard,KC,5826.0
2008,Damon Huard,KC,6303.0
1970,Dan Darragh,BUF,71.0
1973,Dan Fouts,SDG,1126.0
1974,Dan Fouts,SDG,2858.0
1975,Dan Fouts,SDG,4254.0
1976,Dan Fouts,SDG,6789.0
1977,Dan Fouts,SDG,7658.0
1978,Dan Fouts,SDG,10657.0
1979,Dan Fouts,SDG,14739.0
1980,Dan Fouts,SDG,19454.0
1981,Dan Fouts,SDG,24256.0
1982,Dan Fouts,SDG,27139.0
1983,Dan Fouts,SDG,30114.0
1984,Dan Fouts,SDG,33854.0
1985,Dan Fouts,SDG,37492.0
1986,Dan Fouts,SDG,40523.0
1987,Dan Fouts,SDG,43040.0
1980,Dan Manucci,BUF,64.0
1987,Dan Manucci,BUF,132.0
1983,Dan Marino,MIA,2210.0
1984,Dan Marino,MIA,7294.0
1985,Dan Marino,MIA,11431.0
1986,Dan Marino,MIA,16177.0
1987,Dan Marino,MIA,19422.0
1988,Dan Marino,MIA,23856.0
1989,Dan Marino,MIA,27853.0
1990,Dan Marino,MIA,31416.0
1991,Dan Marino,MIA,35386.0
1992,Dan Marino,MIA,39502.0
1993,Dan Marino,MIA,40720.0
1994,Dan Marino,MIA,45173.0
1995,Dan Marino,MIA,48841.0
1996,Dan Marino,MIA,51636.0
1997,Dan Marino,MIA,55416.0
1998,Dan Marino,MIA,58913.0
1999,Dan Marino,MIA,61361.0
1991,Dan McGwire,SEA,27.0
1992,Dan McGwire,SEA,143.0
1993,Dan McGwire,SEA,167.0
1994,Dan McGwire,SEA,745.0
1995,Dan McGwire,MIA,745.0
2005,Dan Orlovsky,DET,63.0
2008,Dan Orlovsky,DET,1679.0
2011,Dan Orlovsky,IND,2880.0
2012,Dan Orlovsky,TB,2931.0
2015,Dan Orlovsky,DET,3132.0
1971,Dan Pastorini,HOU,1702.0
1972,Dan Pastorini,HOU,3413.0
1973,Dan Pastorini,HOU,4895.0
1974,Dan Pastorini,HOU,6466.0
1975,Dan Pastorini,HOU,8519.0
1976,Dan Pastorini,HOU,10314.0
1977,Dan Pastorini,HOU,12301.0
1978,Dan Pastorini,HOU,14774.0
1979,Dan Pastorini,HOU,16864.0
1980,Dan Pastorini,OAK,17796.0
1981,Dan Pastorini,RAM,18515.0
1983,Dan Pastorini,PHI,18515.0
2019,Daniel Jones,NYG,3027.0
2020,Daniel Jones,NYG,5970.0
2021,Daniel Jones,NYG,8398.0
2022,Daniel Jones,NYG,11603.0
2023,Daniel Jones,NYG,12512.0
2024,Daniel Jones,NYG,14582.0
1996,Danny Kanell,NYG,227.0
1997,Danny Kanell,NYG,1967.0
1998,Danny Kanell,NYG,3570.0
1999,Danny Kanell,ATL,4163.0
2000,Danny Kanell,ATL,4687.0
2003,Danny Kanell,DEN,5129.0
1980,Danny White,DAL,3287.0
1981,Danny White,DAL,6385.0
1982,Danny White,DAL,8464.0
1983,Danny White,DAL,12444.0
1984,Danny White,DAL,14024.0
1985,Danny White,DAL,17181.0
1986,Danny White,DAL,18338.0
1987,Danny White,DAL,20955.0
1988,Danny White,DAL,21229.0
1997,Danny Wuerffel,NOR,518.0
1998,Danny Wuerffel,NOR,1213.0
1999,Danny Wuerffel,NO,1404.0
2000,Danny Wuerffel,GB,1404.0
2001,Danny Wuerffel,CHI,1404.0
2002,Danny Wuerffel,WAS,2123.0
1970,Daryle Lamonica,OAK,2516.0
1971,Daryle Lamonica,OAK,4233.0
1972,Daryle Lamonica,OAK,6231.0
1973,Daryle Lamonica,OAK,6845.0
1974,Daryle Lamonica,OAK,6880.0
1999,Daunte Culpepper,MIN,0.0
2000,Daunte Culpepper,MIN,3937.0
2001,Daunte Culpepper,MIN,6549.0
2002,Daunte Culpepper,MIN,10402.0
2003,Daunte Culpepper,MIN,13881.0
2004,Daunte Culpepper,MIN,18598.0
2005,Daunte Culpepper,MIN,20162.0
2006,Daunte Culpepper,MIA,21091.0
2007,Daunte Culpepper,LV,22423.0
2008,Daunte Culpepper,DET,23209.0
2009,Daunte Culpepper,DET,24154.0
1995,Dave Barr,STL,42.0
1992,Dave Brown,NYG,21.0
1994,Dave Brown,NYG,2557.0
1995,Dave Brown,NYG,5371.0
1996,Dave Brown,NYG,7783.0
1997,Dave Brown,NYG,8806.0
1998,Dave Brown,ARI,8837.0
1999,Dave Brown,ARI,9781.0
2000,Dave Brown,ARI,10248.0
1980,Dave Krieg,SEA,0.0
1981,Dave Krieg,SEA,843.0
1982,Dave Krieg,SEA,1344.0
1983,Dave Krieg,SEA,3483.0
1984,Dave Krieg,SEA,7154.0
1985,Dave Krieg,SEA,10756.0
1986,Dave Krieg,SEA,13677.0
1987,Dave Krieg,SEA,15808.0
1988,Dave Krieg,SEA,17549.0
1989,Dave Krieg,SEA,20858.0
1990,Dave Krieg,SEA,24052.0
1991,Dave Krieg,SEA,26132.0
1992,Dave Krieg,KAN,29247.0
1993,Dave Krieg,KAN,30485.0
1994,Dave Krieg,DET,32114.0
1995,Dave Krieg,ARI,35668.0
1996,Dave Krieg,CHI,37946.0
1997,Dave Krieg,TEN,37948.0
1998,Dave Krieg,TEN,38147.0
1970,Dave Lewis,CIN,39.0
1976,Dave Mays,CLE,101.0
1977,Dave Mays,CLE,898.0
1978,Dave Mays,BUF,937.0
2003,Dave Ragone,HOU,135.0
1987,Dave Walter,CIN,113.0
1981,Dave Wilson,NOR,1058.0
1983,Dave Wilson,NOR,1828.0
1984,Dave Wilson,NOR,2475.0
1985,Dave Wilson,NOR,4318.0
1986,Dave Wilson,NOR,6671.0
1987,Dave Wilson,NOR,6914.0
1988,Dave Wilson,NOR,6987.0
1984,David Archer,ATL,181.0
1985,David Archer,ATL,2173.0
1986,David Archer,ATL,4180.0
1987,David Archer,ATL,4275.0
1988,David Archer,WAS,4275.0
1989,David Archer,SDG,4337.0
2019,David Blough,DET,984.0
2020,David Blough,DET,1033.0
2021,David Blough,DET,1033.0
2022,David Blough,ARI,1435.0
2002,David Carr,HOU,2592.0
2003,David Carr,HOU,4605.0
2004,David Carr,HOU,8144.0
2005,David Carr,HOU,10632.0
2006,David Carr,HOU,13397.0
2007,David Carr,CAR,14032.0
2008,David Carr,NYG,14147.0
2009,David Carr,NYG,14372.0
2010,David Carr,SF,14439.0
2012,David Carr,NYG,14458.0
2016,David Fales,CHI,22.0
2017,David Fales,MIA,287.0
2019,David Fales,NYJ,287.0
2002,David Garrard,JAC,231.0
2003,David Garrard,JAX,317.0
2004,David Garrard,JAX,691.0
2005,David Garrard,JAX,1808.0
2006,David Garrard,JAX,3543.0
2007,David Garrard,JAX,6052.0
2008,David Garrard,JAX,9672.0
2009,David Garrard,JAX,13269.0
2010,David Garrard,JAX,16003.0
1975,David Humm,OAK,246.0
1976,David Humm,OAK,287.0
1978,David Humm,OAK,438.0
1980,David Humm,BUF,477.0
1981,David Humm,BAL,567.0
1982,David Humm,BAL,697.0
1984,David Humm,RAI,753.0
1974,David Jaynes,KAN,0.0
1992,David Klingler,CIN,530.0
1993,David Klingler,CIN,2465.0
1994,David Klingler,CIN,3792.0
1995,David Klingler,CIN,3880.0
1996,David Klingler,OAK,3967.0
1997,David Klingler,OAK,3994.0
1987,David Norrie,NYJ,376.0
1977,David Whitehurst,GNB,634.0
1978,David Whitehurst,GNB,2727.0
1979,David Whitehurst,GNB,4974.0
1980,David Whitehurst,GNB,5029.0
1981,David Whitehurst,GNB,5821.0
1982,David Whitehurst,GNB,6056.0
1983,David Whitehurst,GNB,6205.0
1980,David Woodley,MIA,1850.0
1981,David Woodley,MIA,4320.0
1982,David Woodley,MIA,5400.0
1983,David Woodley,MIA,5928.0
1984,David Woodley,PIT,7201.0
1985,David Woodley,PIT,8558.0
2021,Davis Mills,HOU,2664.0
2022,Davis Mills,HOU,5782.0
2023,Davis Mills,HOU,5955.0
2024,Davis Mills,HOU,6167.0
2021,Davis Webb,BUF,0.0
2022,Davis Webb,NYG,168.0
2017,DeShone Kizer,CLE,2894.0
2018,DeShone Kizer,GB,3081.0
1974,Dean Carlson,KAN,116.0
1984,Dean May,PHI,33.0
1987,Dean May,DEN,33.0
1965,Dennis Claridge,GNB,13.0
1966,Dennis Claridge,ATL,484.0
2008,Dennis Dixon,PIT,3.0
2009,Dennis Dixon,PIT,148.0
2010,Dennis Dixon,PIT,402.0
1974,Dennis Morrison,SFO,227.0
1970,Dennis Shaw,BUF,2507.0
1971,Dennis Shaw,BUF,4320.0
1972,Dennis Shaw,BUF,5986.0
1973,Dennis Shaw,BUF,6286.0
1975,Dennis Shaw,STL,6347.0
1978,Dennis Sproul,GNB,87.0
2006,Derek Anderson,CLE,793.0
2007,Derek Anderson,CLE,4579.0
2008,Derek Anderson,CLE,6194.0
2009,Derek Anderson,CLE,7082.0
2010,Derek Anderson,ARI,9147.0
2011,Derek Anderson,CAR,9147.0
2012,Derek Anderson,CAR,9205.0
2013,Derek Anderson,CAR,9205.0
2014,Derek Anderson,CAR,9906.0
2015,Derek Anderson,CAR,9942.0
2016,Derek Anderson,CAR,10395.0
2017,Derek Anderson,CAR,10412.0
2018,Derek Anderson,BUF,10877.0
2014,Derek Carr,LV,3270.0
2015,Derek Carr,LV,7257.0
2016,Derek Carr,LV,11194.0
2017,Derek Carr,LV,14690.0
2018,Derek Carr,LV,18739.0
2019,Derek Carr,LV,22793.0
2020,Derek Carr,LV,26896.0
2021,Derek Carr,LV,31700.0
2022,Derek Carr,LV,35222.0
2023,Derek Carr,NO,39100.0
2024,Derek Carr,NO,41245.0
2017,Deshaun Watson,HOU,1699.0
2018,Deshaun Watson,HOU,5864.0
2019,Deshaun Watson,HOU,9716.0
2020,Deshaun Watson,HOU,14539.0
2022,Deshaun Watson,CLE,15641.0
2023,Deshaun Watson,CLE,16756.0
2024,Deshaun Watson,CLE,17904.0
2022,Desmond Ridder,ATL,708.0
2023,Desmond Ridder,ATL,3544.0
2024,Desmond Ridder,LV,4002.0
2019,Devlin Hodges,PIT,1063.0
1953,Dick Flowers,BAL,18.0
1964,Dick Shiner,WAS,0.0
1965,Dick Shiner,WAS,470.0
1966,Dick Shiner,WAS,470.0
1967,Dick Shiner,CLE,504.0
1968,Dick Shiner,PIT,2360.0
1969,Dick Shiner,PIT,3782.0
1970,Dick Shiner,NYG,3869.0
1971,Dick Shiner,ATL,4332.0
1973,Dick Shiner,2TM,4764.0
1973,Dick Shiner,ATL,5165.0
1973,Dick Shiner,NWE,5196.0
1974,Dick Shiner,NWE,5233.0
1985,Dieter Brock,RAM,2658.0
2013,Dominique Davis,ATL,34.0
1970,Don Gault,CLE,67.0
1954,Don Heinrich,NYG,56.0
1955,Don Heinrich,NYG,469.0
1956,Don Heinrich,NYG,838.0
1957,Don Heinrich,NYG,1062.0
1958,Don Heinrich,NYG,1431.0
1959,Don Heinrich,NYG,1760.0
1960,Don Heinrich,DAL,2131.0
1967,Don Horn,GNB,171.0
1968,Don Horn,GNB,358.0
1969,Don Horn,GNB,1863.0
1970,Don Horn,GNB,2291.0
1971,Don Horn,DEN,3347.0
1973,Don Horn,CLE,3369.0
1952,Don Klosterman,RAM,47.0
1987,Don Majkowski,GNB,875.0
1988,Don Majkowski,GNB,2994.0
1989,Don Majkowski,GNB,7312.0
1990,Don Majkowski,GNB,9237.0
1991,Don Majkowski,GNB,10599.0
1992,Don Majkowski,GNB,10870.0
1993,Don Majkowski,IND,10975.0
1994,Don Majkowski,IND,11985.0
1995,Don Majkowski,DET,12146.0
1996,Don Majkowski,DET,12700.0
1960,Don Meredith,DAL,281.0
1961,Don Meredith,DAL,1442.0
1962,Don Meredith,DAL,3121.0
1963,Don Meredith,DAL,5502.0
1964,Don Meredith,DAL,7645.0
1965,Don Meredith,DAL,10060.0
1966,Don Meredith,DAL,12865.0
1967,Don Meredith,DAL,14699.0
1968,Don Meredith,DAL,17199.0
1975,Don Milan,GNB,181.0
1952,Don Panciera,CRD,582.0
1975,Don Strock,MIA,230.0
1976,Don Strock,MIA,589.0
1977,Don Strock,MIA,601.0
1978,Don Strock,MIA,1426.0
1979,Don Strock,MIA,2256.0
1980,Don Strock,MIA,2569.0
1981,Don Strock,MIA,3470.0
1982,Don Strock,MIA,3776.0
1983,Don Strock,MIA,4179.0
1984,Don Strock,MIA,4206.0
1985,Don Strock,MIA,4347.0
1986,Don Strock,MIA,4499.0
1987,Don Strock,MIA,4613.0
1988,Don Strock,CLE,5349.0
1991,Donald Hollas,CIN,310.0
1992,Donald Hollas,CIN,645.0
1994,Donald Hollas,CIN,645.0
1998,Donald Hollas,OAK,2399.0
1999,Donovan McNabb,PHI,948.0
2000,Donovan McNabb,PHI,4313.0
2001,Donovan McNabb,PHI,7546.0
2002,Donovan McNabb,PHI,9835.0
2003,Donovan McNabb,PHI,13058.0
2004,Donovan McNabb,PHI,16933.0
2005,Donovan McNabb,PHI,19440.0
2006,Donovan McNabb,PHI,22052.0
2007,Donovan McNabb,PHI,25376.0
2008,Donovan McNabb,PHI,29290.0
2009,Donovan McNabb,PHI,32843.0
2010,Donovan McNabb,WAS,36220.0
2011,Donovan McNabb,MIN,37246.0
2023,Dorian Thompson-Robinson,CLE,440.0
2024,Dorian Thompson-Robinson,CLE,880.0
1986,Doug Flutie,CHI,361.0
1987,Doug Flutie,NWE,560.0
1988,Doug Flutie,NWE,1710.0
1989,Doug Flutie,NWE,2203.0
1998,Doug Flutie,BUF,4914.0
1999,Doug Flutie,BUF,8085.0
2000,Doug Flutie,BUF,9741.0
2001,Doug Flutie,SD,13205.0
2002,Doug Flutie,SD,13269.0
2003,Doug Flutie,LAC,14366.0
2004,Doug Flutie,LAC,14642.0
2005,Doug Flutie,NE,14671.0
1986,Doug Gaynor,CIN,30.0
1987,Doug Hudson,KAN,0.0
2000,Doug Johnson,ATL,406.0
2001,Doug Johnson,ATL,429.0
2002,Doug Johnson,ATL,877.0
2003,Doug Johnson,ATL,2532.0
2004,Doug Johnson,TEN,2600.0
1996,Doug Nussmeier,NOR,272.0
1997,Doug Nussmeier,NOR,455.0
1993,Doug Pederson,MIA,41.0
1998,Doug Pederson,GNB,169.0
1999,Doug Pederson,PHI,1445.0
2000,Doug Pederson,CLE,2492.0
2001,Doug Pederson,GB,2492.0
2002,Doug Pederson,GB,2626.0
2003,Doug Pederson,GB,2642.0
2004,Doug Pederson,GB,2762.0
1978,Doug Williams,TAM,1170.0
1979,Doug Williams,TAM,3618.0
1980,Doug Williams,TAM,7014.0
1981,Doug Williams,TAM,10577.0
1982,Doug Williams,TAM,12648.0
1986,Doug Williams,WAS,12648.0
1987,Doug Williams,WAS,13804.0
1988,Doug Williams,WAS,16413.0
1989,Doug Williams,WAS,16998.0
2024,Drake Maye,NE,2276.0
1993,Drew Bledsoe,NWE,2494.0
1994,Drew Bledsoe,NWE,7049.0
1995,Drew Bledsoe,NWE,10556.0
1996,Drew Bledsoe,NWE,14642.0
1997,Drew Bledsoe,NWE,18348.0
1998,Drew Bledsoe,NWE,21981.0
1999,Drew Bledsoe,NE,25966.0
2000,Drew Bledsoe,NE,29257.0
2001,Drew Bledsoe,NE,29657.0
2002,Drew Bledsoe,BUF,34016.0
2003,Drew Bledsoe,BUF,36876.0
2004,Drew Bledsoe,BUF,39808.0
2005,Drew Bledsoe,DAL,43447.0
2006,Drew Bledsoe,DAL,44611.0
2001,Drew Brees,SD,221.0
2002,Drew Brees,SD,3505.0
2003,Drew Brees,LAC,5613.0
2004,Drew Brees,LAC,8772.0
2005,Drew Brees,LAC,12348.0
2006,Drew Brees,NO,16772.0
2007,Drew Brees,NO,21200.0
2008,Drew Brees,NO,26269.0
2009,Drew Brees,NO,30657.0
2010,Drew Brees,NO,35277.0
2011,Drew Brees,NO,40812.0
2012,Drew Brees,NO,45989.0
2013,Drew Brees,NO,51151.0
2014,Drew Brees,NO,56103.0
2015,Drew Brees,NO,60973.0
2016,Drew Brees,NO,66181.0
2017,Drew Brees,NO,70515.0
2018,Drew Brees,NO,74507.0
2019,Drew Brees,NO,77486.0
2020,Drew Brees,NO,80428.0
2004,Drew Henson,DAL,78.0
2008,Drew Henson,DET,98.0
2019,Drew Lock,DEN,1020.0
2020,Drew Lock,DEN,3953.0
2021,Drew Lock,DEN,4740.0
2023,Drew Lock,SEA,5283.0
2024,Drew Lock,NYG,6354.0
2008,Drew Stanton,DET,119.0
2009,Drew Stanton,DET,378.0
2010,Drew Stanton,DET,1158.0
2014,Drew Stanton,ARI,2869.0
2015,Drew Stanton,ARI,2973.0
2016,Drew Stanton,ARI,3165.0
2017,Drew Stanton,ARI,4059.0
2019,Dwayne Haskins,WAS,1365.0
2020,Dwayne Haskins,WAS,2804.0
2013,EJ Manuel,BUF,1972.0
2014,EJ Manuel,BUF,2810.0
2015,EJ Manuel,BUF,3371.0
2016,EJ Manuel,BUF,3502.0
2017,EJ Manuel,LV,3767.0
1959,Eagle Day,WAS,79.0
1960,Eagle Day,WAS,194.0
1956,Earl Morrall,SFO,621.0
1957,Earl Morrall,PIT,2521.0
1958,Earl Morrall,2TM,2984.0
1958,Earl Morrall,PIT,3259.0
1958,Earl Morrall,DET,3447.0
1959,Earl Morrall,DET,4549.0
1960,Earl Morrall,DET,4972.0
1961,Earl Morrall,DET,5881.0
1962,Earl Morrall,DET,6330.0
1963,Earl Morrall,DET,8951.0
1964,Earl Morrall,DET,9539.0
1965,Earl Morrall,NYG,11985.0
1966,Earl Morrall,NYG,13090.0
1967,Earl Morrall,NYG,13271.0
1968,Earl Morrall,BAL,16180.0
1969,Earl Morrall,BAL,16935.0
1970,Earl Morrall,BAL,17727.0
1971,Earl Morrall,BAL,18937.0
1972,Earl Morrall,MIA,20297.0
1973,Earl Morrall,MIA,20550.0
1974,Earl Morrall,MIA,20851.0
1975,Earl Morrall,MIA,21124.0
1976,Earl Morrall,MIA,21272.0
2020,Easton Stick,LAC,4.0
2023,Easton Stick,LAC,1133.0
1972,Ed Baker,HOU,47.0
1954,Ed Brown,CHI,283.0
1955,Ed Brown,CHI,1590.0
1956,Ed Brown,CHI,3257.0
1957,Ed Brown,CHI,4578.0
1958,Ed Brown,CHI,5996.0
1959,Ed Brown,CHI,7877.0
1960,Ed Brown,CHI,8956.0
1961,Ed Brown,CHI,9698.0
1962,Ed Brown,PIT,10424.0
1963,Ed Brown,PIT,13406.0
1964,Ed Brown,PIT,15396.0
1965,Ed Brown,2TM,15600.0
1965,Ed Brown,PIT,15723.0
1965,Ed Brown,BAL,15804.0
1980,Ed Luther,SDG,26.0
1981,Ed Luther,SDG,94.0
1982,Ed Luther,SDG,149.0
1983,Ed Luther,SDG,2024.0
1984,Ed Luther,SDG,3187.0
1953,Ed Mioduszewski,BAL,113.0
1987,Ed Rubbert,WAS,532.0
1969,Edd Hargett,NOR,403.0
1970,Edd Hargett,NOR,1536.0
1971,Edd Hargett,NOR,2727.0
1952,Eddie LeBaron,WAS,1420.0
1953,Eddie LeBaron,WAS,2294.0
1955,Eddie LeBaron,WAS,3564.0
1956,Eddie LeBaron,WAS,4118.0
1957,Eddie LeBaron,WAS,5626.0
1958,Eddie LeBaron,WAS,6991.0
1959,Eddie LeBaron,WAS,8068.0
1960,Eddie LeBaron,DAL,9804.0
1961,Eddie LeBaron,DAL,11545.0
1962,Eddie LeBaron,DAL,12981.0
1963,Eddie LeBaron,DAL,13399.0
2004,Eli Manning,NYG,1043.0
2005,Eli Manning,NYG,4805.0
2006,Eli Manning,NYG,8049.0
2007,Eli Manning,NYG,11385.0
2008,Eli Manning,NYG,14623.0
2009,Eli Manning,NYG,18644.0
2010,Eli Manning,NYG,22646.0
2011,Eli Manning,NYG,27579.0
2012,Eli Manning,NYG,31527.0
2013,Eli Manning,NYG,35345.0
2014,Eli Manning,NYG,39755.0
2015,Eli Manning,NYG,44187.0
2016,Eli Manning,NYG,48214.0
2017,Eli Manning,NYG,51682.0
2018,Eli Manning,NYG,55981.0
2019,Eli Manning,NYG,57023.0
1994,Elvis Grbac,SFO,393.0
1995,Elvis Grbac,SFO,1862.0
1996,Elvis Grbac,SFO,3098.0
1997,Elvis Grbac,KAN,5041.0
1998,Elvis Grbac,KAN,6183.0
1999,Elvis Grbac,KC,9572.0
2000,Elvis Grbac,KC,13506.0
2001,Elvis Grbac,BAL,16539.0
1981,Eric Hipple,DET,2358.0
1982,Eric Hipple,DET,2769.0
1983,Eric Hipple,DET,5346.0
1984,Eric Hipple,DET,5592.0
1985,Eric Hipple,DET,8544.0
1986,Eric Hipple,DET,10463.0
1988,Eric Hipple,DET,10621.0
1989,Eric Hipple,DET,10711.0
1998,Eric Kresser,CIN,164.0
1995,Eric Zeier,CLE,864.0
1996,Eric Zeier,BAL,961.0
1997,Eric Zeier,BAL,1919.0
1998,Eric Zeier,BAL,3231.0
1999,Eric Zeier,TB,3501.0
2000,Eric Zeier,TB,3520.0
1987,Erik Kramer,ATL,559.0
1991,Erik Kramer,DET,2194.0
1992,Erik Kramer,DET,2965.0
1993,Erik Kramer,DET,3967.0
1994,Erik Kramer,CHI,5096.0
1995,Erik Kramer,CHI,8934.0
1996,Erik Kramer,CHI,9715.0
1997,Erik Kramer,CHI,12726.0
1998,Erik Kramer,CHI,14549.0
1999,Erik Kramer,SD,15337.0
1989,Erik Wilhelm,CIN,425.0
1990,Erik Wilhelm,CIN,542.0
1991,Erik Wilhelm,CIN,759.0
1993,Erik Wilhelm,CIN,822.0
1996,Erik Wilhelm,CIN,912.0
1961,Fran Tarkenton,MIN,1997.0
1962,Fran Tarkenton,MIN,4592.0
1963,Fran Tarkenton,MIN,6903.0
1964,Fran Tarkenton,MIN,9409.0
1965,Fran Tarkenton,MIN,12018.0
1966,Fran Tarkenton,MIN,14579.0
1967,Fran Tarkenton,NYG,17667.0
1968,Fran Tarkenton,NYG,20222.0
1969,Fran Tarkenton,NYG,23140.0
1970,Fran Tarkenton,NYG,25917.0
1971,Fran Tarkenton,NYG,28484.0
1972,Fran Tarkenton,MIN,31135.0
1973,Fran Tarkenton,MIN,33248.0
1974,Fran Tarkenton,MIN,35846.0
1975,Fran Tarkenton,MIN,38840.0
1976,Fran Tarkenton,MIN,41801.0
1977,Fran Tarkenton,MIN,43535.0
1978,Fran Tarkenton,MIN,47003.0
1950,Frank Filchock,BCL,1.0
1951,Frank Filchock,BCL,2.0
1970,Frank Patrick,GNB,59.0
1971,Frank Patrick,GNB,98.0
1972,Frank Patrick,GNB,107.0
1985,Frank Reich,BUF,19.0
1986,Frank Reich,BUF,123.0
1989,Frank Reich,BUF,824.0
1990,Frank Reich,BUF,1293.0
1991,Frank Reich,BUF,1598.0
1992,Frank Reich,BUF,1819.0
1993,Frank Reich,BUF,1972.0
1994,Frank Reich,BUF,2540.0
1995,Frank Reich,CAR,2981.0
1996,Frank Reich,NYJ,5186.0
1997,Frank Reich,DET,5307.0
1998,Frank Reich,DET,6075.0
1958,Frank Ryan,RAM,34.0
1959,Frank Ryan,RAM,743.0
1960,Frank Ryan,RAM,1559.0
1961,Frank Ryan,RAM,2674.0
1962,Frank Ryan,CLE,4215.0
1963,Frank Ryan,CLE,6241.0
1964,Frank Ryan,CLE,8645.0
1965,Frank Ryan,CLE,10396.0
1966,Frank Ryan,CLE,13370.0
1967,Frank Ryan,CLE,15396.0
1968,Frank Ryan,CLE,16035.0
1969,Frank Ryan,WAS,16039.0
1970,Frank Ryan,WAS,16042.0
1987,Frank Seurer,KAN,340.0
1950,Frank Tripucka,CRD,720.0
1951,Frank Tripucka,CRD,1440.0
1952,Frank Tripucka,2TM,2249.0
1952,Frank Tripucka,CRD,2289.0
1952,Frank Tripucka,DTX,3058.0
1950,Frankie Albert,SFO,1767.0
1951,Frankie Albert,SFO,3534.0
1952,Frankie Albert,SFO,4498.0
1952,Fred Benners,NYG,320.0
1950,Fred Enke,DET,424.0
1951,Fred Enke,DET,848.0
1952,Fred Enke,PHI,1225.0
1953,Fred Enke,BAL,2279.0
1954,Fred Enke,BAL,2450.0
1956,Fred Wyant,WAS,17.0
1985,Gale Gilbert,SEA,218.0
1986,Gale Gilbert,SEA,703.0
1990,Gale Gilbert,BUF,809.0
1994,Gale Gilbert,SDG,1219.0
1995,Gale Gilbert,SDG,1544.0
1962,Galen Hall,WAS,274.0
2019,Gardner Minshew,JAX,3271.0
2020,Gardner Minshew,JAX,5530.0
2021,Gardner Minshew,PHI,5969.0
2022,Gardner Minshew,PHI,6632.0
2023,Gardner Minshew,IND,9937.0
2024,Gardner Minshew,LV,11950.0
2018,Garrett Gilbert,CAR,40.0
2019,Garrett Gilbert,CLE,40.0
2020,Garrett Gilbert,DAL,283.0
2021,Garrett Gilbert,WAS,477.0
1968,Gary Beban,WAS,0.0
1963,Gary Cuozzo,BAL,104.0
1964,Gary Cuozzo,BAL,267.0
1965,Gary Cuozzo,BAL,967.0
1966,Gary Cuozzo,BAL,1391.0
1967,Gary Cuozzo,NOR,2953.0
1968,Gary Cuozzo,MIN,3250.0
1969,Gary Cuozzo,MIN,3943.0
1970,Gary Cuozzo,MIN,5663.0
1971,Gary Cuozzo,MIN,6505.0
1972,Gary Cuozzo,STL,7402.0
1977,Gary Danielson,DET,445.0
1978,Gary Danielson,DET,2739.0
1980,Gary Danielson,DET,5962.0
1981,Gary Danielson,DET,6746.0
1982,Gary Danielson,DET,8089.0
1983,Gary Danielson,DET,8809.0
1984,Gary Danielson,DET,11885.0
1985,Gary Danielson,CLE,13159.0
1987,Gary Danielson,CLE,13440.0
1988,Gary Danielson,CLE,13764.0
1982,Gary Hogeboom,DAL,45.0
1983,Gary Hogeboom,DAL,206.0
1984,Gary Hogeboom,DAL,2572.0
1985,Gary Hogeboom,DAL,3550.0
1986,Gary Hogeboom,IND,4704.0
1987,Gary Hogeboom,IND,5849.0
1988,Gary Hogeboom,IND,6845.0
1989,Gary Hogeboom,PHO,9436.0
1973,Gary Huff,CHI,525.0
1974,Gary Huff,CHI,2188.0
1975,Gary Huff,CHI,3271.0
1977,Gary Huff,TAM,4160.0
1978,Gary Huff,TAM,4329.0
1973,Gary Keithley,STL,369.0
1952,Gary Kerkorian,PIT,79.0
1954,Gary Kerkorian,BAL,1594.0
1955,Gary Kerkorian,BAL,1803.0
1956,Gary Kerkorian,BAL,1862.0
1983,Gary Kubiak,DEN,186.0
1984,Gary Kubiak,DEN,626.0
1985,Gary Kubiak,DEN,687.0
1986,Gary Kubiak,DEN,936.0
1987,Gary Kubiak,DEN,961.0
1988,Gary Kubiak,DEN,1458.0
1989,Gary Kubiak,DEN,1742.0
1990,Gary Kubiak,DEN,1887.0
1991,Gary Kubiak,DEN,1920.0
1967,Gary Lane,CLE,254.0
1974,Gary Marangi,BUF,140.0
1975,Gary Marangi,BUF,375.0
1976,Gary Marangi,BUF,1373.0
1964,Gary Wood,NYG,952.0
1965,Gary Wood,NYG,1142.0
1966,Gary Wood,NYG,2284.0
1967,Gary Wood,NOR,2346.0
1968,Gary Wood,NYG,2469.0
1969,Gary Wood,NYG,2575.0
2013,Geno Smith,NYJ,3046.0
2014,Geno Smith,NYJ,5571.0
2015,Geno Smith,NYJ,5836.0
2016,Geno Smith,NYJ,5962.0
2017,Geno Smith,NYG,6174.0
2018,Geno Smith,LAC,6182.0
2020,Geno Smith,SEA,6215.0
2021,Geno Smith,SEA,6917.0
2022,Geno Smith,SEA,11199.0
2023,Geno Smith,SEA,14823.0
2024,Geno Smith,SEA,19143.0
1950,George Blanda,CHI,0.0
1951,George Blanda,CHI,0.0
1952,George Blanda,CHI,664.0
1953,George Blanda,CHI,2828.0
1954,George Blanda,CHI,4757.0
1955,George Blanda,CHI,5216.0
1956,George Blanda,CHI,5655.0
1957,George Blanda,CHI,5720.0
1958,George Blanda,CHI,5739.0
1970,George Blanda,OAK,6200.0
1971,George Blanda,OAK,6578.0
1972,George Blanda,OAK,6655.0
1974,George Blanda,OAK,6683.0
1975,George Blanda,OAK,6694.0
1960,George Izo,STL,115.0
1961,George Izo,WAS,329.0
1962,George Izo,WAS,613.0
1963,George Izo,WAS,991.0
1964,George Izo,WAS,1074.0
1965,George Izo,DET,1431.0
1966,George Izo,PIT,1791.0
1964,George Mira,SFO,331.0
1965,George Mira,SFO,791.0
1966,George Mira,SFO,1075.0
1967,George Mira,SFO,1667.0
1968,George Mira,SFO,1711.0
1969,George Mira,PHI,1951.0
1971,George Mira,MIA,2110.0
1950,George Ratterman,NYY,2251.0
1951,George Ratterman,NYY,4502.0
1952,George Ratterman,CLE,4522.0
1953,George Ratterman,CLE,4823.0
1954,George Ratterman,CLE,5288.0
1955,George Ratterman,CLE,5792.0
1956,George Ratterman,CLE,6190.0
1955,George Shaw,BAL,1586.0
1956,George Shaw,BAL,2231.0
1957,George Shaw,BAL,2289.0
1958,George Shaw,BAL,2820.0
1959,George Shaw,NYG,3253.0
1960,George Shaw,NYG,4516.0
1961,George Shaw,MIN,5046.0
2003,Gibran Hamdan,WAS,7.0
1978,Gifford Nielsen,HOU,0.0
1979,Gifford Nielsen,HOU,404.0
1980,Gifford Nielsen,HOU,416.0
1981,Gifford Nielsen,HOU,1125.0
1982,Gifford Nielsen,HOU,2130.0
1983,Gifford Nielsen,HOU,3255.0
1996,Gino Torretta,SEA,41.0
1980,Glenn Carano,DAL,69.0
1981,Glenn Carano,DAL,304.0
1994,Glenn Foley,NYJ,45.0
1995,Glenn Foley,NYJ,173.0
1996,Glenn Foley,NYJ,732.0
1997,Glenn Foley,NYJ,1437.0
1998,Glenn Foley,NYJ,2186.0
1999,Glenn Foley,SEA,2469.0
1963,Glynn Griffing,NYG,306.0
2012,Graham Harrell,GB,20.0
1969,Greg Barton,DET,0.0
1973,Greg Cook,CIN,11.0
1968,Greg Landry,DET,338.0
1969,Greg Landry,DET,1191.0
1970,Greg Landry,DET,2263.0
1971,Greg Landry,DET,4500.0
1972,Greg Landry,DET,6566.0
1973,Greg Landry,DET,7474.0
1974,Greg Landry,DET,8046.0
1975,Greg Landry,DET,8449.0
1976,Greg Landry,DET,10640.0
1977,Greg Landry,DET,11999.0
1978,Greg Landry,DET,12451.0
1979,Greg Landry,BAL,15383.0
1980,Greg Landry,BAL,15658.0
1981,Greg Landry,BAL,15853.0
1984,Greg Landry,CHI,16052.0
2012,Greg McElroy,NYJ,214.0
1982,Guido Merkens,NOR,186.0
1987,Guido Merkens,PHI,256.0
1994,Gus Frerotte,WAS,600.0
1995,Gus Frerotte,WAS,3351.0
1996,Gus Frerotte,WAS,6804.0
1997,Gus Frerotte,WAS,9486.0
1998,Gus Frerotte,WAS,9769.0
1999,Gus Frerotte,DET,11886.0
2000,Gus Frerotte,DEN,13662.0
2001,Gus Frerotte,DEN,13970.0
2002,Gus Frerotte,CIN,14407.0
2003,Gus Frerotte,MIN,15097.0
2004,Gus Frerotte,MIN,15097.0
2005,Gus Frerotte,MIA,18093.0
2006,Gus Frerotte,LA,18120.0
2007,Gus Frerotte,LA,19134.0
2008,Gus Frerotte,MIN,21291.0
1978,Guy Benjamin,MIA,91.0
1979,Guy Benjamin,MIA,119.0
1980,Guy Benjamin,NOR,147.0
1981,Guy Benjamin,SFO,318.0
1982,Guy Benjamin,SFO,328.0
1983,Guy Benjamin,SFO,439.0
1953,Hal Ledyard,SFO,0.0
1950,Harry Gilmer,WAS,948.0
1951,Harry Gilmer,WAS,1896.0
1955,Harry Gilmer,DET,2529.0
1956,Harry Gilmer,DET,2832.0
1968,Harry Theofiledes,WAS,211.0
1994,Heath Shuler,WAS,1658.0
1995,Heath Shuler,WAS,2403.0
1997,Heath Shuler,NOR,3691.0
2024,Hendon Hooker,DET,62.0
2002,Henry Burris,CHI,207.0
1987,Hugh Millen,RAM,0.0
1988,Hugh Millen,ATL,215.0
1989,Hugh Millen,ATL,647.0
1990,Hugh Millen,ATL,1074.0
1991,Hugh Millen,NWE,4147.0
1992,Hugh Millen,NWE,5350.0
1994,Hugh Millen,DEN,6243.0
1995,Hugh Millen,DEN,6440.0
2021,Ian Book,NO,135.0
2006,Ingle Martin,GB,0.0
1975,J.J. Jones,NYJ,181.0
2004,J.P. Losman,BUF,32.0
2005,J.P. Losman,BUF,1372.0
2006,J.P. Losman,BUF,4422.0
2007,J.P. Losman,BUF,5626.0
2008,J.P. Losman,BUF,6210.0
2009,J.P. Losman,LV,6210.0
2011,J.P. Losman,MIA,6270.0
2004,J.T. O'Sullivan,GB,0.0
2007,J.T. O'Sullivan,DET,148.0
2008,J.T. O'Sullivan,SF,1826.0
2009,J.T. O'Sullivan,CIN,1866.0
2007,JaMarcus Russell,LV,373.0
2008,JaMarcus Russell,LV,2796.0
2009,JaMarcus Russell,LV,4086.0
1964,Jack Concannon,PHI,199.0
1965,Jack Concannon,PHI,375.0
1966,Jack Concannon,PHI,637.0
1967,Jack Concannon,CHI,1897.0
1968,Jack Concannon,CHI,2612.0
1969,Jack Concannon,CHI,3395.0
1970,Jack Concannon,CHI,5525.0
1971,Jack Concannon,CHI,5859.0
1974,Jack Concannon,GNB,6240.0
1975,Jack Concannon,DET,6270.0
1953,Jack Del Bello,BAL,229.0
1957,Jack Kemp,PIT,88.0
1953,Jack Scarbath,WAS,862.0
1954,Jack Scarbath,WAS,1660.0
1956,Jack Scarbath,PIT,1868.0
1979,Jack Thompson,CIN,481.0
1980,Jack Thompson,CIN,1805.0
1981,Jack Thompson,CIN,2072.0
1983,Jack Thompson,TAM,4978.0
1984,Jack Thompson,TAM,5315.0
1986,Jack Trudeau,IND,2225.0
1987,Jack Trudeau,IND,3812.0
1988,Jack Trudeau,IND,3970.0
1989,Jack Trudeau,IND,6287.0
1990,Jack Trudeau,IND,7365.0
1991,Jack Trudeau,IND,7384.0
1992,Jack Trudeau,IND,8655.0
1993,Jack Trudeau,IND,9647.0
1994,Jack Trudeau,NYJ,10143.0
1995,Jack Trudeau,CAR,10243.0
2021,Jacob Eason,IND,25.0
2022,Jacob Eason,CAR,84.0
2016,Jacoby Brissett,NE,400.0
2017,Jacoby Brissett,IND,3498.0
2018,Jacoby Brissett,IND,3500.0
2019,Jacoby Brissett,IND,6442.0
2020,Jacoby Brissett,IND,6459.0
2021,Jacoby Brissett,MIA,7742.0
2022,Jacoby Brissett,CLE,10350.0
2023,Jacoby Brissett,WAS,10574.0
2024,Jacoby Brissett,NE,11400.0
2023,Jake Browning,CIN,1936.0
2024,Jake Browning,CIN,1936.0
1999,Jake Delhomme,NO,521.0
2002,Jake Delhomme,NO,634.0
2003,Jake Delhomme,CAR,3853.0
2004,Jake Delhomme,CAR,7739.0
2005,Jake Delhomme,CAR,11160.0
2006,Jake Delhomme,CAR,13965.0
2007,Jake Delhomme,CAR,14582.0
2008,Jake Delhomme,CAR,17866.0
2009,Jake Delhomme,CAR,19881.0
2010,Jake Delhomme,CLE,20753.0
2011,Jake Delhomme,HOU,20964.0
2021,Jake Fromm,NYG,210.0
2024,Jake Haener,NO,226.0
2011,Jake Locker,TEN,542.0
2012,Jake Locker,TEN,2718.0
2013,Jake Locker,TEN,3974.0
2014,Jake Locker,TEN,4967.0
2020,Jake Luton,JAX,624.0
1997,Jake Plummer,ARI,2203.0
1998,Jake Plummer,ARI,5940.0
1999,Jake Plummer,ARI,8051.0
2000,Jake Plummer,ARI,10997.0
2001,Jake Plummer,ARI,14650.0
2002,Jake Plummer,ARI,17622.0
2003,Jake Plummer,DEN,19805.0
2004,Jake Plummer,DEN,23894.0
2005,Jake Plummer,DEN,27260.0
2006,Jake Plummer,DEN,29254.0
2017,Jake Rudock,DET,24.0
2020,Jalen Hurts,PHI,1061.0
2021,Jalen Hurts,PHI,4205.0
2022,Jalen Hurts,PHI,7906.0
2023,Jalen Hurts,PHI,11764.0
2024,Jalen Hurts,PHI,14667.0
2015,Jameis Winston,TB,4042.0
2016,Jameis Winston,TB,8132.0
2017,Jameis Winston,TB,11636.0
2018,Jameis Winston,TB,14628.0
2019,Jameis Winston,TB,19737.0
2020,Jameis Winston,NO,19812.0
2021,Jameis Winston,NO,20982.0
2022,Jameis Winston,NO,21840.0
2023,Jameis Winston,NO,22104.0
2024,Jameis Winston,CLE,24225.0
1970,James Harris,BUF,338.0
1971,James Harris,BUF,850.0
1973,James Harris,RAM,918.0
1974,James Harris,RAM,2462.0
1975,James Harris,RAM,4610.0
1976,James Harris,RAM,6070.0
1977,James Harris,SDG,7310.0
1978,James Harris,SDG,7828.0
1979,James Harris,SDG,7866.0
1997,James Ritchey,TEN,15.0
1996,Jamie Martin,STL,241.0
1998,Jamie Martin,JAX,596.0
2000,Jamie Martin,JAX,903.0
2001,Jamie Martin,STL,925.0
2002,Jamie Martin,STL,2141.0
2004,Jamie Martin,LA,2329.0
2005,Jamie Martin,LA,3606.0
2006,Jamie Martin,NO,3814.0
2007,Jamie Martin,NO,3814.0
2016,Jared Goff,LA,1089.0
2017,Jared Goff,LA,4893.0
2018,Jared Goff,LA,9581.0
2019,Jared Goff,LA,14219.0
2020,Jared Goff,LA,18171.0
2021,Jared Goff,DET,21416.0
2022,Jared Goff,DET,25854.0
2023,Jared Goff,DET,30429.0
2024,Jared Goff,DET,35058.0
2006,Jared Lorenzen,NYG,0.0
2007,Jared Lorenzen,NYG,28.0
2023,Jaren Hall,MIN,168.0
2000,Jarious Jackson,DEN,0.0
2001,Jarious Jackson,DEN,73.0
2003,Jarious Jackson,DEN,114.0
2019,Jarrett Stidham,NE,14.0
2020,Jarrett Stidham,NE,270.0
2022,Jarrett Stidham,LV,926.0
2023,Jarrett Stidham,DEN,1422.0
2024,Jarrett Stidham,DEN,1422.0
2006,Jason Campbell,WAS,1297.0
2007,Jason Campbell,WAS,3997.0
2008,Jason Campbell,WAS,7242.0
2009,Jason Campbell,WAS,10860.0
2010,Jason Campbell,LV,13247.0
2011,Jason Campbell,LV,14417.0
2012,Jason Campbell,CHI,14682.0
2013,Jason Campbell,CLE,16697.0
2014,Jason Campbell,CIN,16771.0
1993,Jason Garrett,DAL,61.0
1994,Jason Garrett,DAL,376.0
1995,Jason Garrett,DAL,422.0
1996,Jason Garrett,DAL,466.0
1997,Jason Garrett,DAL,522.0
1998,Jason Garrett,DAL,1728.0
1999,Jason Garrett,DAL,2042.0
2000,Jason Garrett,NYG,2042.0
2006,Jay Cutler,DEN,1001.0
2007,Jay Cutler,DEN,4498.0
2008,Jay Cutler,DEN,9023.0
2009,Jay Cutler,CHI,12689.0
2010,Jay Cutler,CHI,15963.0
2011,Jay Cutler,CHI,18282.0
2012,Jay Cutler,CHI,21315.0
2013,Jay Cutler,CHI,23936.0
2014,Jay Cutler,CHI,27748.0
2015,Jay Cutler,CHI,31407.0
2016,Jay Cutler,CHI,32466.0
2017,Jay Cutler,MIA,35132.0
1998,Jay Fiedler,MIN,41.0
1999,Jay Fiedler,JAX,697.0
2000,Jay Fiedler,MIA,2957.0
2001,Jay Fiedler,MIA,6205.0
2002,Jay Fiedler,MIA,8229.0
2003,Jay Fiedler,MIA,10367.0
2004,Jay Fiedler,MIA,11553.0
2005,Jay Fiedler,NYJ,11660.0
1985,Jay Schroeder,WAS,1458.0
1986,Jay Schroeder,WAS,5567.0
1987,Jay Schroeder,WAS,7445.0
1988,Jay Schroeder,RAI,9284.0
1989,Jay Schroeder,RAI,10834.0
1990,Jay Schroeder,RAI,13683.0
1991,Jay Schroeder,RAI,16245.0
1992,Jay Schroeder,RAI,17721.0
1993,Jay Schroeder,CIN,18553.0
1994,Jay Schroeder,ARI,20063.0
1996,Jay Walker,MIN,31.0
2024,Jayden Daniels,WAS,3568.0
1977,Jeb Blount,TAM,522.0
1992,Jeff Blake,NYJ,40.0
1994,Jeff Blake,CIN,2194.0
1995,Jeff Blake,CIN,6016.0
1996,Jeff Blake,CIN,9640.0
1997,Jeff Blake,CIN,11765.0
1998,Jeff Blake,CIN,12504.0
1999,Jeff Blake,CIN,15174.0
2000,Jeff Blake,NO,17199.0
2001,Jeff Blake,NO,17199.0
2002,Jeff Blake,BAL,19283.0
2003,Jeff Blake,ARI,21535.0
2004,Jeff Blake,PHI,21661.0
2005,Jeff Blake,CHI,21716.0
1996,Jeff Brohm,SFO,189.0
1997,Jeff Brohm,SFO,353.0
1991,Jeff Carlson,TAM,404.0
1992,Jeff Carlson,NWE,636.0
1987,Jeff Christensen,CLE,297.0
2018,Jeff Driskel,CIN,1003.0
2019,Jeff Driskel,DET,1688.0
2020,Jeff Driskel,DEN,2120.0
2022,Jeff Driskel,HOU,2228.0
2023,Jeff Driskel,CLE,2394.0
1990,Jeff Francis,CLE,26.0
1999,Jeff Garcia,SF,2544.0
2000,Jeff Garcia,SF,6822.0
2001,Jeff Garcia,SF,10360.0
2002,Jeff Garcia,SF,13704.0
2003,Jeff Garcia,SF,16408.0
2004,Jeff Garcia,CLE,18139.0
2005,Jeff Garcia,DET,19076.0
2006,Jeff Garcia,PHI,20385.0
2007,Jeff Garcia,TB,22825.0
2008,Jeff Garcia,TB,25537.0
2009,Jeff Garcia,PHI,25537.0
1990,Jeff George,IND,2152.0
1991,Jeff George,IND,5062.0
1992,Jeff George,IND,7025.0
1993,Jeff George,IND,9551.0
1994,Jeff George,ATL,13285.0
1995,Jeff George,ATL,17428.0
1996,Jeff George,ATL,18126.0
1997,Jeff George,OAK,22043.0
1998,Jeff George,OAK,23229.0
1999,Jeff George,MIN,26045.0
2000,Jeff George,WAS,27434.0
2001,Jeff George,WAS,27602.0
1988,Jeff Hostetler,NYG,244.0
1989,Jeff Hostetler,NYG,538.0
1990,Jeff Hostetler,NYG,1152.0
1991,Jeff Hostetler,NYG,3184.0
1992,Jeff Hostetler,NYG,4409.0
1993,Jeff Hostetler,RAI,7651.0
1994,Jeff Hostetler,RAI,10985.0
1995,Jeff Hostetler,OAK,12983.0
1996,Jeff Hostetler,OAK,15531.0
1997,Jeff Hostetler,WAS,16430.0
1981,Jeff Kemp,RAM,25.0
1983,Jeff Kemp,RAM,160.0
1984,Jeff Kemp,RAM,2181.0
1985,Jeff Kemp,RAM,2395.0
1986,Jeff Kemp,SFO,3949.0
1987,Jeff Kemp,SEA,4345.0
1988,Jeff Kemp,SEA,4477.0
1991,Jeff Kemp,2TM,6230.0
1991,Jeff Kemp,SEA,7437.0
1991,Jeff Kemp,PHI,7983.0
1980,Jeff Knapple,DEN,15.0
1979,Jeff Komlo,DET,2238.0
1980,Jeff Komlo,DET,2264.0
1981,Jeff Komlo,DET,2554.0
1983,Jeff Komlo,TAM,2603.0
1996,Jeff Lewis,DEN,58.0
1997,Jeff Lewis,DEN,79.0
1999,Jeff Lewis,CAR,90.0
2000,Jeff Lewis,CAR,210.0
1979,Jeff Rutledge,RAM,125.0
1980,Jeff Rutledge,RAM,151.0
1981,Jeff Rutledge,RAM,593.0
1983,Jeff Rutledge,NYG,1801.0
1984,Jeff Rutledge,NYG,1810.0
1986,Jeff Rutledge,NYG,1823.0
1987,Jeff Rutledge,NYG,2871.0
1988,Jeff Rutledge,NYG,2984.0
1990,Jeff Rutledge,WAS,3439.0
1991,Jeff Rutledge,WAS,3628.0
2013,Jeff Tuel,BUF,309.0
1987,Jeff Van Raaphorst,ATL,174.0
1977,Jerry Golsteyn,NYG,416.0
1978,Jerry Golsteyn,NYG,526.0
1979,Jerry Golsteyn,DET,542.0
1982,Jerry Golsteyn,TAM,542.0
1983,Jerry Golsteyn,TAM,1077.0
1956,Jerry Reichow,DET,19.0
1965,Jerry Rhome,DAL,157.0
1966,Jerry Rhome,DAL,410.0
1967,Jerry Rhome,DAL,496.0
1969,Jerry Rhome,CLE,531.0
1970,Jerry Rhome,HOU,1562.0
1971,Jerry Rhome,RAM,1628.0
1972,Jerry Tagge,GNB,154.0
1973,Jerry Tagge,GNB,874.0
1974,Jerry Tagge,GNB,1583.0
1974,Jesse Freitas,SDG,719.0
1975,Jesse Freitas,SDG,1244.0
2002,Jesse Palmer,NYG,30.0
2003,Jesse Palmer,NYG,562.0
1983,Jim Bob Taylor,BAL,20.0
1987,Jim Crocicchia,NYG,89.0
1972,Jim Del Gaizo,MIA,165.0
1973,Jim Del Gaizo,GNB,483.0
1974,Jim Del Gaizo,NYG,648.0
1997,Jim Druckenmiller,SFO,239.0
1986,Jim Everett,RAM,1018.0
1987,Jim Everett,RAM,3082.0
1988,Jim Everett,RAM,7046.0
1989,Jim Everett,RAM,11356.0
1990,Jim Everett,RAM,15345.0
1991,Jim Everett,RAM,18783.0
1992,Jim Everett,RAM,22106.0
1993,Jim Everett,RAM,23758.0
1994,Jim Everett,NOR,27613.0
1995,Jim Everett,NOR,31583.0
1996,Jim Everett,NOR,34380.0
1997,Jim Everett,SDG,34837.0
1952,Jim Finks,PIT,2307.0
1953,Jim Finks,PIT,3791.0
1954,Jim Finks,PIT,5794.0
1955,Jim Finks,PIT,8064.0
1956,Jim Haluska,CHI,8.0
1987,Jim Harbaugh,CHI,62.0
1988,Jim Harbaugh,CHI,576.0
1989,Jim Harbaugh,CHI,1780.0
1990,Jim Harbaugh,CHI,3958.0
1991,Jim Harbaugh,CHI,7079.0
1992,Jim Harbaugh,CHI,9565.0
1993,Jim Harbaugh,CHI,11567.0
1994,Jim Harbaugh,IND,13007.0
1995,Jim Harbaugh,IND,15582.0
1996,Jim Harbaugh,IND,18212.0
1997,Jim Harbaugh,IND,20272.0
1998,Jim Harbaugh,BAL,22111.0
1999,Jim Harbaugh,SD,24872.0
2000,Jim Harbaugh,SD,26288.0
1950,Jim Hardy,CRD,1636.0
1951,Jim Hardy,CRD,3272.0
1952,Jim Hardy,DET,3706.0
1966,Jim Hart,STL,29.0
1967,Jim Hart,STL,3037.0
1968,Jim Hart,STL,5096.0
1969,Jim Hart,STL,6182.0
1970,Jim Hart,STL,8757.0
1971,Jim Hart,STL,10383.0
1972,Jim Hart,STL,11240.0
1973,Jim Hart,STL,13463.0
1974,Jim Hart,STL,15874.0
1975,Jim Hart,STL,18381.0
1976,Jim Hart,STL,21327.0
1977,Jim Hart,STL,23869.0
1978,Jim Hart,STL,26990.0
1979,Jim Hart,STL,29208.0
1980,Jim Hart,STL,32154.0
1981,Jim Hart,STL,33848.0
1982,Jim Hart,STL,34047.0
1983,Jim Hart,STL,34639.0
1984,Jim Hart,WAS,34665.0
1986,Jim Kelly,BUF,3593.0
1987,Jim Kelly,BUF,6391.0
1988,Jim Kelly,BUF,9771.0
1989,Jim Kelly,BUF,12901.0
1990,Jim Kelly,BUF,15730.0
1991,Jim Kelly,BUF,19574.0
1992,Jim Kelly,BUF,23031.0
1993,Jim Kelly,BUF,26413.0
1994,Jim Kelly,BUF,29527.0
1995,Jim Kelly,BUF,32657.0
1996,Jim Kelly,BUF,35467.0
1982,Jim McMahon,CHI,1501.0
1983,Jim McMahon,CHI,3685.0
1984,Jim McMahon,CHI,4831.0
1985,Jim McMahon,CHI,7223.0
1986,Jim McMahon,CHI,8218.0
1987,Jim McMahon,CHI,9857.0
1988,Jim McMahon,CHI,11203.0
1989,Jim McMahon,SDG,13335.0
1990,Jim McMahon,PHI,13398.0
1991,Jim McMahon,PHI,15637.0
1992,Jim McMahon,PHI,15916.0
1993,Jim McMahon,MIN,17884.0
1994,Jim McMahon,ARI,18103.0
1995,Jim McMahon,GNB,18109.0
1996,Jim McMahon,GNB,18148.0
1995,Jim Miller,PIT,397.0
1996,Jim Miller,PIT,520.0
1999,Jim Miller,CHI,1762.0
2000,Jim Miller,CHI,2144.0
2001,Jim Miller,CHI,4443.0
2002,Jim Miller,CHI,6387.0
1958,Jim Ninowski,CLE,139.0
1959,Jim Ninowski,CLE,180.0
1960,Jim Ninowski,DET,1779.0
1961,Jim Ninowski,DET,3700.0
1962,Jim Ninowski,CLE,4878.0
1963,Jim Ninowski,CLE,5301.0
1964,Jim Ninowski,CLE,5426.0
1965,Jim Ninowski,CLE,5975.0
1966,Jim Ninowski,CLE,6150.0
1967,Jim Ninowski,WAS,6273.0
1968,Jim Ninowski,WAS,6906.0
1969,Jim Ninowski,NOR,7133.0
1971,Jim Plunkett,NWE,2158.0
1972,Jim Plunkett,NWE,4354.0
1973,Jim Plunkett,NWE,6904.0
1974,Jim Plunkett,NWE,9361.0
1975,Jim Plunkett,NWE,9932.0
1976,Jim Plunkett,SFO,11524.0
1977,Jim Plunkett,SFO,13217.0
1979,Jim Plunkett,OAK,13306.0
1980,Jim Plunkett,OAK,15605.0
1981,Jim Plunkett,OAK,16650.0
1982,Jim Plunkett,RAI,18685.0
1983,Jim Plunkett,RAI,21620.0
1984,Jim Plunkett,RAI,23093.0
1985,Jim Plunkett,RAI,23896.0
1986,Jim Plunkett,RAI,25882.0
1953,Jim Powers,SFO,259.0
1953,Jim Root,CRD,1149.0
1956,Jim Root,CRD,1482.0
2004,Jim Sorgi,IND,175.0
2005,Jim Sorgi,IND,619.0
2007,Jim Sorgi,IND,751.0
2008,Jim Sorgi,IND,929.0
1967,Jim Ward,BAL,115.0
1968,Jim Ward,BAL,161.0
1971,Jim Ward,PHI,165.0
1976,Jim Zorn,SEA,2571.0
1977,Jim Zorn,SEA,4258.0
1978,Jim Zorn,SEA,7541.0
1979,Jim Zorn,SEA,11202.0
1980,Jim Zorn,SEA,14548.0
1981,Jim Zorn,SEA,17336.0
1982,Jim Zorn,SEA,18876.0
1983,Jim Zorn,SEA,20042.0
1984,Jim Zorn,SEA,20122.0
1985,Jim Zorn,GNB,20916.0
1987,Jim Zorn,TAM,21115.0
2010,Jimmy Clausen,CAR,1558.0
2014,Jimmy Clausen,CHI,1781.0
2015,Jimmy Clausen,BAL,2520.0
2014,Jimmy Garoppolo,NE,182.0
2015,Jimmy Garoppolo,NE,188.0
2016,Jimmy Garoppolo,NE,690.0
2017,Jimmy Garoppolo,SF,2250.0
2018,Jimmy Garoppolo,SF,2968.0
2019,Jimmy Garoppolo,SF,6946.0
2020,Jimmy Garoppolo,SF,8042.0
2021,Jimmy Garoppolo,SF,11852.0
2022,Jimmy Garoppolo,SF,14289.0
2023,Jimmy Garoppolo,LV,15494.0
2024,Jimmy Garoppolo,LA,15828.0
1974,Joe Barnes,CHI,29.0
2020,Joe Burrow,CIN,2688.0
2021,Joe Burrow,CIN,7299.0
2022,Joe Burrow,CIN,11774.0
2023,Joe Burrow,CIN,14083.0
2024,Joe Burrow,CIN,19001.0
2017,Joe Callahan,GB,11.0
1984,Joe Dufek,BUF,829.0
1973,Joe Ferguson,BUF,939.0
1974,Joe Ferguson,BUF,2527.0
1975,Joe Ferguson,BUF,4953.0
1976,Joe Ferguson,BUF,6039.0
1977,Joe Ferguson,BUF,8842.0
1978,Joe Ferguson,BUF,10978.0
1979,Joe Ferguson,BUF,14550.0
1980,Joe Ferguson,BUF,17355.0
1981,Joe Ferguson,BUF,21007.0
1982,Joe Ferguson,BUF,22604.0
1983,Joe Ferguson,BUF,25599.0
1984,Joe Ferguson,BUF,27590.0
1985,Joe Ferguson,DET,27954.0
1986,Joe Ferguson,DET,28895.0
1988,Joe Ferguson,TAM,29263.0
1989,Joe Ferguson,TAM,29796.0
1990,Joe Ferguson,IND,29817.0
2008,Joe Flacco,BAL,2971.0
2009,Joe Flacco,BAL,6584.0
2010,Joe Flacco,BAL,10206.0
2011,Joe Flacco,BAL,13816.0
2012,Joe Flacco,BAL,17633.0
2013,Joe Flacco,BAL,21545.0
2014,Joe Flacco,BAL,25531.0
2015,Joe Flacco,BAL,28322.0
2016,Joe Flacco,BAL,32639.0
2017,Joe Flacco,BAL,35780.0
2018,Joe Flacco,BAL,38245.0
2019,Joe Flacco,DEN,40067.0
2020,Joe Flacco,NYJ,40931.0
2021,Joe Flacco,NYJ,41269.0
2022,Joe Flacco,NYJ,42320.0
2023,Joe Flacco,CLE,43936.0
2024,Joe Flacco,IND,45697.0
1958,Joe Francis,GNB,175.0
1959,Joe Francis,GNB,266.0
1999,Joe Germaine,STL,136.0
1972,Joe Gilliam,PIT,48.0
1973,Joe Gilliam,PIT,379.0
1974,Joe Gilliam,PIT,1653.0
1975,Joe Gilliam,PIT,2103.0
2000,Joe Hamilton,TB,0.0
1967,Joe Kapp,MIN,1386.0
1968,Joe Kapp,MIN,3081.0
1969,Joe Kapp,MIN,4807.0
1970,Joe Kapp,BOS,5911.0
2024,Joe Milton III,NE,241.0
1979,Joe Montana,SFO,96.0
1980,Joe Montana,SFO,1891.0
1981,Joe Montana,SFO,5456.0
1982,Joe Montana,SFO,8069.0
1983,Joe Montana,SFO,11979.0
1984,Joe Montana,SFO,15609.0
1985,Joe Montana,SFO,19262.0
1986,Joe Montana,SFO,21498.0
1987,Joe Montana,SFO,24552.0
1988,Joe Montana,SFO,27533.0
1989,Joe Montana,SFO,31054.0
1990,Joe Montana,SFO,34998.0
1992,Joe Montana,SFO,35124.0
1993,Joe Montana,KAN,37268.0
1994,Joe Montana,KAN,40551.0
1970,Joe Namath,NYJ,1259.0
1971,Joe Namath,NYJ,1796.0
1972,Joe Namath,NYJ,4612.0
1973,Joe Namath,NYJ,5578.0
1974,Joe Namath,NYJ,8194.0
1975,Joe Namath,NYJ,10480.0
1976,Joe Namath,NYJ,11570.0
1977,Joe Namath,RAM,12176.0
1977,Joe Pisarcik,NYG,1346.0
1978,Joe Pisarcik,NYG,3442.0
1979,Joe Pisarcik,NYG,3979.0
1980,Joe Pisarcik,PHI,4166.0
1981,Joe Pisarcik,PHI,4320.0
1982,Joe Pisarcik,PHI,4344.0
1983,Joe Pisarcik,PHI,4516.0
1984,Joe Pisarcik,PHI,5552.0
1973,Joe Reed,SFO,589.0
1974,Joe Reed,SFO,905.0
1975,Joe Reed,DET,2086.0
1976,Joe Reed,DET,2511.0
1977,Joe Reed,DET,2661.0
1979,Joe Reed,DET,2825.0
1974,Joe Theismann,WAS,145.0
1975,Joe Theismann,WAS,241.0
1976,Joe Theismann,WAS,1277.0
1977,Joe Theismann,WAS,2374.0
1978,Joe Theismann,WAS,4967.0
1979,Joe Theismann,WAS,7764.0
1980,Joe Theismann,WAS,10726.0
1981,Joe Theismann,WAS,14294.0
1982,Joe Theismann,WAS,16327.0
1983,Joe Theismann,WAS,20041.0
1984,Joe Theismann,WAS,23432.0
1985,Joe Theismann,WAS,25206.0
2010,Joe Webb,MIN,477.0
2011,Joe Webb,MIN,853.0
2012,Joe Webb,MIN,853.0
2013,Joe Webb,MIN,853.0
2014,Joe Webb,CAR,853.0
2015,Joe Webb,CAR,853.0
2016,Joe Webb,CAR,853.0
2017,Joe Webb,BUF,888.0
2018,Joe Webb,HOU,888.0
2020,Joe Webb,NYG,888.0
2002,Joey Harrington,DET,2294.0
2003,Joey Harrington,DET,5174.0
2004,Joey Harrington,DET,8221.0
2005,Joey Harrington,DET,10242.0
2006,Joey Harrington,MIA,12478.0
2007,Joey Harrington,ATL,14693.0
2007,John Beck,MIA,559.0
2011,John Beck,WAS,1417.0
1957,John Borton,CLE,22.0
1957,John Brodie,SFO,160.0
1958,John Brodie,SFO,1384.0
1959,John Brodie,SFO,1738.0
1960,John Brodie,SFO,2849.0
1961,John Brodie,SFO,5437.0
1962,John Brodie,SFO,7709.0
1963,John Brodie,SFO,8076.0
1964,John Brodie,SFO,10574.0
1965,John Brodie,SFO,13686.0
1966,John Brodie,SFO,16496.0
1967,John Brodie,SFO,18509.0
1968,John Brodie,SFO,21529.0
1969,John Brodie,SFO,23934.0
1970,John Brodie,SFO,26875.0
1971,John Brodie,SFO,29517.0
1972,John Brodie,SFO,30422.0
1973,John Brodie,SFO,31548.0
1983,John Elway,DEN,1663.0
1984,John Elway,DEN,4261.0
1985,John Elway,DEN,8152.0
1986,John Elway,DEN,11637.0
1987,John Elway,DEN,14835.0
1988,John Elway,DEN,18144.0
1989,John Elway,DEN,21195.0
1990,John Elway,DEN,24721.0
1991,John Elway,DEN,27974.0
1992,John Elway,DEN,30216.0
1993,John Elway,DEN,34246.0
1994,John Elway,DEN,37736.0
1995,John Elway,DEN,41706.0
1996,John Elway,DEN,45034.0
1997,John Elway,DEN,48669.0
1998,John Elway,DEN,51475.0
1987,John Fourcade,NOR,597.0
1988,John Fourcade,NOR,597.0
1989,John Fourcade,NOR,1527.0
1990,John Fourcade,NOR,2312.0
1990,John Friesz,SDG,98.0
1991,John Friesz,SDG,2994.0
1993,John Friesz,SDG,4396.0
1994,John Friesz,WAS,5662.0
1995,John Friesz,SEA,6457.0
1996,John Friesz,SEA,8086.0
1997,John Friesz,SEA,8224.0
1998,John Friesz,SEA,8633.0
1999,John Friesz,NE,8633.0
2000,John Friesz,NE,8699.0
1970,John Hadl,SDG,2388.0
1971,John Hadl,SDG,5463.0
1972,John Hadl,SDG,7912.0
1973,John Hadl,RAM,9920.0
1974,John Hadl,2TM,11672.0
1974,John Hadl,RAM,12352.0
1974,John Hadl,GNB,13424.0
1975,John Hadl,GNB,15519.0
1976,John Hadl,HOU,16153.0
1977,John Hadl,HOU,16229.0
1968,John Huarte,PHI,110.0
1970,John Huarte,KAN,110.0
1971,John Huarte,KAN,128.0
1972,John Huarte,CHI,142.0
1974,John Hufnagel,DEN,70.0
1975,John Hufnagel,DEN,357.0
1962,John McCormick,MIN,104.0
2004,John Navarre,ARI,168.0
2005,John Navarre,ARI,342.0
1950,John Rauch,NYY,502.0
1951,John Rauch,NYY,1004.0
1972,John Reaves,PHI,1508.0
1973,John Reaves,PHI,1525.0
1974,John Reaves,PHI,1609.0
1975,John Reaves,CIN,1906.0
1976,John Reaves,CIN,1982.0
1977,John Reaves,CIN,2365.0
1978,John Reaves,CIN,3155.0
1981,John Reaves,HOU,3534.0
1987,John Reaves,TAM,3617.0
1959,John Roach,CRD,340.0
1960,John Roach,STL,1763.0
1961,John Roach,GNB,1763.0
1962,John Roach,GNB,1796.0
1963,John Roach,GNB,2416.0
1964,John Roach,DAL,2765.0
2010,John Skelton,ARI,662.0
2011,John Skelton,ARI,2575.0
2012,John Skelton,ARI,3707.0
1970,John Stofa,MIA,240.0
1976,John Walton,PHI,125.0
1978,John Walton,PHI,125.0
1979,John Walton,PHI,338.0
1984,John Witkowski,DET,210.0
1988,John Witkowski,DET,210.0
2020,John Wolford,LA,231.0
2021,John Wolford,LA,236.0
2022,John Wolford,LA,626.0
1950,Johnny Lujack,CHI,1731.0
1951,Johnny Lujack,CHI,3462.0
2014,Johnny Manziel,CLE,175.0
2015,Johnny Manziel,CLE,1675.0
1956,Johnny Unitas,BAL,1498.0
1957,Johnny Unitas,BAL,4048.0
1958,Johnny Unitas,BAL,6055.0
1959,Johnny Unitas,BAL,8954.0
1960,Johnny Unitas,BAL,12053.0
1961,Johnny Unitas,BAL,15043.0
1962,Johnny Unitas,BAL,18010.0
1963,Johnny Unitas,BAL,21491.0
1964,Johnny Unitas,BAL,24315.0
1965,Johnny Unitas,BAL,26845.0
1966,Johnny Unitas,BAL,29593.0
1967,Johnny Unitas,BAL,33021.0
1968,Johnny Unitas,BAL,33160.0
1969,Johnny Unitas,BAL,35502.0
1970,Johnny Unitas,BAL,37715.0
1971,Johnny Unitas,BAL,38657.0
1972,Johnny Unitas,BAL,39768.0
1973,Johnny Unitas,SDG,40239.0
1997,Jon Kitna,SEA,371.0
1998,Jon Kitna,SEA,1548.0
1999,Jon Kitna,SEA,4894.0
2000,Jon Kitna,SEA,7552.0
2001,Jon Kitna,CIN,10768.0
2002,Jon Kitna,CIN,13946.0
2003,Jon Kitna,CIN,17551.0
2004,Jon Kitna,CIN,18174.0
2005,Jon Kitna,CIN,18273.0
2006,Jon Kitna,DET,22481.0
2007,Jon Kitna,DET,26547.0
2008,Jon Kitna,DET,27305.0
2010,Jon Kitna,DAL,29670.0
2011,Jon Kitna,DAL,29757.0
1998,Jonathan Quinn,JAX,387.0
2000,Jonathan Quinn,JAX,387.0
2001,Jonathan Quinn,JAC,748.0
2002,Jonathan Quinn,KC,748.0
2004,Jonathan Quinn,CHI,1161.0
2021,Jordan Love,GB,411.0
2022,Jordan Love,GB,606.0
2023,Jordan Love,GB,4765.0
2024,Jordan Love,GB,8154.0
2008,Jordan Palmer,CIN,41.0
2010,Jordan Palmer,CIN,59.0
2014,Jordan Palmer,TEN,66.0
2018,Josh Allen,BUF,2044.0
2019,Josh Allen,BUF,5133.0
2020,Josh Allen,BUF,9677.0
2021,Josh Allen,BUF,14084.0
2022,Josh Allen,BUF,18367.0
2023,Josh Allen,BUF,22673.0
2024,Josh Allen,BUF,26404.0
2009,Josh Freeman,TB,1857.0
2010,Josh Freeman,TB,5308.0
2011,Josh Freeman,TB,8900.0
2012,Josh Freeman,TB,12965.0
2013,Josh Freeman,MIN,13726.0
2015,Josh Freeman,IND,13875.0
2009,Josh Johnson,TB,685.0
2010,Josh Johnson,TB,796.0
2011,Josh Johnson,TB,1042.0
2012,Josh Johnson,CLE,1042.0
2013,Josh Johnson,CIN,1042.0
2018,Josh Johnson,WAS,1632.0
2021,Josh Johnson,BAL,2270.0
2022,Josh Johnson,SF,2280.0
2024,Josh Johnson,BAL,2297.0
2002,Josh McCown,ARI,66.0
2003,Josh McCown,ARI,1084.0
2004,Josh McCown,ARI,3595.0
2005,Josh McCown,ARI,5427.0
2006,Josh McCown,DET,5427.0
2007,Josh McCown,LV,6578.0
2008,Josh McCown,CAR,6578.0
2009,Josh McCown,CAR,6580.0
2011,Josh McCown,CHI,6994.0
2013,Josh McCown,CHI,8823.0
2014,Josh McCown,TB,11029.0
2015,Josh McCown,CLE,13138.0
2016,Josh McCown,CLE,14238.0
2017,Josh McCown,NYJ,17164.0
2018,Josh McCown,NYJ,17703.0
2019,Josh McCown,PHI,17727.0
2018,Josh Rosen,ARI,2278.0
2019,Josh Rosen,MIA,2845.0
2021,Josh Rosen,ATL,2864.0
2018,Joshua Dobbs,PIT,43.0
2020,Joshua Dobbs,PIT,45.0
2022,Joshua Dobbs,TEN,456.0
2023,Joshua Dobbs,MIN,2920.0
2024,Joshua Dobbs,SF,3281.0
1977,June Jones,ATL,-1.0
1978,June Jones,ATL,393.0
1979,June Jones,ATL,898.0
1981,June Jones,ATL,923.0
2021,Justin Fields,CHI,1870.0
2022,Justin Fields,CHI,4112.0
2023,Justin Fields,CHI,6674.0
2024,Justin Fields,PIT,7780.0
2020,Justin Herbert,LAC,4336.0
2021,Justin Herbert,LAC,9350.0
2022,Justin Herbert,LAC,14089.0
2023,Justin Herbert,LAC,17223.0
2024,Justin Herbert,LAC,21093.0
1966,Karl Sweetan,DET,1809.0
1967,Karl Sweetan,DET,2710.0
1968,Karl Sweetan,NOR,3028.0
1969,Karl Sweetan,RAM,3129.0
1970,Karl Sweetan,RAM,3210.0
2009,Keith Null,LA,558.0
2006,Kellen Clemens,NYJ,0.0
2007,Kellen Clemens,NYJ,1529.0
2008,Kellen Clemens,NYJ,1555.0
2009,Kellen Clemens,NYJ,1680.0
2010,Kellen Clemens,NYJ,1686.0
2011,Kellen Clemens,LA,2232.0
2012,Kellen Clemens,LA,2271.0
2013,Kellen Clemens,LA,3944.0
2014,Kellen Clemens,LAC,3954.0
2015,Kellen Clemens,LAC,4017.0
2016,Kellen Clemens,LAC,4017.0
2017,Kellen Clemens,LAC,4053.0
2021,Kellen Mond,MIN,5.0
2015,Kellen Moore,DAL,779.0
1997,Kelly Holcomb,IND,454.0
2001,Kelly Holcomb,CLE,568.0
2002,Kelly Holcomb,CLE,1358.0
2003,Kelly Holcomb,CLE,3155.0
2004,Kelly Holcomb,CLE,3892.0
2005,Kelly Holcomb,BUF,5401.0
2007,Kelly Holcomb,MIN,5912.0
1988,Kelly Stouffer,SEA,1106.0
1989,Kelly Stouffer,SEA,1376.0
1991,Kelly Stouffer,SEA,1433.0
1992,Kelly Stouffer,SEA,2333.0
1971,Ken Anderson,CIN,777.0
1972,Ken Anderson,CIN,2695.0
1973,Ken Anderson,CIN,5123.0
1974,Ken Anderson,CIN,7790.0
1975,Ken Anderson,CIN,10959.0
1976,Ken Anderson,CIN,13326.0
1977,Ken Anderson,CIN,15471.0
1978,Ken Anderson,CIN,17690.0
1979,Ken Anderson,CIN,20030.0
1980,Ken Anderson,CIN,21808.0
1981,Ken Anderson,CIN,25562.0
1982,Ken Anderson,CIN,28057.0
1983,Ken Anderson,CIN,30390.0
1984,Ken Anderson,CIN,32497.0
1985,Ken Anderson,CIN,32667.0
1986,Ken Anderson,CIN,32838.0
2004,Ken Dorsey,SF,1231.0
2005,Ken Dorsey,SF,1712.0
2006,Ken Dorsey,CLE,1712.0
2008,Ken Dorsey,CLE,2086.0
1987,Ken Karcher,DEN,628.0
1988,Ken Karcher,DEN,756.0
1984,Ken O'Brien,NYJ,1402.0
1985,Ken O'Brien,NYJ,5290.0
1986,Ken O'Brien,NYJ,8980.0
1987,Ken O'Brien,NYJ,11676.0
1988,Ken O'Brien,NYJ,14243.0
1989,Ken O'Brien,NYJ,17589.0
1990,Ken O'Brien,NYJ,20444.0
1991,Ken O'Brien,NYJ,23744.0
1992,Ken O'Brien,NYJ,24386.0
1993,Ken O'Brien,PHI,25094.0
1970,Ken Stabler,OAK,52.0
1971,Ken Stabler,OAK,320.0
1972,Ken Stabler,OAK,844.0
1973,Ken Stabler,OAK,2841.0
1974,Ken Stabler,OAK,5310.0
1975,Ken Stabler,OAK,7606.0
1976,Ken Stabler,OAK,10343.0
1977,Ken Stabler,OAK,12519.0
1978,Ken Stabler,OAK,15463.0
1979,Ken Stabler,OAK,19078.0
1980,Ken Stabler,HOU,22280.0
1981,Ken Stabler,HOU,24268.0
1982,Ken Stabler,NOR,25611.0
1983,Ken Stabler,NOR,27599.0
1984,Ken Stabler,NOR,27938.0
2022,Kenny Pickett,PIT,2404.0
2023,Kenny Pickett,PIT,4474.0
2024,Kenny Pickett,PHI,4765.0
1992,Kent Graham,NYG,470.0
1993,Kent Graham,NYG,549.0
1994,Kent Graham,NYG,844.0
1996,Kent Graham,ARI,2468.0
1997,Kent Graham,ARI,3876.0
1998,Kent Graham,NYG,5095.0
1999,Kent Graham,NYG,6792.0
2000,Kent Graham,PIT,7670.0
2001,Kent Graham,WAS,7801.0
1967,Kent Nix,PIT,1587.0
1968,Kent Nix,PIT,2307.0
1969,Kent Nix,PIT,2597.0
1970,Kent Nix,CHI,2597.0
1971,Kent Nix,CHI,3357.0
1972,Kent Nix,HOU,3644.0
1995,Kerry Collins,CAR,2717.0
1996,Kerry Collins,CAR,5171.0
1997,Kerry Collins,CAR,7295.0
1998,Kerry Collins,2TM,9508.0
1998,Kerry Collins,CAR,10519.0
1998,Kerry Collins,NOR,11721.0
1999,Kerry Collins,NYG,14039.0
2000,Kerry Collins,NYG,17649.0
2001,Kerry Collins,NYG,21413.0
2002,Kerry Collins,NYG,25486.0
2003,Kerry Collins,NYG,28596.0
2004,Kerry Collins,LV,32091.0
2005,Kerry Collins,LV,35850.0
2006,Kerry Collins,TEN,36399.0
2007,Kerry Collins,TEN,36930.0
2008,Kerry Collins,TEN,39611.0
2009,Kerry Collins,TEN,40836.0
2010,Kerry Collins,TEN,42659.0
2011,Kerry Collins,IND,43140.0
1996,Kerwin Bell,IND,75.0
2016,Kevin Hogan,CLE,104.0
2017,Kevin Hogan,CLE,621.0
1987,Kevin Ingram,NOR,5.0
2007,Kevin Kolb,PHI,0.0
2008,Kevin Kolb,PHI,144.0
2009,Kevin Kolb,PHI,885.0
2010,Kevin Kolb,PHI,2082.0
2011,Kevin Kolb,ARI,4037.0
2012,Kevin Kolb,ARI,5206.0
2008,Kevin O'Connell,NE,23.0
1987,Kevin Sweeney,DAL,291.0
1988,Kevin Sweeney,DAL,605.0
2000,Kevin Thompson,CLE,8.0
1974,Kim McQuilken,ATL,373.0
1975,Kim McQuilken,ATL,626.0
1976,Kim McQuilken,ATL,1076.0
1977,Kim McQuilken,ATL,1123.0
1979,Kim McQuilken,WAS,1135.0
1958,King Hill,CRD,18.0
1959,King Hill,CRD,1033.0
1960,King Hill,STL,1238.0
1961,King Hill,PHI,1339.0
1962,King Hill,PHI,1700.0
1963,King Hill,PHI,2913.0
1964,King Hill,PHI,3554.0
1965,King Hill,PHI,4411.0
1966,King Hill,PHI,4982.0
1967,King Hill,PHI,5015.0
1968,King Hill,PHI,5546.0
1969,King Hill,STL,5553.0
2012,Kirk Cousins,WAS,466.0
2013,Kirk Cousins,WAS,1320.0
2014,Kirk Cousins,WAS,3030.0
2015,Kirk Cousins,WAS,7196.0
2016,Kirk Cousins,WAS,12113.0
2017,Kirk Cousins,WAS,16206.0
2018,Kirk Cousins,MIN,20504.0
2019,Kirk Cousins,MIN,24107.0
2020,Kirk Cousins,MIN,28372.0
2021,Kirk Cousins,MIN,32593.0
2022,Kirk Cousins,MIN,37140.0
2023,Kirk Cousins,MIN,39471.0
2024,Kirk Cousins,ATL,42979.0
2005,Kliff Kingsbury,NYJ,17.0
1995,Kordell Stewart,PIT,60.0
1996,Kordell Stewart,PIT,160.0
1997,Kordell Stewart,PIT,3180.0
1998,Kordell Stewart,PIT,5740.0
1999,Kordell Stewart,PIT,7204.0
2000,Kordell Stewart,PIT,9064.0
2001,Kordell Stewart,PIT,12173.0
2002,Kordell Stewart,PIT,13328.0
2003,Kordell Stewart,CHI,14746.0
2004,Kordell Stewart,BAL,14746.0
2005,Kordell Stewart,BAL,14746.0
1998,Koy Detmer,PHI,1011.0
1999,Koy Detmer,PHI,1192.0
2000,Koy Detmer,PHI,1192.0
2001,Koy Detmer,PHI,1243.0
2002,Koy Detmer,PHI,1467.0
2003,Koy Detmer,PHI,1499.0
2004,Koy Detmer,PHI,1706.0
2005,Koy Detmer,PHI,1944.0
2021,Kurt Benkert,GB,0.0
2003,Kurt Kittner,ATL,391.0
1998,Kurt Warner,STL,39.0
1999,Kurt Warner,STL,4083.0
2000,Kurt Warner,STL,7512.0
2001,Kurt Warner,STL,12342.0
2002,Kurt Warner,STL,13773.0
2003,Kurt Warner,LA,14138.0
2004,Kurt Warner,NYG,16192.0
2005,Kurt Warner,ARI,18905.0
2006,Kurt Warner,ARI,20282.0
2007,Kurt Warner,ARI,23691.0
2008,Kurt Warner,ARI,28273.0
2009,Kurt Warner,ARI,32031.0
2018,Kyle Allen,CAR,266.0
2019,Kyle Allen,CAR,3588.0
2020,Kyle Allen,WAS,4198.0
2021,Kyle Allen,WAS,4318.0
2022,Kyle Allen,HOU,4734.0
2023,Kyle Allen,BUF,4734.0
2024,Kyle Allen,PIT,4753.0
2003,Kyle Boller,BAL,1260.0
2004,Kyle Boller,BAL,3819.0
2005,Kyle Boller,BAL,5618.0
2006,Kyle Boller,BAL,6103.0
2007,Kyle Boller,BAL,7846.0
2009,Kyle Boller,LA,8745.0
2010,Kyle Boller,LV,8770.0
2011,Kyle Boller,LV,8931.0
2018,Kyle Lauletta,NYG,0.0
1987,Kyle Mackey,MIA,604.0
1989,Kyle Mackey,NYJ,729.0
2005,Kyle Orton,CHI,1869.0
2007,Kyle Orton,CHI,2344.0
2008,Kyle Orton,CHI,5323.0
2009,Kyle Orton,DEN,9125.0
2010,Kyle Orton,DEN,12777.0
2011,Kyle Orton,KC,14535.0
2012,Kyle Orton,DAL,14624.0
2013,Kyle Orton,DAL,15022.0
2014,Kyle Orton,BUF,18040.0
2022,Kyle Trask,TB,23.0
2023,Kyle Trask,TB,23.0
2024,Kyle Trask,TB,28.0
2019,Kyler Murray,ARI,3722.0
2020,Kyler Murray,ARI,7693.0
2021,Kyler Murray,ARI,11480.0
2022,Kyler Murray,ARI,13848.0
2023,Kyler Murray,ARI,15647.0
2024,Kyler Murray,ARI,19498.0
2018,Lamar Jackson,BAL,1201.0
2019,Lamar Jackson,BAL,4328.0
2020,Lamar Jackson,BAL,7085.0
2021,Lamar Jackson,BAL,9967.0
2022,Lamar Jackson,BAL,12209.0
2023,Lamar Jackson,BAL,15887.0
2024,Lamar Jackson,BAL,20059.0
1954,Lamar McHan,CRD,1475.0
1955,Lamar McHan,CRD,2560.0
1956,Lamar McHan,CRD,3719.0
1957,Lamar McHan,CRD,5287.0
1958,Lamar McHan,CRD,6578.0
1959,Lamar McHan,GNB,7383.0
1960,Lamar McHan,GNB,7900.0
1961,Lamar McHan,BAL,7928.0
1962,Lamar McHan,BAL,8206.0
1963,Lamar McHan,2TM,9449.0
1963,Lamar McHan,BAL,9449.0
1963,Lamar McHan,SFO,10692.0
2015,Landry Jones,PIT,513.0
2016,Landry Jones,PIT,1071.0
2017,Landry Jones,PIT,1310.0
1974,Larry Cipa,NOR,242.0
1975,Larry Cipa,NOR,424.0
1974,Larry Lawrence,OAK,29.0
1975,Larry Lawrence,OAK,79.0
1976,Larry Lawrence,TAM,79.0
1987,Larry Miller,MIN,2.0
1966,Larry Rakestraw,CHI,0.0
1967,Larry Rakestraw,CHI,228.0
1968,Larry Rakestraw,CHI,589.0
1960,Lee Grosscup,NYG,144.0
1961,Lee Grosscup,NYG,231.0
1957,Len Dawson,PIT,25.0
1958,Len Dawson,PIT,36.0
1959,Len Dawson,PIT,96.0
1960,Len Dawson,CLE,119.0
1961,Len Dawson,CLE,204.0
1970,Len Dawson,KAN,2080.0
1971,Len Dawson,KAN,4584.0
1972,Len Dawson,KAN,6419.0
1973,Len Dawson,KAN,7144.0
1974,Len Dawson,KAN,8717.0
1975,Len Dawson,KAN,9812.0
1971,Leo Hart,ATL,0.0
1972,Leo Hart,BUF,53.0
2010,Levi Brown,BUF,24.0
2020,Logan Woodside,TEN,7.0
2021,Logan Woodside,TEN,7.0
2023,Logan Woodside,ATL,34.0
1987,Loren Snyder,DAL,44.0
2019,Luke Falk,NYJ,416.0
2004,Luke McCown,CLE,608.0
2007,Luke McCown,TB,1617.0
2008,Luke McCown,TB,1617.0
2009,Luke McCown,JAX,1619.0
2010,Luke McCown,JAX,1739.0
2011,Luke McCown,JAX,2035.0
2012,Luke McCown,ATL,2035.0
2013,Luke McCown,NO,2035.0
2015,Luke McCown,NO,2370.0
1971,Lynn Dickey,HOU,315.0
1973,Lynn Dickey,HOU,1203.0
1974,Lynn Dickey,HOU,1907.0
1975,Lynn Dickey,HOU,1953.0
1976,Lynn Dickey,GNB,3418.0
1977,Lynn Dickey,GNB,4764.0
1979,Lynn Dickey,GNB,5551.0
1980,Lynn Dickey,GNB,9080.0
1981,Lynn Dickey,GNB,11673.0
1982,Lynn Dickey,GNB,13463.0
1983,Lynn Dickey,GNB,17921.0
1984,Lynn Dickey,GNB,21116.0
1985,Lynn Dickey,GNB,23322.0
1958,M.C. Reynolds,CRD,1422.0
1959,M.C. Reynolds,CRD,1751.0
1960,M.C. Reynolds,WAS,1905.0
2021,Mac Jones,NE,3801.0
2022,Mac Jones,NE,6798.0
2023,Mac Jones,NE,8918.0
2024,Mac Jones,JAX,10590.0
2022,Malik Willis,TEN,276.0
2023,Malik Willis,TEN,350.0
2024,Malik Willis,GB,900.0
2002,Marc Bulger,STL,1826.0
2003,Marc Bulger,LA,5671.0
2004,Marc Bulger,LA,9635.0
2005,Marc Bulger,LA,11932.0
2006,Marc Bulger,LA,16233.0
2007,Marc Bulger,LA,18625.0
2008,Marc Bulger,LA,21352.0
2009,Marc Bulger,LA,22821.0
1980,Marc Wilson,OAK,31.0
1981,Marc Wilson,OAK,2342.0
1982,Marc Wilson,RAI,2346.0
1983,Marc Wilson,RAI,3210.0
1984,Marc Wilson,RAI,5361.0
1985,Marc Wilson,RAI,7969.0
1986,Marc Wilson,RAI,9690.0
1987,Marc Wilson,RAI,11760.0
1989,Marc Wilson,NWE,12766.0
1990,Marc Wilson,NWE,14391.0
2015,Marcus Mariota,TEN,2818.0
2016,Marcus Mariota,TEN,6244.0
2017,Marcus Mariota,TEN,9476.0
2018,Marcus Mariota,TEN,12004.0
2019,Marcus Mariota,TEN,13207.0
2020,Marcus Mariota,LV,13433.0
2021,Marcus Mariota,LV,13437.0
2022,Marcus Mariota,ATL,15656.0
2023,Marcus Mariota,PHI,15820.0
2024,Marcus Mariota,WAS,16184.0
2005,Marcus Randall,TEN,0.0
1994,Mark Brunell,GNB,95.0
1995,Mark Brunell,JAX,2263.0
1996,Mark Brunell,JAX,6630.0
1997,Mark Brunell,JAX,9911.0
1998,Mark Brunell,JAX,12512.0
1999,Mark Brunell,JAX,15572.0
2000,Mark Brunell,JAX,19212.0
2001,Mark Brunell,JAC,22521.0
2002,Mark Brunell,TEN,25309.0
2003,Mark Brunell,JAX,25793.0
2004,Mark Brunell,WAS,26987.0
2005,Mark Brunell,WAS,30037.0
2006,Mark Brunell,WAS,31826.0
2009,Mark Brunell,NO,31928.0
2010,Mark Brunell,NYJ,32045.0
2011,Mark Brunell,NYJ,32072.0
2000,Mark Hartsell,CHI,0.0
1982,Mark Herrmann,DEN,421.0
1983,Mark Herrmann,BAL,677.0
1984,Mark Herrmann,IND,1029.0
1985,Mark Herrmann,SDG,2566.0
1986,Mark Herrmann,SDG,3193.0
1987,Mark Herrmann,SDG,3598.0
1988,Mark Herrmann,RAM,3636.0
1989,Mark Herrmann,RAM,3695.0
1990,Mark Herrmann,IND,3701.0
1991,Mark Herrmann,IND,3838.0
1992,Mark Herrmann,IND,4015.0
1981,Mark Malone,PIT,553.0
1983,Mark Malone,PIT,677.0
1984,Mark Malone,PIT,2814.0
1985,Mark Malone,PIT,4242.0
1986,Mark Malone,PIT,6686.0
1987,Mark Malone,PIT,8582.0
1988,Mark Malone,SDG,10162.0
1989,Mark Malone,NYJ,10175.0
1978,Mark Miller,CLE,212.0
1979,Mark Miller,CLE,243.0
1987,Mark Miller,BUF,252.0
1983,Mark Reed,BAL,34.0
1988,Mark Rypien,WAS,1730.0
1989,Mark Rypien,WAS,5498.0
1990,Mark Rypien,WAS,7568.0
1991,Mark Rypien,WAS,11132.0
1992,Mark Rypien,WAS,14414.0
1993,Mark Rypien,WAS,15928.0
1994,Mark Rypien,CLE,16622.0
1995,Mark Rypien,STL,18070.0
1996,Mark Rypien,PHI,18146.0
1997,Mark Rypien,STL,18416.0
2001,Mark Rypien,IND,18473.0
2009,Mark Sanchez,NYJ,2444.0
2010,Mark Sanchez,NYJ,5735.0
2011,Mark Sanchez,NYJ,9209.0
2012,Mark Sanchez,NYJ,12092.0
2014,Mark Sanchez,PHI,14510.0
2015,Mark Sanchez,PHI,15126.0
2016,Mark Sanchez,DAL,15219.0
2018,Mark Sanchez,WAS,15357.0
1987,Mark Stevens,SFO,52.0
1987,Mark Vlasic,SDG,8.0
1988,Mark Vlasic,SDG,278.0
1990,Mark Vlasic,SDG,446.0
1991,Mark Vlasic,KAN,762.0
2001,Marques Tuiasosopo,OAK,34.0
2002,Marques Tuiasosopo,OAK,34.0
2003,Marques Tuiasosopo,LV,358.0
2005,Marques Tuiasosopo,LV,482.0
2006,Marques Tuiasosopo,LV,550.0
2008,Marques Tuiasosopo,LV,554.0
1970,Marty Domres,SDG,491.0
1971,Marty Domres,SDG,588.0
1972,Marty Domres,BAL,1980.0
1973,Marty Domres,BAL,3133.0
1974,Marty Domres,BAL,3936.0
1975,Marty Domres,BAL,4059.0
1976,Marty Domres,SFO,4160.0
1977,Marty Domres,NYJ,4273.0
1987,Marty Horn,PHI,68.0
2019,Mason Rudolph,PIT,1765.0
2020,Mason Rudolph,PIT,2089.0
2021,Mason Rudolph,PIT,2366.0
2023,Mason Rudolph,PIT,3085.0
2024,Mason Rudolph,TEN,4615.0
2013,Matt Barkley,PHI,300.0
2014,Matt Barkley,PHI,300.0
2016,Matt Barkley,CHI,1911.0
2018,Matt Barkley,BUF,2143.0
2019,Matt Barkley,BUF,2502.0
2020,Matt Barkley,BUF,2699.0
2023,Matt Barkley,JAX,2699.0
1993,Matt Blundin,KAN,2.0
1994,Matt Blundin,KAN,15.0
1997,Matt Blundin,DET,15.0
2005,Matt Cassel,NE,183.0
2006,Matt Cassel,NE,215.0
2007,Matt Cassel,NE,253.0
2008,Matt Cassel,NE,3946.0
2009,Matt Cassel,KC,6870.0
2010,Matt Cassel,KC,9986.0
2011,Matt Cassel,KC,11699.0
2012,Matt Cassel,KC,13495.0
2013,Matt Cassel,MIN,15302.0
2014,Matt Cassel,MIN,15727.0
2015,Matt Cassel,DAL,17003.0
2016,Matt Cassel,TEN,17287.0
2017,Matt Cassel,TEN,17449.0
2018,Matt Cassel,DET,17508.0
1979,Matt Cavanaugh,NWE,10.0
1980,Matt Cavanaugh,NWE,895.0
1981,Matt Cavanaugh,NWE,2528.0
1982,Matt Cavanaugh,NWE,3018.0
1984,Matt Cavanaugh,SFO,3467.0
1985,Matt Cavanaugh,SFO,3801.0
1986,Matt Cavanaugh,PHI,4198.0
1988,Matt Cavanaugh,PHI,4299.0
1989,Matt Cavanaugh,PHI,4332.0
2008,Matt Flynn,GB,6.0
2009,Matt Flynn,GB,64.0
2010,Matt Flynn,GB,497.0
2011,Matt Flynn,GB,1015.0
2012,Matt Flynn,SEA,1083.0
2013,Matt Flynn,GB,2475.0
2014,Matt Flynn,GB,2541.0
2007,Matt Gutierrez,NE,15.0
2009,Matt Gutierrez,KC,18.0
1999,Matt Hasselbeck,GB,41.0
2000,Matt Hasselbeck,GB,145.0
2001,Matt Hasselbeck,SEA,2168.0
2002,Matt Hasselbeck,SEA,5243.0
2003,Matt Hasselbeck,SEA,9087.0
2004,Matt Hasselbeck,SEA,12477.0
2005,Matt Hasselbeck,SEA,15932.0
2006,Matt Hasselbeck,SEA,18374.0
2007,Matt Hasselbeck,SEA,22340.0
2008,Matt Hasselbeck,SEA,23556.0
2009,Matt Hasselbeck,SEA,26585.0
2010,Matt Hasselbeck,SEA,29583.0
2011,Matt Hasselbeck,TEN,33154.0
2012,Matt Hasselbeck,TEN,34521.0
2013,Matt Hasselbeck,IND,34651.0
2014,Matt Hasselbeck,IND,34952.0
2015,Matt Hasselbeck,IND,36642.0
1983,Matt Kofler,BUF,440.0
1984,Matt Kofler,BUF,872.0
1985,Matt Kofler,IND,1156.0
2006,Matt Leinart,ARI,2542.0
2007,Matt Leinart,ARI,3189.0
2008,Matt Leinart,ARI,3453.0
2009,Matt Leinart,ARI,3888.0
2011,Matt Leinart,HOU,3945.0
2012,Matt Leinart,LV,4060.0
2001,Matt Lytle,CAR,133.0
2005,Matt Mauck,TEN,136.0
2013,Matt McGloin,LV,1547.0
2014,Matt McGloin,LV,1676.0
2015,Matt McGloin,LV,1818.0
2016,Matt McGloin,LV,1868.0
2007,Matt Moore,CAR,730.0
2009,Matt Moore,CAR,1783.0
2010,Matt Moore,CAR,2640.0
2011,Matt Moore,MIA,5137.0
2012,Matt Moore,MIA,5268.0
2013,Matt Moore,MIA,5321.0
2014,Matt Moore,MIA,5342.0
2015,Matt Moore,MIA,5356.0
2016,Matt Moore,MIA,6077.0
2017,Matt Moore,MIA,6938.0
2019,Matt Moore,KC,7597.0
1977,Matt Robinson,NYJ,310.0
1978,Matt Robinson,NYJ,2312.0
1979,Matt Robinson,NYJ,2503.0
1980,Matt Robinson,DEN,3445.0
1981,Matt Robinson,BUF,3445.0
1982,Matt Robinson,BUF,3519.0
2008,Matt Ryan,ATL,3440.0
2009,Matt Ryan,ATL,6356.0
2010,Matt Ryan,ATL,10061.0
2011,Matt Ryan,ATL,14238.0
2012,Matt Ryan,ATL,18957.0
2013,Matt Ryan,ATL,23472.0
2014,Matt Ryan,ATL,28166.0
2015,Matt Ryan,ATL,32757.0
2016,Matt Ryan,ATL,37701.0
2017,Matt Ryan,ATL,41796.0
2018,Matt Ryan,ATL,46720.0
2019,Matt Ryan,ATL,51186.0
2020,Matt Ryan,ATL,55767.0
2021,Matt Ryan,ATL,59735.0
2022,Matt Ryan,IND,62792.0
2004,Matt Schaub,ATL,329.0
2005,Matt Schaub,ATL,824.0
2006,Matt Schaub,ATL,1032.0
2007,Matt Schaub,HOU,3273.0
2008,Matt Schaub,HOU,6316.0
2009,Matt Schaub,HOU,11086.0
2010,Matt Schaub,HOU,15456.0
2011,Matt Schaub,HOU,17935.0
2012,Matt Schaub,HOU,21943.0
2013,Matt Schaub,HOU,24253.0
2014,Matt Schaub,LV,24310.0
2015,Matt Schaub,BAL,24850.0
2016,Matt Schaub,ATL,24866.0
2018,Matt Schaub,ATL,24886.0
2019,Matt Schaub,ATL,25466.0
2020,Matt Schaub,ATL,25466.0
2013,Matt Simms,NYJ,156.0
2014,Matt Simms,NYJ,195.0
1987,Matt Stevens,KAN,315.0
2009,Matthew Stafford,DET,2267.0
2010,Matthew Stafford,DET,2802.0
2011,Matthew Stafford,DET,7902.0
2012,Matthew Stafford,DET,12869.0
2013,Matthew Stafford,DET,17519.0
2014,Matthew Stafford,DET,21776.0
2015,Matthew Stafford,DET,26038.0
2016,Matthew Stafford,DET,30365.0
2017,Matthew Stafford,DET,34811.0
2018,Matthew Stafford,DET,38588.0
2019,Matthew Stafford,DET,41087.0
2020,Matthew Stafford,DET,45171.0
2021,Matthew Stafford,LA,50057.0
2022,Matthew Stafford,LA,52144.0
2023,Matthew Stafford,LA,56109.0
2024,Matthew Stafford,LA,59871.0
1954,Maury Duncan,SFO,82.0
1955,Maury Duncan,SFO,122.0
2010,Max Hall,ARI,370.0
2000,Michael Bishop,NE,80.0
2024,Michael Penix Jr.,ATL,775.0
1974,Mike Boryla,PHI,580.0
1975,Mike Boryla,PHI,1576.0
1976,Mike Boryla,PHI,2823.0
1978,Mike Boryla,TAM,2838.0
1991,Mike Buck,NOR,61.0
1992,Mike Buck,NOR,71.0
1993,Mike Buck,NOR,519.0
1995,Mike Buck,ARI,790.0
1987,Mike Busch,NYG,278.0
1998,Mike Cherry,NYG,0.0
1989,Mike Elkins,KAN,5.0
1972,Mike Ernst,DEN,10.0
2013,Mike Glennon,TB,2608.0
2014,Mike Glennon,TB,4025.0
2016,Mike Glennon,TB,4100.0
2017,Mike Glennon,CHI,4933.0
2018,Mike Glennon,ARI,5107.0
2019,Mike Glennon,LV,5163.0
2020,Mike Glennon,JAX,6235.0
2021,Mike Glennon,NYG,7025.0
1987,Mike Hohensee,CHI,343.0
1987,Mike Hold,TAM,123.0
2011,Mike Kafka,PHI,107.0
1987,Mike Kelley,SDG,305.0
1983,Mike Kerrigan,NWE,72.0
1984,Mike Kerrigan,NWE,85.0
1978,Mike Kirkland,BAL,211.0
1976,Mike Kruczek,PIT,758.0
1977,Mike Kruczek,PIT,777.0
1978,Mike Kruczek,PIT,823.0
1979,Mike Kruczek,PIT,976.0
1980,Mike Kruczek,WAS,1185.0
1970,Mike Livingston,KAN,122.0
1971,Mike Livingston,KAN,252.0
1972,Mike Livingston,KAN,732.0
1973,Mike Livingston,KAN,1648.0
1974,Mike Livingston,KAN,2380.0
1975,Mike Livingston,KAN,3625.0
1976,Mike Livingston,KAN,6307.0
1977,Mike Livingston,KAN,8130.0
1978,Mike Livingston,KAN,9703.0
1979,Mike Livingston,KAN,10172.0
1980,Mike Loyd,STL,49.0
1984,Mike Machurek,DET,193.0
2001,Mike McMahon,DET,671.0
2002,Mike McMahon,DET,1545.0
2003,Mike McMahon,DET,1632.0
2004,Mike McMahon,DET,1709.0
2005,Mike McMahon,PHI,2867.0
1979,Mike Moroski,ATL,97.0
1980,Mike Moroski,ATL,121.0
1981,Mike Moroski,ATL,253.0
1982,Mike Moroski,ATL,340.0
1983,Mike Moroski,ATL,915.0
1984,Mike Moroski,ATL,2122.0
1985,Mike Moroski,HOU,2371.0
1986,Mike Moroski,SFO,2864.0
1976,Mike Nott,KAN,46.0
1982,Mike Pagel,BAL,1281.0
1983,Mike Pagel,BAL,3634.0
1984,Mike Pagel,IND,5060.0
1985,Mike Pagel,IND,7474.0
1986,Mike Pagel,CLE,7527.0
1988,Mike Pagel,CLE,8263.0
1989,Mike Pagel,CLE,8323.0
1990,Mike Pagel,CLE,9142.0
1991,Mike Pagel,RAM,9292.0
1992,Mike Pagel,RAM,9391.0
1993,Mike Pagel,RAM,9414.0
1970,Mike Phipps,CLE,529.0
1971,Mike Phipps,CLE,708.0
1972,Mike Phipps,CLE,2702.0
1973,Mike Phipps,CLE,4421.0
1974,Mike Phipps,CLE,5805.0
1975,Mike Phipps,CLE,7554.0
1976,Mike Phipps,CLE,7700.0
1977,Mike Phipps,CHI,7705.0
1978,Mike Phipps,CHI,8170.0
1979,Mike Phipps,CHI,9705.0
1980,Mike Phipps,CHI,10335.0
1981,Mike Phipps,CHI,10506.0
1997,Mike Quinn,PIT,10.0
1998,Mike Quinn,DAL,20.0
1976,Mike Rae,OAK,417.0
1977,Mike Rae,OAK,579.0
1978,Mike Rae,TAM,1284.0
1979,Mike Rae,TAM,1536.0
1970,Mike Taliaferro,BOS,871.0
1972,Mike Taliaferro,BUF,1047.0
1985,Mike Tomczak,CHI,33.0
1986,Mike Tomczak,CHI,1138.0
1987,Mike Tomczak,CHI,2358.0
1988,Mike Tomczak,CHI,3668.0
1989,Mike Tomczak,CHI,5726.0
1990,Mike Tomczak,CHI,6247.0
1991,Mike Tomczak,GNB,7737.0
1992,Mike Tomczak,CLE,9430.0
1993,Mike Tomczak,PIT,9828.0
1994,Mike Tomczak,PIT,10632.0
1995,Mike Tomczak,PIT,11298.0
1996,Mike Tomczak,PIT,14065.0
1997,Mike Tomczak,PIT,14250.0
1998,Mike Tomczak,PIT,14454.0
1999,Mike Tomczak,PIT,16079.0
2001,Mike Vick,ATL,785.0
2002,Mike Vick,ATL,3721.0
2003,Mike Vick,ATL,4306.0
2004,Mike Vick,ATL,6619.0
2005,Mike Vick,ATL,9031.0
2006,Mike Vick,ATL,11505.0
2009,Mike Vick,PHI,11591.0
2010,Mike Vick,PHI,14609.0
2011,Mike Vick,PHI,17912.0
2012,Mike Vick,PHI,20274.0
2013,Mike Vick,PHI,21489.0
2014,Mike Vick,NYJ,22093.0
2015,Mike Vick,PIT,22464.0
2021,Mike White,NYJ,953.0
2022,Mike White,NYJ,2145.0
2023,Mike White,MIA,2219.0
2024,Mike White,BUF,2247.0
1957,Milt Plum,CLE,590.0
1958,Milt Plum,CLE,2209.0
1959,Milt Plum,CLE,4201.0
1960,Milt Plum,CLE,6498.0
1961,Milt Plum,CLE,8914.0
1962,Milt Plum,DET,11292.0
1963,Milt Plum,DET,11631.0
1964,Milt Plum,DET,13872.0
1965,Milt Plum,DET,15582.0
1966,Milt Plum,DET,16525.0
1967,Milt Plum,DET,17450.0
1968,Milt Plum,RAM,17499.0
1969,Milt Plum,NYG,17536.0
2017,Mitchell Trubisky,CHI,2193.0
2018,Mitchell Trubisky,CHI,5416.0
2019,Mitchell Trubisky,CHI,8554.0
2020,Mitchell Trubisky,CHI,10609.0
2021,Mitchell Trubisky,BUF,10652.0
2022,Mitchell Trubisky,PIT,11904.0
2023,Mitchell Trubisky,PIT,12536.0
2024,Mitchell Trubisky,BUF,12715.0
1987,Monte McGuire,DEN,23.0
1998,Moses Moreno,CHI,166.0
1999,Moses Moreno,SD,244.0
2000,Moses Moreno,SD,378.0
2017,Nate Sudfeld,PHI,134.0
2018,Nate Sudfeld,PHI,156.0
2020,Nate Sudfeld,PHI,188.0
2022,Nate Sudfeld,DET,188.0
2017,Nathan Peterman,BUF,231.0
2018,Nathan Peterman,BUF,527.0
2020,Nathan Peterman,LV,552.0
2021,Nathan Peterman,LV,552.0
2022,Nathan Peterman,CHI,691.0
2023,Nathan Peterman,CHI,691.0
1976,Neal Jeffrey,SDG,11.0
1974,Neil Graff,NWE,20.0
1975,Neil Graff,NWE,241.0
1977,Neil Graff,PIT,288.0
1981,Neil Lomax,STL,1575.0
1982,Neil Lomax,STL,2942.0
1983,Neil Lomax,STL,5578.0
1984,Neil Lomax,STL,10192.0
1985,Neil Lomax,STL,13406.0
1986,Neil Lomax,STL,15989.0
1987,Neil Lomax,STL,19376.0
1988,Neil Lomax,PHO,22771.0
1991,Neil O'Donnell,PIT,1963.0
1992,Neil O'Donnell,PIT,4246.0
1993,Neil O'Donnell,PIT,7454.0
1994,Neil O'Donnell,PIT,9897.0
1995,Neil O'Donnell,PIT,12867.0
1996,Neil O'Donnell,NYJ,14014.0
1997,Neil O'Donnell,NYJ,16810.0
1998,Neil O'Donnell,CIN,19026.0
1999,Neil O'Donnell,TEN,20408.0
2000,Neil O'Donnell,TEN,20938.0
2001,Neil O'Donnell,TEN,21434.0
2002,Neil O'Donnell,TEN,21458.0
2003,Neil O'Donnell,TEN,21690.0
2012,Nick Foles,PHI,1699.0
2013,Nick Foles,PHI,4590.0
2014,Nick Foles,PHI,6753.0
2015,Nick Foles,LA,8805.0
2016,Nick Foles,KC,9215.0
2017,Nick Foles,PHI,9752.0
2018,Nick Foles,PHI,11165.0
2019,Nick Foles,JAX,11901.0
2020,Nick Foles,CHI,13753.0
2021,Nick Foles,CHI,14003.0
2022,Nick Foles,IND,14228.0
2018,Nick Mullens,SF,2277.0
2019,Nick Mullens,SF,2277.0
2020,Nick Mullens,SF,4714.0
2021,Nick Mullens,CLE,4861.0
2022,Nick Mullens,MIN,5085.0
2023,Nick Mullens,MIN,6391.0
2024,Nick Mullens,MIN,6429.0
1950,Nick Sebek,WAS,0.0
1951,Nick Sebek,WAS,0.0
1961,Norm Snead,WAS,2337.0
1962,Norm Snead,WAS,5263.0
1963,Norm Snead,WAS,8306.0
1964,Norm Snead,PHI,10212.0
1965,Norm Snead,PHI,12558.0
1966,Norm Snead,PHI,13833.0
1967,Norm Snead,PHI,17232.0
1968,Norm Snead,PHI,18887.0
1969,Norm Snead,PHI,21655.0
1970,Norm Snead,PHI,23978.0
1971,Norm Snead,MIN,24448.0
1972,Norm Snead,NYG,26755.0
1973,Norm Snead,NYG,28238.0
1974,Norm Snead,2TM,29221.0
1974,Norm Snead,NYG,29836.0
1974,Norm Snead,SFO,30204.0
1975,Norm Snead,SFO,31541.0
1976,Norm Snead,NYG,31780.0
1950,Norm Van Brocklin,RAM,2061.0
1951,Norm Van Brocklin,RAM,4122.0
1952,Norm Van Brocklin,RAM,5858.0
1953,Norm Van Brocklin,RAM,8251.0
1954,Norm Van Brocklin,RAM,10888.0
1955,Norm Van Brocklin,RAM,12778.0
1956,Norm Van Brocklin,RAM,13744.0
1957,Norm Van Brocklin,RAM,15849.0
1958,Norm Van Brocklin,PHI,18258.0
1959,Norm Van Brocklin,PHI,20875.0
1960,Norm Van Brocklin,PHI,23346.0
1976,Norris Weese,DEN,314.0
1977,Norris Weese,DEN,433.0
1978,Norris Weese,DEN,1156.0
1979,Norris Weese,DEN,1887.0
1955,Ogden Compton,CRD,339.0
1983,Oliver Luck,HOU,1375.0
1984,Oliver Luck,HOU,1631.0
1985,Oliver Luck,HOU,2203.0
1986,Oliver Luck,HOU,2544.0
1950,Otto Graham,CLE,1943.0
1951,Otto Graham,CLE,3886.0
1952,Otto Graham,CLE,6702.0
1953,Otto Graham,CLE,9424.0
1954,Otto Graham,CLE,11516.0
1955,Otto Graham,CLE,13237.0
2020,PJ Walker,CAR,368.0
2021,PJ Walker,CAR,730.0
2022,PJ Walker,CAR,1461.0
2023,PJ Walker,CLE,2135.0
1976,Parnell Dickinson,TAM,210.0
1976,Pat Haden,RAM,896.0
1977,Pat Haden,RAM,2447.0
1978,Pat Haden,RAM,5442.0
1979,Pat Haden,RAM,7296.0
1980,Pat Haden,RAM,7481.0
1981,Pat Haden,RAM,9296.0
1978,Pat Ryan,NYJ,106.0
1979,Pat Ryan,NYJ,119.0
1981,Pat Ryan,NYJ,167.0
1982,Pat Ryan,NYJ,313.0
1983,Pat Ryan,NYJ,572.0
1984,Pat Ryan,NYJ,2511.0
1985,Pat Ryan,NYJ,2606.0
1986,Pat Ryan,NYJ,2948.0
1987,Pat Ryan,NYJ,3262.0
1988,Pat Ryan,NYJ,4069.0
1989,Pat Ryan,NYJ,4222.0
1991,Pat Ryan,PHI,4320.0
1972,Pat Sullivan,ATL,44.0
1973,Pat Sullivan,ATL,219.0
1974,Pat Sullivan,ATL,775.0
1975,Pat Sullivan,ATL,1155.0
2009,Pat White,MIA,0.0
2017,Patrick Mahomes,KC,284.0
2018,Patrick Mahomes,KC,5381.0
2019,Patrick Mahomes,KC,9412.0
2020,Patrick Mahomes,KC,14152.0
2021,Patrick Mahomes,KC,18991.0
2022,Patrick Mahomes,KC,24241.0
2023,Patrick Mahomes,KC,28424.0
2024,Patrick Mahomes,KC,32352.0
2002,Patrick Ramsey,WAS,1539.0
2003,Patrick Ramsey,WAS,3708.0
2004,Patrick Ramsey,WAS,5373.0
2005,Patrick Ramsey,WAS,5652.0
2006,Patrick Ramsey,NYJ,5652.0
2007,Patrick Ramsey,DEN,5914.0
2008,Patrick Ramsey,DEN,5933.0
1950,Paul Christman,GNB,545.0
1951,Paul Christman,GNB,1090.0
1954,Paul Held,PIT,305.0
1955,Paul Held,GNB,332.0
1995,Paul Justin,IND,212.0
1996,Paul Justin,IND,1051.0
1997,Paul Justin,IND,2097.0
1998,Paul Justin,CIN,2523.0
1999,Paul Justin,STL,2614.0
1957,Paul Larson,CRD,61.0
1981,Paul McDonald,CLE,463.0
1982,Paul McDonald,CLE,1456.0
1983,Paul McDonald,CLE,1797.0
1984,Paul McDonald,CLE,5269.0
2016,Paxton Lynch,DEN,497.0
2017,Paxton Lynch,DEN,792.0
1994,Perry Klein,ATL,0.0
1970,Pete Beathard,STL,114.0
1971,Pete Beathard,STL,1144.0
1972,Pete Beathard,RAM,1399.0
1973,Pete Beathard,KAN,1788.0
1999,Pete Gonzalez,PIT,8.0
1970,Pete Liske,DEN,1340.0
1971,Pete Liske,PHI,3297.0
1972,Pete Liske,PHI,4270.0
1990,Peter Tom Willis,CHI,106.0
1991,Peter Tom Willis,CHI,277.0
1992,Peter Tom Willis,CHI,993.0
1993,Peter Tom Willis,CHI,1261.0
1998,Peyton Manning,IND,3739.0
1999,Peyton Manning,IND,7874.0
2000,Peyton Manning,IND,12287.0
2001,Peyton Manning,IND,16418.0
2002,Peyton Manning,IND,20618.0
2003,Peyton Manning,IND,24885.0
2004,Peyton Manning,IND,29442.0
2005,Peyton Manning,IND,33189.0
2006,Peyton Manning,IND,37586.0
2007,Peyton Manning,IND,41626.0
2008,Peyton Manning,IND,45628.0
2009,Peyton Manning,IND,50128.0
2010,Peyton Manning,IND,54828.0
2012,Peyton Manning,DEN,59487.0
2013,Peyton Manning,DEN,64964.0
2014,Peyton Manning,DEN,69691.0
2015,Peyton Manning,DEN,71940.0
1979,Phil Simms,NYG,1743.0
1980,Phil Simms,NYG,4064.0
1981,Phil Simms,NYG,6095.0
1983,Phil Simms,NYG,6225.0
1984,Phil Simms,NYG,10269.0
1985,Phil Simms,NYG,14098.0
1986,Phil Simms,NYG,17585.0
1987,Phil Simms,NYG,19815.0
1988,Phil Simms,NYG,23174.0
1989,Phil Simms,NYG,26235.0
1990,Phil Simms,NYG,28519.0
1991,Phil Simms,NYG,29512.0
1992,Phil Simms,NYG,30424.0
1993,Phil Simms,NYG,33462.0
2004,Philip Rivers,LAC,33.0
2005,Philip Rivers,LAC,148.0
2006,Philip Rivers,LAC,3535.0
2007,Philip Rivers,LAC,6687.0
2008,Philip Rivers,LAC,10691.0
2009,Philip Rivers,LAC,14945.0
2010,Philip Rivers,LAC,19655.0
2011,Philip Rivers,LAC,24279.0
2012,Philip Rivers,LAC,27885.0
2013,Philip Rivers,LAC,32363.0
2014,Philip Rivers,LAC,36649.0
2015,Philip Rivers,LAC,41441.0
2016,Philip Rivers,LAC,45827.0
2017,Philip Rivers,LAC,50342.0
2018,Philip Rivers,LAC,54650.0
2019,Philip Rivers,LAC,59265.0
2020,Philip Rivers,IND,63434.0
2001,Quincy Carter,DAL,1072.0
2002,Quincy Carter,DAL,2537.0
2003,Quincy Carter,DAL,5839.0
2004,Quincy Carter,NYJ,6337.0
2005,Quinn Gray,JAX,100.0
2006,Quinn Gray,JAX,266.0
2007,Quinn Gray,JAX,1252.0
2008,Quinn Gray,KC,1328.0
1955,Ralph Guglielmi,WAS,242.0
1958,Ralph Guglielmi,WAS,700.0
1959,Ralph Guglielmi,WAS,1317.0
1960,Ralph Guglielmi,WAS,2864.0
1961,Ralph Guglielmi,STL,3791.0
1962,Ralph Guglielmi,NYG,4001.0
1963,Ralph Guglielmi,2TM,4119.0
1963,Ralph Guglielmi,NYG,4208.0
1963,Ralph Guglielmi,PHI,4237.0
1985,Randall Cunningham,PHI,548.0
1986,Randall Cunningham,PHI,1939.0
1987,Randall Cunningham,PHI,4725.0
1988,Randall Cunningham,PHI,8533.0
1989,Randall Cunningham,PHI,11933.0
1990,Randall Cunningham,PHI,15399.0
1991,Randall Cunningham,PHI,15418.0
1992,Randall Cunningham,PHI,18193.0
1993,Randall Cunningham,PHI,19043.0
1994,Randall Cunningham,PHI,22272.0
1995,Randall Cunningham,PHI,22877.0
1997,Randall Cunningham,MIN,23378.0
1998,Randall Cunningham,MIN,27082.0
1999,Randall Cunningham,MIN,28557.0
2000,Randall Cunningham,DAL,29406.0
2001,Randall Cunningham,BAL,29979.0
1978,Randy Dean,NYG,188.0
1979,Randy Dean,NYG,279.0
2002,Randy Fasani,CAR,171.0
1977,Randy Hedberg,TAM,244.0
1966,Randy Johnson,ATL,1795.0
1967,Randy Johnson,ATL,3415.0
1968,Randy Johnson,ATL,4307.0
1969,Randy Johnson,ATL,5095.0
1970,Randy Johnson,ATL,5538.0
1971,Randy Johnson,NYG,6015.0
1972,Randy Johnson,NYG,6245.0
1973,Randy Johnson,NYG,7524.0
1975,Randy Johnson,WAS,8080.0
1976,Randy Johnson,GNB,8329.0
1984,Randy Wright,GNB,310.0
1985,Randy Wright,GNB,862.0
1986,Randy Wright,GNB,4109.0
1987,Randy Wright,GNB,5616.0
1988,Randy Wright,GNB,7106.0
1960,Ray Brown,BAL,65.0
1997,Ray Lucas,NYJ,28.0
1998,Ray Lucas,NYJ,55.0
1999,Ray Lucas,NYJ,1733.0
2000,Ray Lucas,NYJ,1939.0
2001,Ray Lucas,MIA,1984.0
2002,Ray Lucas,MIA,3029.0
1953,Ray Nagel,CRD,192.0
1986,Reggie Collier,DAL,96.0
1987,Reggie Collier,PIT,206.0
2003,Rex Grossman,CHI,437.0
2004,Rex Grossman,CHI,1044.0
2005,Rex Grossman,CHI,1303.0
2006,Rex Grossman,CHI,4500.0
2007,Rex Grossman,CHI,5911.0
2008,Rex Grossman,CHI,6168.0
2009,Rex Grossman,HOU,6201.0
2010,Rex Grossman,WAS,7085.0
2011,Rex Grossman,WAS,10236.0
1981,Rich Campbell,GNB,168.0
1984,Rich Campbell,GNB,386.0
1987,Rich Gannon,MIN,18.0
1988,Rich Gannon,MIN,108.0
1990,Rich Gannon,MIN,2386.0
1991,Rich Gannon,MIN,4552.0
1992,Rich Gannon,MIN,6457.0
1993,Rich Gannon,WAS,7161.0
1995,Rich Gannon,KAN,7218.0
1996,Rich Gannon,KAN,7709.0
1997,Rich Gannon,KAN,8853.0
1998,Rich Gannon,KAN,11158.0
1999,Rich Gannon,OAK,14998.0
2000,Rich Gannon,OAK,18428.0
2001,Rich Gannon,OAK,22256.0
2002,Rich Gannon,OAK,26945.0
2003,Rich Gannon,LV,28215.0
2004,Rich Gannon,LV,28739.0
2010,Richard Bartel,ARI,150.0
2011,Richard Bartel,ARI,236.0
1976,Richard Todd,NYJ,870.0
1977,Richard Todd,NYJ,2733.0
1978,Richard Todd,NYJ,3582.0
1979,Richard Todd,NYJ,6242.0
1980,Richard Todd,NYJ,9571.0
1981,Richard Todd,NYJ,12802.0
1982,Richard Todd,NYJ,14763.0
1983,Richard Todd,NYJ,18241.0
1984,Richard Todd,NOR,20419.0
1985,Richard Todd,NOR,20610.0
1970,Rick Arrington,PHI,328.0
1971,Rick Arrington,PHI,904.0
1972,Rick Arrington,PHI,950.0
1984,Rick McIvor,STL,0.0
1993,Rick Mirer,SEA,2833.0
1994,Rick Mirer,SEA,4984.0
1995,Rick Mirer,SEA,7548.0
1996,Rick Mirer,SEA,9094.0
1997,Rick Mirer,CHI,9514.0
1999,Rick Mirer,NYJ,10576.0
2000,Rick Mirer,SF,10702.0
2003,Rick Mirer,LV,11969.0
1987,Rick Neuheisel,SDG,367.0
1970,Rick Norton,GNB,64.0
1989,Rick Strom,PIT,0.0
1990,Rick Strom,PIT,162.0
1988,Ricky Turner,IND,92.0
1978,Rob Hertel,CIN,9.0
1995,Rob Johnson,JAX,24.0
1997,Rob Johnson,JAX,368.0
1998,Rob Johnson,BUF,1278.0
1999,Rob Johnson,BUF,1576.0
2000,Rob Johnson,BUF,3523.0
2001,Rob Johnson,BUF,4988.0
2002,Rob Johnson,TB,5524.0
2003,Rob Johnson,LV,5617.0
2012,Robert Griffin III,WAS,3200.0
2013,Robert Griffin III,WAS,6403.0
2014,Robert Griffin III,WAS,8097.0
2016,Robert Griffin III,CLE,8983.0
2018,Robert Griffin III,BAL,9004.0
2019,Robert Griffin III,BAL,9229.0
2020,Robert Griffin III,BAL,9271.0
1989,Rodney Peete,DET,1479.0
1990,Rodney Peete,DET,3453.0
1991,Rodney Peete,DET,4792.0
1992,Rodney Peete,DET,6494.0
1993,Rodney Peete,DET,8164.0
1994,Rodney Peete,DAL,8634.0
1995,Rodney Peete,PHI,10960.0
1996,Rodney Peete,PHI,11952.0
1997,Rodney Peete,PHI,12821.0
1998,Rodney Peete,PHI,13579.0
1999,Rodney Peete,WAS,13686.0
2002,Rodney Peete,CAR,16316.0
2003,Rodney Peete,CAR,16335.0
2004,Rodney Peete,CAR,16338.0
1969,Roger Staubach,DAL,421.0
1970,Roger Staubach,DAL,963.0
1971,Roger Staubach,DAL,2845.0
1972,Roger Staubach,DAL,2943.0
1973,Roger Staubach,DAL,5371.0
1974,Roger Staubach,DAL,7923.0
1975,Roger Staubach,DAL,10589.0
1976,Roger Staubach,DAL,13304.0
1977,Roger Staubach,DAL,15924.0
1978,Roger Staubach,DAL,19114.0
1979,Roger Staubach,DAL,22700.0
2002,Rohan Davey,NE,3.0
2003,Rohan Davey,NE,34.0
2004,Rohan Davey,NE,88.0
1962,Roman Gabriel,RAM,670.0
1963,Roman Gabriel,RAM,2617.0
1964,Roman Gabriel,RAM,3853.0
1965,Roman Gabriel,RAM,5174.0
1966,Roman Gabriel,RAM,7714.0
1967,Roman Gabriel,RAM,10493.0
1968,Roman Gabriel,RAM,12857.0
1969,Roman Gabriel,RAM,15406.0
1970,Roman Gabriel,RAM,17958.0
1971,Roman Gabriel,RAM,20196.0
1972,Roman Gabriel,RAM,22223.0
1973,Roman Gabriel,PHI,25442.0
1974,Roman Gabriel,PHI,27309.0
1975,Roman Gabriel,PHI,28953.0
1976,Roman Gabriel,PHI,29429.0
1977,Roman Gabriel,PHI,29444.0
1974,Ron Jaworski,RAM,144.0
1975,Ron Jaworski,RAM,446.0
1976,Ron Jaworski,RAM,719.0
1977,Ron Jaworski,PHI,2902.0
1978,Ron Jaworski,PHI,5389.0
1979,Ron Jaworski,PHI,8058.0
1980,Ron Jaworski,PHI,11587.0
1981,Ron Jaworski,PHI,14682.0
1982,Ron Jaworski,PHI,16758.0
1983,Ron Jaworski,PHI,20073.0
1984,Ron Jaworski,PHI,22827.0
1985,Ron Jaworski,PHI,26277.0
1986,Ron Jaworski,PHI,27682.0
1988,Ron Jaworski,MIA,27805.0
1989,Ron Jaworski,KAN,28190.0
1966,Ron Meyer,PIT,59.0
1962,Ron Miller,RAM,250.0
1966,Ron Smith,PIT,1249.0
1963,Ron Vander Kelen,MIN,376.0
1964,Ron Vander Kelen,MIN,454.0
1965,Ron Vander Kelen,MIN,706.0
1966,Ron Vander Kelen,MIN,853.0
1967,Ron Vander Kelen,MIN,1375.0
1968,Ronnie Lee South,NOR,129.0
1953,Rudy Bukich,RAM,169.0
1956,Rudy Bukich,RAM,299.0
1957,Rudy Bukich,WAS,402.0
1958,Rudy Bukich,2TM,568.0
1958,Rudy Bukich,WAS,734.0
1958,Rudy Bukich,CHI,734.0
1960,Rudy Bukich,PIT,1092.0
1961,Rudy Bukich,PIT,2345.0
1962,Rudy Bukich,CHI,2424.0
1963,Rudy Bukich,CHI,2793.0
1964,Rudy Bukich,CHI,3892.0
1965,Rudy Bukich,CHI,6533.0
1966,Rudy Bukich,CHI,8391.0
1967,Rudy Bukich,CHI,8576.0
1968,Rudy Bukich,CHI,8599.0
2012,Russell Wilson,SEA,3118.0
2013,Russell Wilson,SEA,6475.0
2014,Russell Wilson,SEA,9950.0
2015,Russell Wilson,SEA,13974.0
2016,Russell Wilson,SEA,18193.0
2017,Russell Wilson,SEA,22176.0
2018,Russell Wilson,SEA,25624.0
2019,Russell Wilson,SEA,29734.0
2020,Russell Wilson,SEA,33946.0
2021,Russell Wilson,SEA,37059.0
2022,Russell Wilson,DEN,40583.0
2023,Russell Wilson,DEN,43653.0
2024,Russell Wilson,PIT,46135.0
1985,Rusty Hilger,RAI,54.0
1986,Rusty Hilger,RAI,320.0
1987,Rusty Hilger,RAI,1026.0
1988,Rusty Hilger,DET,2584.0
1991,Rusty Hilger,IND,2584.0
1980,Rusty Lisch,STL,68.0
1983,Rusty Lisch,STL,134.0
1984,Rusty Lisch,CHI,547.0
2010,Rusty Smith,TEN,200.0
2012,Rusty Smith,TEN,234.0
2019,Ryan Finley,CIN,474.0
2020,Ryan Finley,CIN,638.0
2005,Ryan Fitzpatrick,LA,777.0
2006,Ryan Fitzpatrick,LA,777.0
2008,Ryan Fitzpatrick,CIN,2682.0
2009,Ryan Fitzpatrick,BUF,4104.0
2010,Ryan Fitzpatrick,BUF,7096.0
2011,Ryan Fitzpatrick,BUF,10928.0
2012,Ryan Fitzpatrick,BUF,14328.0
2013,Ryan Fitzpatrick,TEN,16782.0
2014,Ryan Fitzpatrick,HOU,19265.0
2015,Ryan Fitzpatrick,NYJ,23170.0
2016,Ryan Fitzpatrick,NYJ,25880.0
2017,Ryan Fitzpatrick,TB,26983.0
2018,Ryan Fitzpatrick,TB,29349.0
2019,Ryan Fitzpatrick,MIA,32878.0
2020,Ryan Fitzpatrick,MIA,34969.0
2021,Ryan Fitzpatrick,WAS,34982.0
2019,Ryan Griffin,TB,18.0
1998,Ryan Leaf,SDG,1289.0
2000,Ryan Leaf,SD,3110.0
2001,Ryan Leaf,DAL,3604.0
2012,Ryan Lindley,ARI,752.0
2014,Ryan Lindley,ARI,1314.0
2015,Ryan Lindley,IND,1372.0
2012,Ryan Mallett,NE,17.0
2014,Ryan Mallett,HOU,417.0
2015,Ryan Mallett,BAL,1753.0
2016,Ryan Mallett,BAL,1779.0
2017,Ryan Mallett,BAL,1835.0
2014,Ryan Nassib,NYG,60.0
2015,Ryan Nassib,NYG,128.0
2012,Ryan Tannehill,MIA,3294.0
2013,Ryan Tannehill,MIA,7207.0
2014,Ryan Tannehill,MIA,11252.0
2015,Ryan Tannehill,MIA,15460.0
2016,Ryan Tannehill,MIA,18455.0
2018,Ryan Tannehill,MIA,20434.0
2019,Ryan Tannehill,TEN,23176.0
2020,Ryan Tannehill,TEN,26995.0
2021,Ryan Tannehill,TEN,30729.0
2022,Ryan Tannehill,TEN,33265.0
2023,Ryan Tannehill,TEN,34881.0
2002,Sage Rosenfels,MIA,0.0
2003,Sage Rosenfels,MIA,50.0
2004,Sage Rosenfels,MIA,314.0
2005,Sage Rosenfels,MIA,776.0
2006,Sage Rosenfels,HOU,1041.0
2007,Sage Rosenfels,HOU,2725.0
2008,Sage Rosenfels,HOU,4156.0
2010,Sage Rosenfels,NYG,4156.0
1977,Sam Adkins,SEA,0.0
1979,Sam Adkins,SEA,0.0
1980,Sam Adkins,SEA,136.0
1981,Sam Adkins,SEA,232.0
2010,Sam Bradford,LA,3512.0
2011,Sam Bradford,LA,5676.0
2012,Sam Bradford,LA,9378.0
2013,Sam Bradford,LA,11065.0
2015,Sam Bradford,PHI,14790.0
2016,Sam Bradford,MIN,18667.0
2017,Sam Bradford,MIN,19049.0
2018,Sam Bradford,ARI,19449.0
2018,Sam Darnold,NYJ,2865.0
2019,Sam Darnold,NYJ,5889.0
2020,Sam Darnold,NYJ,8097.0
2021,Sam Darnold,CAR,10624.0
2022,Sam Darnold,CAR,11767.0
2023,Sam Darnold,SF,12064.0
2024,Sam Darnold,MIN,16383.0
2021,Sam Ehlinger,IND,0.0
2022,Sam Ehlinger,IND,573.0
1961,Sam Etcheverry,STL,1275.0
1962,Sam Etcheverry,STL,1982.0
2022,Sam Howell,WAS,169.0
2023,Sam Howell,WAS,4115.0
2024,Sam Howell,SEA,4139.0
1970,Sam Wyche,CIN,411.0
1974,Sam Wyche,DET,411.0
1976,Sam Wyche,STL,416.0
1950,Sammy Baugh,WAS,1130.0
1951,Sammy Baugh,WAS,2260.0
1952,Sammy Baugh,WAS,2412.0
1987,Sammy Garza,STL,183.0
1984,Sandy Osiecki,KAN,64.0
1980,Scott Brunner,NYG,610.0
1981,Scott Brunner,NYG,1588.0
1982,Scott Brunner,NYG,3605.0
1983,Scott Brunner,NYG,6121.0
1985,Scott Brunner,STL,6457.0
1976,Scott Bull,SFO,252.0
1977,Scott Bull,SFO,341.0
1978,Scott Bull,SFO,992.0
1984,Scott Campbell,PIT,109.0
1985,Scott Campbell,PIT,721.0
1986,Scott Campbell,2TM,728.0
1986,Scott Campbell,PIT,728.0
1986,Scott Campbell,ATL,735.0
1987,Scott Campbell,ATL,2463.0
1990,Scott Campbell,ATL,2990.0
1999,Scott Covington,CIN,23.0
2002,Scott Covington,STL,30.0
1971,Scott Hunter,GNB,1210.0
1972,Scott Hunter,GNB,2462.0
1973,Scott Hunter,GNB,2904.0
1976,Scott Hunter,ATL,3537.0
1977,Scott Hunter,ATL,4435.0
1979,Scott Hunter,DET,4756.0
1996,Scott Milanovich,TAM,9.0
1992,Scott Mitchell,MIA,32.0
1993,Scott Mitchell,MIA,1805.0
1994,Scott Mitchell,DET,3261.0
1995,Scott Mitchell,DET,7599.0
1996,Scott Mitchell,DET,10516.0
1997,Scott Mitchell,DET,14000.0
1998,Scott Mitchell,DET,14452.0
1999,Scott Mitchell,BAL,14500.0
2000,Scott Mitchell,CIN,15466.0
2001,Scott Mitchell,CIN,15504.0
1989,Scott Secules,MIA,286.0
1990,Scott Secules,MIA,303.0
1991,Scott Secules,MIA,393.0
1993,Scott Secules,NWE,1311.0
1984,Scott Stankavage,DEN,58.0
1987,Scott Stankavage,MIA,66.0
1987,Scott Tinsley,PHI,637.0
2013,Scott Tolzien,GB,717.0
2015,Scott Tolzien,GB,721.0
2016,Scott Tolzien,IND,937.0
2017,Scott Tolzien,IND,1065.0
1992,Scott Zolak,NWE,561.0
1993,Scott Zolak,NWE,561.0
1994,Scott Zolak,NWE,589.0
1995,Scott Zolak,NWE,871.0
1996,Scott Zolak,NWE,876.0
1997,Scott Zolak,NWE,943.0
1998,Scott Zolak,NWE,1314.0
1999,Scott Zolak,MIA,1314.0
2023,Sean Clifford,GB,37.0
2015,Sean Mannion,LA,31.0
2016,Sean Mannion,LA,50.0
2017,Sean Mannion,LA,235.0
2018,Sean Mannion,LA,258.0
2019,Sean Mannion,MIN,384.0
2021,Sean Mannion,MIN,573.0
1987,Sean Payton,CHI,79.0
2015,Sean Renfree,ATL,11.0
1987,Sean Salisbury,IND,68.0
1992,Sean Salisbury,MIN,1271.0
1993,Sean Salisbury,MIN,2684.0
1994,Sean Salisbury,MIN,2840.0
1996,Sean Salisbury,SDG,3824.0
2005,Seneca Wallace,SEA,173.0
2006,Seneca Wallace,SEA,1100.0
2007,Seneca Wallace,SEA,1315.0
2008,Seneca Wallace,SEA,2847.0
2009,Seneca Wallace,SEA,3547.0
2010,Seneca Wallace,CLE,4241.0
2011,Seneca Wallace,CLE,4808.0
2013,Seneca Wallace,GB,4947.0
1996,Shane Matthews,CHI,158.0
1999,Shane Matthews,CHI,1803.0
2000,Shane Matthews,CHI,2767.0
2001,Shane Matthews,CHI,3461.0
2002,Shane Matthews,WAS,4712.0
2004,Shane Matthews,BUF,4756.0
2005,Shaun Hill,MIN,0.0
2007,Shaun Hill,SF,501.0
2008,Shaun Hill,SF,2547.0
2009,Shaun Hill,SF,3490.0
2010,Shaun Hill,DET,6176.0
2011,Shaun Hill,DET,6209.0
2012,Shaun Hill,DET,6381.0
2013,Shaun Hill,DET,6381.0
2014,Shaun Hill,LA,8038.0
2015,Shaun Hill,MIN,8053.0
2016,Shaun Hill,MIN,8295.0
1999,Shaun King,TB,875.0
2000,Shaun King,TB,3644.0
2001,Shaun King,TB,3854.0
2002,Shaun King,TB,3934.0
2003,Shaun King,TB,4064.0
2004,Shaun King,ARI,4566.0
1987,Shawn Halloran,STL,263.0
1992,Shawn Moore,DEN,232.0
1950,Sid Luckman,CHI,180.0
1951,Sid Luckman,CHI,360.0
2022,Skylar Thompson,MIA,534.0
2024,Skylar Thompson,MIA,721.0
1964,Sonny Gibbs,DET,3.0
1957,Sonny Jurgensen,PHI,470.0
1958,Sonny Jurgensen,PHI,729.0
1959,Sonny Jurgensen,PHI,756.0
1960,Sonny Jurgensen,PHI,1242.0
1961,Sonny Jurgensen,PHI,4965.0
1962,Sonny Jurgensen,PHI,8226.0
1963,Sonny Jurgensen,PHI,9639.0
1964,Sonny Jurgensen,WAS,12573.0
1965,Sonny Jurgensen,WAS,14940.0
1966,Sonny Jurgensen,WAS,18149.0
1967,Sonny Jurgensen,WAS,21896.0
1968,Sonny Jurgensen,WAS,23876.0
1969,Sonny Jurgensen,WAS,26978.0
1970,Sonny Jurgensen,WAS,29332.0
1971,Sonny Jurgensen,WAS,29502.0
1972,Sonny Jurgensen,WAS,30135.0
1973,Sonny Jurgensen,WAS,31039.0
1974,Sonny Jurgensen,WAS,32224.0
2024,Spencer Rattler,NO,1317.0
2000,Spergon Wynn,CLE,167.0
2001,Spergon Wynn,MIN,585.0
1991,Stan Gelbaugh,PHO,674.0
1992,Stan Gelbaugh,SEA,1981.0
1993,Stan Gelbaugh,SEA,2020.0
1994,Stan Gelbaugh,SEA,2100.0
1996,Stan Gelbaugh,SEA,2100.0
1989,Stan Humphries,WAS,91.0
1990,Stan Humphries,WAS,1106.0
1992,Stan Humphries,SDG,4462.0
1993,Stan Humphries,SDG,6443.0
1994,Stan Humphries,SDG,9652.0
1995,Stan Humphries,SDG,13033.0
1996,Stan Humphries,SDG,15703.0
1997,Stan Humphries,SDG,17191.0
2010,Stephen McGee,DAL,238.0
2011,Stephen McGee,DAL,420.0
1975,Steve Bartkowski,ATL,1662.0
1976,Steve Bartkowski,ATL,2339.0
1977,Steve Bartkowski,ATL,3135.0
1978,Steve Bartkowski,ATL,5624.0
1979,Steve Bartkowski,ATL,8129.0
1980,Steve Bartkowski,ATL,11673.0
1981,Steve Bartkowski,ATL,15502.0
1982,Steve Bartkowski,ATL,17407.0
1983,Steve Bartkowski,ATL,20574.0
1984,Steve Bartkowski,ATL,22732.0
1985,Steve Bartkowski,ATL,23470.0
1986,Steve Bartkowski,RAM,24124.0
1988,Steve Beuerlein,RAI,1643.0
1989,Steve Beuerlein,RAI,3320.0
1991,Steve Beuerlein,DAL,4229.0
1992,Steve Beuerlein,DAL,4381.0
1993,Steve Beuerlein,PHO,7545.0
1994,Steve Beuerlein,ARI,9090.0
1995,Steve Beuerlein,JAX,10042.0
1996,Steve Beuerlein,CAR,10921.0
1997,Steve Beuerlein,CAR,11953.0
1998,Steve Beuerlein,CAR,14566.0
1999,Steve Beuerlein,CAR,19002.0
2000,Steve Beuerlein,CAR,22732.0
2002,Steve Beuerlein,DEN,23657.0
2003,Steve Beuerlein,DEN,24046.0
1985,Steve Bono,MIN,5.0
1986,Steve Bono,MIN,8.0
1987,Steve Bono,PIT,446.0
1988,Steve Bono,PIT,556.0
1989,Steve Bono,SFO,618.0
1991,Steve Bono,SFO,2235.0
1992,Steve Bono,SFO,2698.0
1993,Steve Bono,SFO,3114.0
1994,Steve Bono,KAN,3910.0
1995,Steve Bono,KAN,7031.0
1996,Steve Bono,KAN,9603.0
1997,Steve Bono,GNB,9632.0
1998,Steve Bono,STL,10439.0
1999,Steve Bono,,10439.0
1987,Steve Bradley,CHI,77.0
1978,Steve DeBerg,SFO,1570.0
1979,Steve DeBerg,SFO,5222.0
1980,Steve DeBerg,SFO,7220.0
1981,Steve DeBerg,DEN,8017.0
1982,Steve DeBerg,DEN,9422.0
1983,Steve DeBerg,DEN,11039.0
1984,Steve DeBerg,TAM,14593.0
1985,Steve DeBerg,TAM,17081.0
1986,Steve DeBerg,TAM,17691.0
1987,Steve DeBerg,TAM,19582.0
1988,Steve DeBerg,KAN,22517.0
1989,Steve DeBerg,KAN,25046.0
1990,Steve DeBerg,KAN,28490.0
1991,Steve DeBerg,KAN,31455.0
1992,Steve DeBerg,TAM,32165.0
1993,Steve DeBerg,2TM,33872.0
1993,Steve DeBerg,TAM,34058.0
1993,Steve DeBerg,MIA,35579.0
1998,Steve DeBerg,ATL,35948.0
1980,Steve Dils,MIN,352.0
1981,Steve Dils,MIN,959.0
1982,Steve Dils,MIN,1027.0
1983,Steve Dils,MIN,3867.0
1984,Steve Dils,RAM,3911.0
1986,Steve Dils,RAM,4604.0
1987,Steve Dils,RAM,5250.0
1988,Steve Dils,ATL,5816.0
1979,Steve Fuller,KAN,1484.0
1980,Steve Fuller,KAN,3734.0
1981,Steve Fuller,KAN,4668.0
1982,Steve Fuller,KAN,5333.0
1984,Steve Fuller,CHI,5928.0
1985,Steve Fuller,CHI,6705.0
1986,Steve Fuller,CHI,7156.0
1975,Steve Grogan,NWE,1976.0
1976,Steve Grogan,NWE,3879.0
1977,Steve Grogan,NWE,6041.0
1978,Steve Grogan,NWE,8865.0
1979,Steve Grogan,NWE,12151.0
1980,Steve Grogan,NWE,14626.0
1981,Steve Grogan,NWE,16485.0
1982,Steve Grogan,NWE,17415.0
1983,Steve Grogan,NWE,19826.0
1984,Steve Grogan,NWE,20270.0
1985,Steve Grogan,NWE,21581.0
1986,Steve Grogan,NWE,22557.0
1987,Steve Grogan,NWE,23740.0
1988,Steve Grogan,NWE,24574.0
1989,Steve Grogan,NWE,26271.0
1990,Steve Grogan,NWE,26886.0
1997,Steve Matthews,JAX,275.0
1998,Steve Matthews,TEN,299.0
1995,Steve McNair,HOU,569.0
1996,Steve McNair,HOU,1766.0
1997,Steve McNair,TEN,4431.0
1998,Steve McNair,TEN,7659.0
1999,Steve McNair,TEN,9838.0
2000,Steve McNair,TEN,12685.0
2001,Steve McNair,TEN,16035.0
2002,Steve McNair,TEN,19422.0
2003,Steve McNair,TEN,22668.0
2004,Steve McNair,TEN,24011.0
2005,Steve McNair,TEN,27172.0
2006,Steve McNair,BAL,30222.0
2007,Steve McNair,BAL,31335.0
1977,Steve Myer,SEA,729.0
1978,Steve Myer,SEA,823.0
1979,Steve Myer,SEA,851.0
1985,Steve Pelluer,DAL,47.0
1986,Steve Pelluer,DAL,2774.0
1987,Steve Pelluer,DAL,3416.0
1988,Steve Pelluer,DAL,6555.0
1989,Steve Pelluer,KAN,6856.0
1990,Steve Pelluer,KAN,6870.0
1978,Steve Pisarkiewicz,STL,164.0
1979,Steve Pisarkiewicz,STL,785.0
1980,Steve Pisarkiewicz,GNB,804.0
1970,Steve Ramsey,NOR,0.0
1971,Steve Ramsey,DEN,1120.0
1972,Steve Ramsey,DEN,2170.0
1973,Steve Ramsey,DEN,2364.0
1974,Steve Ramsey,DEN,2944.0
1975,Steve Ramsey,DEN,4506.0
1976,Steve Ramsey,DEN,6437.0
1950,Steve Romanik,CHI,0.0
1951,Steve Romanik,CHI,0.0
1952,Steve Romanik,CHI,772.0
1953,Steve Romanik,2TM,1422.0
1953,Steve Romanik,CHI,1431.0
1953,Steve Romanik,CRD,2072.0
1954,Steve Romanik,CRD,2415.0
1966,Steve Sloan,ATL,96.0
1967,Steve Sloan,ATL,134.0
1967,Steve Spurrier,SFO,211.0
1969,Steve Spurrier,SFO,1137.0
1971,Steve Spurrier,SFO,1183.0
1972,Steve Spurrier,SFO,3166.0
1973,Steve Spurrier,SFO,4048.0
1974,Steve Spurrier,SFO,4050.0
1975,Steve Spurrier,SFO,5201.0
1976,Steve Spurrier,TAM,6829.0
1996,Steve Stenstrom,CHI,37.0
1997,Steve Stenstrom,CHI,107.0
1998,Steve Stenstrom,CHI,1359.0
1999,Steve Stenstrom,SF,1895.0
1970,Steve Tensi,DEN,539.0
1989,Steve Walsh,DAL,1371.0
1990,Steve Walsh,2TM,3381.0
1990,Steve Walsh,DAL,3421.0
1990,Steve Walsh,NOR,5391.0
1991,Steve Walsh,NOR,7029.0
1993,Steve Walsh,NOR,7300.0
1994,Steve Walsh,CHI,9378.0
1996,Steve Walsh,STL,9722.0
1997,Steve Walsh,TAM,9780.0
1998,Steve Walsh,TAM,9838.0
1999,Steve Walsh,IND,9885.0
1985,Steve Young,TAM,935.0
1986,Steve Young,TAM,3217.0
1987,Steve Young,SFO,3787.0
1988,Steve Young,SFO,4467.0
1989,Steve Young,SFO,5468.0
1990,Steve Young,SFO,5895.0
1991,Steve Young,SFO,8412.0
1992,Steve Young,SFO,11877.0
1993,Steve Young,SFO,15900.0
1994,Steve Young,SFO,19869.0
1995,Steve Young,SFO,23069.0
1996,Steve Young,SFO,25479.0
1997,Steve Young,SFO,28508.0
1998,Steve Young,SFO,32678.0
1999,Steve Young,SF,33124.0
1995,Stoney Case,ARI,19.0
1997,Stoney Case,ARI,335.0
1999,Stoney Case,BAL,1323.0
2000,Stoney Case,DET,1826.0
1993,T.J. Rubley,RAM,1338.0
1995,T.J. Rubley,GNB,1377.0
2011,T.J. Yates,HOU,949.0
2012,T.J. Yates,HOU,987.0
2013,T.J. Yates,HOU,1100.0
2014,T.J. Yates,ATL,1164.0
2015,T.J. Yates,HOU,1534.0
2017,T.J. Yates,HOU,2057.0
2024,Tanner McKee,PHI,323.0
2006,Tarvaris Jackson,MIN,475.0
2007,Tarvaris Jackson,MIN,2386.0
2008,Tarvaris Jackson,MIN,3442.0
2009,Tarvaris Jackson,MIN,3643.0
2010,Tarvaris Jackson,MIN,3984.0
2011,Tarvaris Jackson,SEA,7075.0
2013,Tarvaris Jackson,SEA,7226.0
2014,Tarvaris Jackson,SEA,7226.0
2015,Tarvaris Jackson,SEA,7263.0
2017,Taylor Heinicke,HOU,10.0
2018,Taylor Heinicke,CAR,330.0
2020,Taylor Heinicke,WAS,467.0
2021,Taylor Heinicke,WAS,3886.0
2022,Taylor Heinicke,WAS,5745.0
2023,Taylor Heinicke,ATL,6635.0
2024,Taylor Heinicke,LAC,6663.0
1953,Ted Marchibroda,PIT,66.0
1955,Ted Marchibroda,PIT,346.0
1956,Ted Marchibroda,PIT,1931.0
1957,Ted Marchibroda,CRD,2169.0
2014,Teddy Bridgewater,MIN,2919.0
2015,Teddy Bridgewater,MIN,6150.0
2017,Teddy Bridgewater,MIN,6150.0
2018,Teddy Bridgewater,NO,6268.0
2019,Teddy Bridgewater,NO,7652.0
2020,Teddy Bridgewater,CAR,11385.0
2021,Teddy Bridgewater,DEN,14437.0
2022,Teddy Bridgewater,MIA,15120.0
2023,Teddy Bridgewater,DET,15120.0
2001,Tee Martin,PIT,0.0
2003,Tee Martin,LV,69.0
1963,Terry Baker,RAM,140.0
1970,Terry Bradshaw,PIT,1410.0
1971,Terry Bradshaw,PIT,3669.0
1972,Terry Bradshaw,PIT,5556.0
1973,Terry Bradshaw,PIT,6739.0
1974,Terry Bradshaw,PIT,7524.0
1975,Terry Bradshaw,PIT,9579.0
1976,Terry Bradshaw,PIT,10756.0
1977,Terry Bradshaw,PIT,13279.0
1978,Terry Bradshaw,PIT,16194.0
1979,Terry Bradshaw,PIT,19918.0
1980,Terry Bradshaw,PIT,23257.0
1981,Terry Bradshaw,PIT,26144.0
1982,Terry Bradshaw,PIT,27912.0
1983,Terry Bradshaw,PIT,27989.0
1969,Terry Hanratty,PIT,716.0
1970,Terry Hanratty,PIT,1558.0
1971,Terry Hanratty,PIT,1717.0
1972,Terry Hanratty,PIT,1740.0
1973,Terry Hanratty,PIT,2383.0
1974,Terry Hanratty,PIT,2478.0
1976,Terry Hanratty,TAM,2510.0
1977,Terry Luck,CLE,316.0
1961,Terry Nofsinger,PIT,78.0
1963,Terry Nofsinger,PIT,124.0
1964,Terry Nofsinger,PIT,159.0
1965,Terry Nofsinger,STL,206.0
1966,Terry Nofsinger,STL,1005.0
1967,Terry Nofsinger,ATL,1357.0
1987,Terry Nugent,IND,47.0
2012,Thad Lewis,CLE,204.0
2013,Thad Lewis,BUF,1296.0
2019,Tim Boyle,GB,15.0
2020,Tim Boyle,GB,15.0
2021,Tim Boyle,DET,541.0
2022,Tim Boyle,CHI,574.0
2023,Tim Boyle,NYJ,934.0
2024,Tim Boyle,NYG,1210.0
1999,Tim Couch,CLE,2447.0
2000,Tim Couch,CLE,3930.0
2001,Tim Couch,CLE,6970.0
2002,Tim Couch,CLE,9812.0
2003,Tim Couch,CLE,11131.0
2003,Tim Hasselbeck,WAS,1012.0
2005,Tim Hasselbeck,NYG,1012.0
2007,Tim Hasselbeck,ARI,1012.0
2000,Tim Rattay,SF,-4.0
2001,Tim Rattay,SF,17.0
2002,Tim Rattay,SF,249.0
2003,Tim Rattay,SF,1105.0
2004,Tim Rattay,SF,3274.0
2005,Tim Rattay,SF,3941.0
2006,Tim Rattay,TB,4689.0
2007,Tim Rattay,ARI,4853.0
1987,Tim Riordan,NOR,0.0
2010,Tim Tebow,DEN,654.0
2011,Tim Tebow,DEN,2383.0
2012,Tim Tebow,NYJ,2422.0
1972,Tim Van Galder,STL,434.0
1989,Timm Rosenbach,PHO,95.0
1990,Timm Rosenbach,PHO,3193.0
1992,Timm Rosenbach,PHO,3676.0
1950,Tobin Rote,GNB,1231.0
1951,Tobin Rote,GNB,2462.0
1952,Tobin Rote,GNB,3730.0
1953,Tobin Rote,GNB,4735.0
1954,Tobin Rote,GNB,7046.0
1955,Tobin Rote,GNB,9023.0
1956,Tobin Rote,GNB,11226.0
1957,Tobin Rote,DET,12296.0
1958,Tobin Rote,DET,13974.0
1959,Tobin Rote,DET,14835.0
1983,Todd Blackledge,KAN,259.0
1984,Todd Blackledge,KAN,1966.0
1985,Todd Blackledge,KAN,3156.0
1986,Todd Blackledge,KAN,4356.0
1987,Todd Blackledge,KAN,4510.0
1988,Todd Blackledge,PIT,5004.0
1989,Todd Blackledge,PIT,5286.0
2001,Todd Bouman,MIN,795.0
2002,Todd Bouman,MIN,880.0
2003,Todd Bouman,NO,961.0
2005,Todd Bouman,NO,1683.0
2010,Todd Bouman,JAX,1905.0
1995,Todd Collins,BUF,112.0
1996,Todd Collins,BUF,851.0
1997,Todd Collins,BUF,3218.0
2001,Todd Collins,KC,3258.0
2002,Todd Collins,KC,3331.0
2003,Todd Collins,KC,3405.0
2004,Todd Collins,KC,3447.0
2005,Todd Collins,KC,3447.0
2007,Todd Collins,WAS,4335.0
2009,Todd Collins,WAS,4479.0
2010,Todd Collins,CHI,4547.0
1987,Todd Hons,DET,552.0
2000,Todd Husak,WAS,-2.0
1991,Todd Marinovich,RAI,243.0
1992,Todd Marinovich,RAI,1345.0
1990,Todd Philcox,CIN,0.0
1991,Todd Philcox,CLE,49.0
1992,Todd Philcox,CLE,266.0
1993,Todd Philcox,CLE,965.0
1997,Todd Philcox,SDG,1138.0
2000,Tom Brady,NE,6.0
2001,Tom Brady,NE,2849.0
2002,Tom Brady,NE,6613.0
2003,Tom Brady,NE,10233.0
2004,Tom Brady,NE,13923.0
2005,Tom Brady,NE,18033.0
2006,Tom Brady,NE,21566.0
2007,Tom Brady,NE,26372.0
2008,Tom Brady,NE,26448.0
2009,Tom Brady,NE,30846.0
2010,Tom Brady,NE,34746.0
2011,Tom Brady,NE,39981.0
2012,Tom Brady,NE,44808.0
2013,Tom Brady,NE,49151.0
2014,Tom Brady,NE,53260.0
2015,Tom Brady,NE,58030.0
2016,Tom Brady,NE,61584.0
2017,Tom Brady,NE,66161.0
2018,Tom Brady,NE,70516.0
2019,Tom Brady,NE,74573.0
2020,Tom Brady,TB,79206.0
2021,Tom Brady,TB,84522.0
2022,Tom Brady,TB,89216.0
2011,Tom Brandstater,LA,0.0
1980,Tom Clements,KAN,77.0
1952,Tom Dublinski,DET,39.0
1953,Tom Dublinski,DET,213.0
1954,Tom Dublinski,DET,1286.0
1958,Tom Dublinski,NYG,1300.0
1981,Tom Flick,WAS,143.0
1982,Tom Flick,NWE,143.0
1984,Tom Flick,CLE,145.0
1986,Tom Flick,SDG,506.0
1990,Tom Hodson,NWE,968.0
1991,Tom Hodson,NWE,1313.0
1992,Tom Hodson,NWE,1809.0
1995,Tom Hodson,NOR,1823.0
1966,Tom Kennedy,NYG,748.0
1965,Tom Myers,DET,16.0
1966,Tom Myers,DET,16.0
1950,Tom O'Malley,GNB,31.0
1951,Tom O'Malley,GNB,62.0
1974,Tom Owen,SFO,1327.0
1975,Tom Owen,SFO,1645.0
1976,Tom Owen,NWE,1652.0
1978,Tom Owen,NWE,1834.0
1979,Tom Owen,NWE,2082.0
1981,Tom Owen,NWE,2300.0
1986,Tom Ramsey,NWE,7.0
1987,Tom Ramsey,NWE,905.0
1988,Tom Ramsey,NWE,1005.0
1989,Tom Ramsey,IND,1285.0
2014,Tom Savage,HOU,127.0
2016,Tom Savage,HOU,588.0
2017,Tom Savage,HOU,2000.0
1988,Tom Tupa,PHO,49.0
1989,Tom Tupa,PHO,1022.0
1991,Tom Tupa,PHO,3075.0
1992,Tom Tupa,IND,3231.0
1995,Tom Tupa,CLE,3256.0
2023,Tommy DeVito,NYG,1101.0
2024,Tommy DeVito,NYG,1358.0
1977,Tommy Kramer,MIN,425.0
1978,Tommy Kramer,MIN,475.0
1979,Tommy Kramer,MIN,3872.0
1980,Tommy Kramer,MIN,7454.0
1981,Tommy Kramer,MIN,11366.0
1982,Tommy Kramer,MIN,13403.0
1983,Tommy Kramer,MIN,13953.0
1984,Tommy Kramer,MIN,15631.0
1985,Tommy Kramer,MIN,19153.0
1986,Tommy Kramer,MIN,22153.0
1987,Tommy Kramer,MIN,22605.0
1988,Tommy Kramer,MIN,23869.0
1989,Tommy Kramer,MIN,24775.0
1990,Tommy Kramer,NOR,24777.0
1992,Tommy Maddox,DEN,757.0
1993,Tommy Maddox,DEN,758.0
1994,Tommy Maddox,RAM,899.0
1995,Tommy Maddox,NYG,948.0
2001,Tommy Maddox,PIT,1102.0
2002,Tommy Maddox,PIT,3938.0
2003,Tommy Maddox,PIT,7352.0
2004,Tommy Maddox,PIT,7681.0
2005,Tommy Maddox,PIT,8087.0
1953,Tommy O'Connell,CHI,437.0
1956,Tommy O'Connell,CLE,988.0
1957,Tommy O'Connell,CLE,2217.0
2020,Tommy Stevens,CAR,0.0
1950,Tommy Thompson,PHI,1608.0
1951,Tommy Thompson,PHI,3216.0
1964,Tommy Wade,PIT,7.0
1965,Tommy Wade,PIT,470.0
1975,Tony Adams,KAN,445.0
1976,Tony Adams,KAN,1020.0
1977,Tony Adams,KAN,1711.0
1978,Tony Adams,KAN,2126.0
1987,Tony Adams,MIN,2733.0
1996,Tony Banks,STL,2544.0
1997,Tony Banks,STL,5798.0
1998,Tony Banks,STL,8333.0
1999,Tony Banks,BAL,10469.0
2000,Tony Banks,BAL,12047.0
2001,Tony Banks,WAS,14433.0
2003,Tony Banks,HOU,15126.0
2004,Tony Banks,HOU,15142.0
2005,Tony Banks,HOU,15315.0
1983,Tony Eason,NWE,557.0
1984,Tony Eason,NWE,3785.0
1985,Tony Eason,NWE,5941.0
1986,Tony Eason,NWE,9269.0
1987,Tony Eason,NWE,9722.0
1988,Tony Eason,NWE,9971.0
1989,Tony Eason,2TM,10987.0
1990,Tony Eason,NYJ,11142.0
1997,Tony Graziani,ATL,41.0
1998,Tony Graziani,ATL,240.0
1999,Tony Graziani,ATL,999.0
2010,Tony Pike,CAR,47.0
1987,Tony Robinson,WAS,152.0
2005,Tony Romo,DAL,0.0
2006,Tony Romo,DAL,2903.0
2007,Tony Romo,DAL,7114.0
2008,Tony Romo,DAL,10562.0
2009,Tony Romo,DAL,15045.0
2010,Tony Romo,DAL,16650.0
2011,Tony Romo,DAL,20834.0
2012,Tony Romo,DAL,25737.0
2013,Tony Romo,DAL,29565.0
2014,Tony Romo,DAL,33270.0
2015,Tony Romo,DAL,34154.0
2016,Tony Romo,DAL,34183.0
1992,Tony Sacca,PHO,29.0
2001,Tory Woodbury,NYJ,0.0
2002,Tory Woodbury,NYJ,0.0
2019,Trace McSorley,BAL,0.0
2020,Trace McSorley,BAL,90.0
2022,Trace McSorley,ARI,502.0
2000,Travis Brown,SEA,0.0
2001,Travis Brown,BUF,201.0
2003,Travis Brown,BUF,361.0
1950,Travis Tidwell,NYG,338.0
1951,Travis Tidwell,NYG,676.0
1994,Trent Dilfer,TAM,433.0
1995,Trent Dilfer,TAM,3207.0
1996,Trent Dilfer,TAM,6066.0
1997,Trent Dilfer,TAM,8621.0
1998,Trent Dilfer,TAM,11350.0
1999,Trent Dilfer,TB,12969.0
2000,Trent Dilfer,BAL,14471.0
2001,Trent Dilfer,SEA,15485.0
2002,Trent Dilfer,SEA,16667.0
2003,Trent Dilfer,SEA,16698.0
2004,Trent Dilfer,SEA,17031.0
2005,Trent Dilfer,CLE,19352.0
2007,Trent Dilfer,SF,20518.0
2007,Trent Edwards,BUF,1630.0
2008,Trent Edwards,BUF,4329.0
2009,Trent Edwards,BUF,5498.0
2010,Trent Edwards,JAX,6019.0
2012,Trent Edwards,PHI,6033.0
1997,Trent Green,WAS,0.0
1998,Trent Green,WAS,3441.0
2000,Trent Green,STL,5504.0
2001,Trent Green,KC,9287.0
2002,Trent Green,KC,12977.0
2003,Trent Green,KC,17016.0
2004,Trent Green,KC,21605.0
2005,Trent Green,KC,25619.0
2006,Trent Green,KC,26961.0
2007,Trent Green,MIA,27948.0
2008,Trent Green,LA,28473.0
2016,Trevone Boykin,SEA,145.0
2021,Trevor Lawrence,JAX,3641.0
2022,Trevor Lawrence,JAX,7754.0
2023,Trevor Lawrence,JAX,11770.0
2024,Trevor Lawrence,JAX,13815.0
2015,Trevor Siemian,DEN,0.0
2016,Trevor Siemian,DEN,3401.0
2017,Trevor Siemian,DEN,5686.0
2019,Trevor Siemian,NYJ,5689.0
2021,Trevor Siemian,NO,6843.0
2022,Trevor Siemian,CHI,7027.0
2023,Trevor Siemian,NYJ,7751.0
2021,Trey Lance,SF,603.0
2022,Trey Lance,SF,797.0
2024,Trey Lance,DAL,1063.0
1989,Troy Aikman,DAL,1749.0
1990,Troy Aikman,DAL,4328.0
1991,Troy Aikman,DAL,7082.0
1992,Troy Aikman,DAL,10527.0
1993,Troy Aikman,DAL,13627.0
1994,Troy Aikman,DAL,16303.0
1995,Troy Aikman,DAL,19607.0
1996,Troy Aikman,DAL,22733.0
1997,Troy Aikman,DAL,26016.0
1998,Troy Aikman,DAL,28346.0
1999,Troy Aikman,DAL,31310.0
2000,Troy Aikman,DAL,32942.0
2007,Troy Smith,BAL,452.0
2008,Troy Smith,BAL,534.0
2009,Troy Smith,BAL,558.0
2010,Troy Smith,SF,1734.0
1990,Troy Taylor,NYJ,49.0
1991,Troy Taylor,NYJ,125.0
2020,Tua Tagovailoa,MIA,1814.0
2021,Tua Tagovailoa,MIA,4467.0
2022,Tua Tagovailoa,MIA,8015.0
2023,Tua Tagovailoa,MIA,12639.0
2024,Tua Tagovailoa,MIA,15506.0
1981,Turk Schonert,CIN,166.0
1982,Turk Schonert,CIN,172.0
1983,Turk Schonert,CIN,1331.0
1984,Turk Schonert,CIN,2276.0
1985,Turk Schonert,CIN,2736.0
1986,Turk Schonert,ATL,3768.0
1988,Turk Schonert,CIN,3788.0
1989,Turk Schonert,CIN,3788.0
1993,Ty Detmer,GNB,26.0
1995,Ty Detmer,GNB,107.0
1996,Ty Detmer,PHI,3018.0
1997,Ty Detmer,PHI,4585.0
1998,Ty Detmer,SFO,4897.0
1999,Ty Detmer,CLE,5445.0
2001,Ty Detmer,DET,6351.0
2017,Tyler Bray,KC,0.0
2020,Tyler Bray,CHI,18.0
2020,Tyler Huntley,BAL,15.0
2021,Tyler Huntley,BAL,1096.0
2022,Tyler Huntley,BAL,1754.0
2023,Tyler Huntley,BAL,1957.0
2024,Tyler Huntley,MIA,2786.0
2010,Tyler Palko,KC,35.0
2011,Tyler Palko,KC,831.0
2007,Tyler Thigpen,KC,41.0
2008,Tyler Thigpen,KC,2649.0
2009,Tyler Thigpen,MIA,2732.0
2010,Tyler Thigpen,MIA,3167.0
2011,Tyler Thigpen,BUF,3192.0
2012,Tyler Thigpen,BUF,3222.0
2011,Tyrod Taylor,BAL,18.0
2012,Tyrod Taylor,BAL,197.0
2013,Tyrod Taylor,BAL,199.0
2014,Tyrod Taylor,BAL,199.0
2015,Tyrod Taylor,BUF,3234.0
2016,Tyrod Taylor,BUF,6257.0
2017,Tyrod Taylor,BUF,9056.0
2018,Tyrod Taylor,CLE,9529.0
2019,Tyrod Taylor,LAC,9562.0
2020,Tyrod Taylor,LAC,9770.0
2021,Tyrod Taylor,HOU,10736.0
2022,Tyrod Taylor,NYG,10794.0
2023,Tyrod Taylor,NYG,12135.0
2024,Tyrod Taylor,NYJ,12254.0
2023,Tyson Bagent,CHI,859.0
2024,Tyson Bagent,CHI,870.0
1978,Vince Evans,CHI,38.0
1979,Vince Evans,CHI,546.0
1980,Vince Evans,CHI,2585.0
1981,Vince Evans,CHI,4939.0
1982,Vince Evans,CHI,5064.0
1983,Vince Evans,CHI,6172.0
1987,Vince Evans,RAI,6802.0
1989,Vince Evans,RAI,6852.0
1990,Vince Evans,RAI,6888.0
1991,Vince Evans,RAI,7015.0
1992,Vince Evans,RAI,7387.0
1993,Vince Evans,RAI,8027.0
1994,Vince Evans,RAI,8249.0
1995,Vince Evans,OAK,9485.0
1977,Vince Ferragamo,RAM,83.0
1978,Vince Ferragamo,RAM,197.0
1979,Vince Ferragamo,RAM,975.0
1980,Vince Ferragamo,RAM,4174.0
1982,Vince Ferragamo,RAM,5783.0
1983,Vince Ferragamo,RAM,9059.0
1984,Vince Ferragamo,RAM,9376.0
1985,Vince Ferragamo,BUF,11053.0
1986,Vince Ferragamo,GNB,11336.0
2006,Vince Young,TEN,2199.0
2007,Vince Young,TEN,4745.0
2008,Vince Young,TEN,4964.0
2009,Vince Young,TEN,6843.0
2010,Vince Young,TEN,8098.0
2011,Vince Young,PHI,8964.0
1987,Vinny Testaverde,TAM,1081.0
1988,Vinny Testaverde,TAM,4321.0
1989,Vinny Testaverde,TAM,7454.0
1990,Vinny Testaverde,TAM,10272.0
1991,Vinny Testaverde,TAM,12266.0
1992,Vinny Testaverde,TAM,14820.0
1993,Vinny Testaverde,CLE,16617.0
1994,Vinny Testaverde,CLE,19192.0
1995,Vinny Testaverde,CLE,22075.0
1996,Vinny Testaverde,BAL,26252.0
1997,Vinny Testaverde,BAL,29223.0
1998,Vinny Testaverde,NYJ,32479.0
1999,Vinny Testaverde,NYJ,32575.0
2000,Vinny Testaverde,NYJ,36307.0
2001,Vinny Testaverde,NYJ,39059.0
2002,Vinny Testaverde,NYJ,39558.0
2003,Vinny Testaverde,NYJ,40943.0
2004,Vinny Testaverde,DAL,44475.0
2005,Vinny Testaverde,NYJ,45252.0
2006,Vinny Testaverde,NE,45281.0
2007,Vinny Testaverde,CAR,46217.0
1968,Virgil Carter,CHI,769.0
1969,Virgil Carter,CHI,1112.0
1970,Virgil Carter,CIN,2759.0
1971,Virgil Carter,CIN,4383.0
1972,Virgil Carter,CIN,4962.0
1975,Virgil Carter,SDG,4986.0
1976,Virgil Carter,CHI,5063.0
1981,Wade Wilson,MIN,48.0
1983,Wade Wilson,MIN,172.0
1984,Wade Wilson,MIN,1191.0
1985,Wade Wilson,MIN,1595.0
1986,Wade Wilson,MIN,2760.0
1987,Wade Wilson,MIN,4866.0
1988,Wade Wilson,MIN,7612.0
1989,Wade Wilson,MIN,10155.0
1990,Wade Wilson,MIN,11310.0
1991,Wade Wilson,MIN,12135.0
1992,Wade Wilson,ATL,13501.0
1993,Wade Wilson,NOR,15958.0
1994,Wade Wilson,NOR,16130.0
1995,Wade Wilson,DAL,16521.0
1996,Wade Wilson,DAL,16600.0
1997,Wade Wilson,DAL,16715.0
1998,Wade Wilson,OAK,17283.0
1998,Wally Richardson,BAL,1.0
1987,Walter Briggs,NYJ,0.0
1984,Warren Moon,HOU,3338.0
1985,Warren Moon,HOU,6047.0
1986,Warren Moon,HOU,9536.0
1987,Warren Moon,HOU,12342.0
1988,Warren Moon,HOU,14669.0
1989,Warren Moon,HOU,18300.0
1990,Warren Moon,HOU,22989.0
1991,Warren Moon,HOU,27679.0
1992,Warren Moon,HOU,30200.0
1993,Warren Moon,HOU,33685.0
1994,Warren Moon,MIN,37949.0
1995,Warren Moon,MIN,42177.0
1996,Warren Moon,MIN,43787.0
1997,Warren Moon,SEA,47465.0
1998,Warren Moon,SEA,49097.0
1999,Warren Moon,KC,49117.0
2000,Warren Moon,KC,49325.0
1970,Wayne Clark,SDG,48.0
1972,Wayne Clark,SDG,115.0
1973,Wayne Clark,SDG,647.0
1974,Wayne Clark,CIN,745.0
1975,Will Cureton,CLE,95.0
1992,Will Furrer,CHI,89.0
1995,Will Furrer,HOU,572.0
2019,Will Grier,CAR,228.0
2023,Will Levis,TEN,1808.0
2024,Will Levis,TEN,3899.0
1987,Willie Gillus,GNB,28.0
1953,Willie Thrower,CHI,27.0
1987,Willie Totten,BUF,155.0
1950,Y.A. Tittle,BCL,1884.0
1951,Y.A. Tittle,BCL,3768.0
1952,Y.A. Tittle,SFO,5175.0
1953,Y.A. Tittle,SFO,7296.0
1954,Y.A. Tittle,SFO,9501.0
1955,Y.A. Tittle,SFO,11686.0
1956,Y.A. Tittle,SFO,13327.0
1957,Y.A. Tittle,SFO,15484.0
1958,Y.A. Tittle,SFO,16951.0
1959,Y.A. Tittle,SFO,18282.0
1960,Y.A. Tittle,SFO,18976.0
1961,Y.A. Tittle,NYG,21248.0
1962,Y.A. Tittle,NYG,24472.0
1963,Y.A. Tittle,NYG,27617.0
1964,Y.A. Tittle,NYG,29415.0
2014,Zach Mettenberger,TEN,1412.0
2015,Zach Mettenberger,TEN,2347.0
2021,Zach Wilson,NYJ,2334.0
2022,Zach Wilson,NYJ,4022.0
2023,Zach Wilson,NYJ,6293.0
1954,Zeke Bratkowski,CHI,1087.0
1957,Zeke Bratkowski,CHI,1614.0
1958,Zeke Bratkowski,CHI,2185.0
1959,Zeke Bratkowski,CHI,2588.0
1960,Zeke Bratkowski,CHI,3639.0
1961,Zeke Bratkowski,RAM,5186.0
1962,Zeke Bratkowski,RAM,6727.0
1963,Zeke Bratkowski,2TM,7294.0
1963,Zeke Bratkowski,RAM,7765.0
1963,Zeke Bratkowski,GNB,7861.0
1964,Zeke Bratkowski,GNB,8138.0
1965,Zeke Bratkowski,GNB,8486.0
1966,Zeke Bratkowski,GNB,9055.0
1967,Zeke Bratkowski,GNB,9779.0
1968,Zeke Bratkowski,GNB,10614.0
1971,Zeke Bratkowski,GNB,10912.0
