season,player,team,pass_yards
1950,Adrian Burk,BCL,798.0
1950,Bill Mackrides,PHI,228.0
1950,Bob Waterfield,RAM,1540.0
1950,Bobby Layne,DET,2323.0
1950,Charlie Conerly,NYG,1000.0
1950,Frank Filchock,BCL,1.0
1950,Frank Tripucka,CRD,720.0
1950,Frankie Albert,SFO,1767.0
1950,Fred Enke,DET,424.0
1950,George Blanda,CHI,0.0
1950,George Ratterman,NYY,2251.0
1950,Harry Gilmer,WAS,948.0
1950,Jim Hardy,CRD,1636.0
1950,John Rauch,NYY,502.0
1950,Johnny Lujack,CHI,1731.0
1950,Nick Sebek,WAS,0.0
1950,Norm Van Brocklin,RAM,2061.0
1950,Otto Graham,CLE,1943.0
1950,Paul Christman,GNB,545.0
1950,Sammy Baugh,WAS,1130.0
1950,Sid Luckman,CHI,180.0
1950,Steve Romanik,CHI,0.0
1950,Tobin Rote,GNB,1231.0
1950,Tom O'Malley,GNB,31.0
1950,Tommy Thompson,PHI,1608.0
1950,Travis Tidwell,NYG,338.0
1950,Y.A. Tittle,BCL,1884.0
1951,Adrian Burk,BCL,798.0
1951,Bill Mackrides,PHI,228.0
1951,Bob Waterfield,RAM,1540.0
1951,Bobby Layne,DET,2323.0
1951,Charlie Conerly,NYG,1000.0
1951,Frank Filchock,BCL,1.0
1951,Frank Tripucka,CRD,720.0
1951,Frankie Albert,SFO,1767.0
1951,Fred Enke,DET,424.0
1951,George Blanda,CHI,0.0
1951,George Ratterman,NYY,2251.0
1951,Harry Gilmer,WAS,948.0
1951,Jim Hardy,CRD,1636.0
1951,John Rauch,NYY,502.0
1951,Johnny Lujack,CHI,1731.0
1951,Nick Sebek,WAS,0.0
1951,Norm Van Brocklin,RAM,2061.0
1951,Otto Graham,CLE,1943.0
1951,Paul Christman,GNB,545.0
1951,Sammy Baugh,WAS,1130.0
1951,Sid Luckman,CHI,180.0
1951,Steve Romanik,CHI,0.0
1951,Tobin Rote,GNB,1231.0
1951,Tom O'Malley,GNB,31.0
1951,Tommy Thompson,PHI,1608.0
1951,Travis Tidwell,NYG,338.0
1951,Y.A. Tittle,BCL,1884.0
1952,Adrian Burk,PHI,561.0
1952,Babe Parilli,GNB,1416.0
1952,Bob Celeri,DTX,490.0
1952,Bob Waterfield,RAM,655.0
1952,Bob Williams,CHI,579.0
1952,Bobby Layne,DET,1999.0
1952,Bobby Thomason,PHI,1334.0
1952,Charley Trippi,CRD,890.0
1952,Charlie Conerly,NYG,1090.0
1952,Don Klosterman,RAM,47.0
1952,Don Panciera,CRD,582.0
1952,Eddie LeBaron,WAS,1420.0
1952,Frank Tripucka,2TM,809.0
1952,Frank Tripucka,CRD,40.0
1952,Frank Tripucka,DTX,769.0
1952,Frankie Albert,SFO,964.0
1952,Fred Benners,NYG,320.0
1952,Fred Enke,PHI,377.0
1952,Gary Kerkorian,PIT,79.0
1952,George Blanda,CHI,664.0
1952,George Ratterman,CLE,20.0
1952,Jim Finks,PIT,2307.0
1952,Jim Hardy,DET,434.0
1952,Norm Van Brocklin,RAM,1736.0
1952,Otto Graham,CLE,2816.0
1952,Sammy Baugh,WAS,152.0
1952,Steve Romanik,CHI,772.0
1952,Tobin Rote,GNB,1268.0
1952,Tom Dublinski,DET,39.0
1952,Y.A. Tittle,SFO,1407.0
1953,Adrian Burk,PHI,788.0
1953,Arnie Galiffa,NYG,129.0
1953,Babe Parilli,GNB,830.0
1953,Bill Mackrides,2TM,506.0
1953,Bill Mackrides,NYG,53.0
1953,Bill Mackrides,PIT,453.0
1953,Bob Gambold,PHI,107.0
1953,Bobby Layne,DET,2088.0
1953,Bobby Thomason,PHI,2462.0
1953,Charlie Conerly,NYG,1711.0
1953,Dick Flowers,BAL,18.0
1953,Ed Mioduszewski,BAL,113.0
1953,Eddie LeBaron,WAS,874.0
1953,Fred Enke,BAL,1054.0
1953,George Blanda,CHI,2164.0
1953,George Ratterman,CLE,301.0
1953,Hal Ledyard,SFO,0.0
1953,Jack Del Bello,BAL,229.0
1953,Jack Scarbath,WAS,862.0
1953,Jim Finks,PIT,1484.0
1953,Jim Powers,SFO,259.0
1953,Jim Root,CRD,1149.0
1953,Norm Van Brocklin,RAM,2393.0
1953,Otto Graham,CLE,2722.0
1953,Ray Nagel,CRD,192.0
1953,Rudy Bukich,RAM,169.0
1953,Steve Romanik,2TM,650.0
1953,Steve Romanik,CHI,9.0
1953,Steve Romanik,CRD,641.0
1953,Ted Marchibroda,PIT,66.0
1953,Tobin Rote,GNB,1005.0
1953,Tom Dublinski,DET,174.0
1953,Tommy O'Connell,CHI,437.0
1953,Willie Thrower,CHI,27.0
1953,Y.A. Tittle,SFO,2121.0
1954,Adrian Burk,PHI,1740.0
1954,Al Dorow,WAS,997.0
1954,Arnie Galiffa,SFO,54.0
1954,Billy Wade,RAM,509.0
1954,Bob Clatterbuck,NYG,781.0
1954,Bobby Garrett,GNB,143.0
1954,Bobby Layne,DET,1818.0
1954,Bobby Thomason,PHI,1242.0
1954,Charlie Conerly,NYG,1439.0
1954,Cotton Davidson,BAL,309.0
1954,Don Heinrich,NYG,56.0
1954,Ed Brown,CHI,283.0
1954,Fred Enke,BAL,171.0
1954,Gary Kerkorian,BAL,1515.0
1954,George Blanda,CHI,1929.0
1954,George Ratterman,CLE,465.0
1954,Jack Scarbath,WAS,798.0
1954,Jim Finks,PIT,2003.0
1954,Lamar McHan,CRD,1475.0
1954,Maury Duncan,SFO,82.0
1954,Norm Van Brocklin,RAM,2637.0
1954,Otto Graham,CLE,2092.0
1954,Paul Held,PIT,305.0
1954,Steve Romanik,CRD,343.0
1954,Tobin Rote,GNB,2311.0
1954,Tom Dublinski,DET,1073.0
1954,Y.A. Tittle,SFO,2205.0
1954,Zeke Bratkowski,CHI,1087.0
1955,Adrian Burk,PHI,1359.0
1955,Al Dorow,WAS,37.0
1955,Billy Wade,RAM,316.0
1955,Bob Clatterbuck,NYG,46.0
1955,Bob Williams,CHI,256.0
1955,Bobby Layne,DET,1830.0
1955,Bobby Thomason,PHI,1337.0
1955,Charlie Brackins,GNB,0.0
1955,Charlie Conerly,NYG,1310.0
1955,Don Heinrich,NYG,413.0
1955,Ed Brown,CHI,1307.0
1955,Eddie LeBaron,WAS,1270.0
1955,Gary Kerkorian,BAL,209.0
1955,George Blanda,CHI,459.0
1955,George Ratterman,CLE,504.0
1955,George Shaw,BAL,1586.0
1955,Harry Gilmer,DET,633.0
1955,Jim Finks,PIT,2270.0
1955,Lamar McHan,CRD,1085.0
1955,Maury Duncan,SFO,40.0
1955,Norm Van Brocklin,RAM,1890.0
1955,Ogden Compton,CRD,339.0
1955,Otto Graham,CLE,1721.0
1955,Paul Held,GNB,27.0
1955,Ralph Guglielmi,WAS,242.0
1955,Ted Marchibroda,PIT,280.0
1955,Tobin Rote,GNB,1977.0
1955,Y.A. Tittle,SFO,2185.0
1956,Adrian Burk,PHI,426.0
1956,Al Dorow,WAS,730.0
1956,Babe Parilli,CLE,409.0
1956,Bart Starr,GNB,325.0
1956,Billy Wade,RAM,1461.0
1956,Bob Clatterbuck,NYG,54.0
1956,Bobby Layne,DET,1909.0
1956,Bobby Thomason,PHI,1119.0
1956,Charlie Conerly,NYG,1143.0
1956,Don Heinrich,NYG,369.0
1956,Earl Morrall,SFO,621.0
1956,Ed Brown,CHI,1667.0
1956,Eddie LeBaron,WAS,554.0
1956,Fred Wyant,WAS,17.0
1956,Gary Kerkorian,BAL,59.0
1956,George Blanda,CHI,439.0
1956,George Ratterman,CLE,398.0
1956,George Shaw,BAL,645.0
1956,Harry Gilmer,DET,303.0
1956,Jack Scarbath,PIT,208.0
1956,Jerry Reichow,DET,19.0
1956,Jim Haluska,CHI,8.0
1956,Jim Root,CRD,333.0
1956,Johnny Unitas,BAL,1498.0
1956,Lamar McHan,CRD,1159.0
1956,Norm Van Brocklin,RAM,966.0
1956,Rudy Bukich,RAM,130.0
1956,Ted Marchibroda,PIT,1585.0
1956,Tobin Rote,GNB,2203.0
1956,Tommy O'Connell,CLE,551.0
1956,Y.A. Tittle,SFO,1641.0
1957,Al Dorow,PHI,212.0
1957,Babe Parilli,GNB,669.0
1957,Bart Starr,GNB,1489.0
1957,Billy Wade,RAM,116.0
1957,Bob Clatterbuck,NYG,39.0
1957,Bobby Layne,DET,1169.0
1957,Bobby Thomason,PHI,630.0
1957,Charlie Conerly,NYG,1712.0
1957,Cotton Davidson,BAL,0.0
1957,Don Heinrich,NYG,224.0
1957,Earl Morrall,PIT,1900.0
1957,Ed Brown,CHI,1321.0
1957,Eddie LeBaron,WAS,1508.0
1957,George Blanda,CHI,65.0
1957,George Shaw,BAL,58.0
1957,Jack Kemp,PIT,88.0
1957,John Borton,CLE,22.0
1957,John Brodie,SFO,160.0
1957,Johnny Unitas,BAL,2550.0
1957,Lamar McHan,CRD,1568.0
1957,Len Dawson,PIT,25.0
1957,Milt Plum,CLE,590.0
1957,Norm Van Brocklin,RAM,2105.0
1957,Paul Larson,CRD,61.0
1957,Rudy Bukich,WAS,103.0
1957,Sonny Jurgensen,PHI,470.0
1957,Ted Marchibroda,CRD,238.0
1957,Tobin Rote,DET,1070.0
1957,Tommy O'Connell,CLE,1229.0
1957,Y.A. Tittle,SFO,2157.0
1957,Zeke Bratkowski,CHI,527.0
1958,Babe Parilli,GNB,1068.0
1958,Bart Starr,GNB,875.0
1958,Billy Wade,RAM,2875.0
1958,Bobby Layne,2TM,2510.0
1958,Bobby Layne,DET,171.0
1958,Bobby Layne,PIT,2339.0
1958,Charlie Conerly,NYG,1199.0
1958,Don Heinrich,NYG,369.0
1958,Earl Morrall,2TM,463.0
1958,Earl Morrall,PIT,275.0
1958,Earl Morrall,DET,188.0
1958,Ed Brown,CHI,1418.0
1958,Eddie LeBaron,WAS,1365.0
1958,Frank Ryan,RAM,34.0
1958,George Blanda,CHI,19.0
1958,George Shaw,BAL,531.0
1958,Jim Ninowski,CLE,139.0
1958,Joe Francis,GNB,175.0
1958,John Brodie,SFO,1224.0
1958,Johnny Unitas,BAL,2007.0
1958,King Hill,CRD,18.0
1958,Lamar McHan,CRD,1291.0
1958,Len Dawson,PIT,11.0
1958,M.C. Reynolds,CRD,1422.0
1958,Milt Plum,CLE,1619.0
1958,Norm Van Brocklin,PHI,2409.0
1958,Ralph Guglielmi,WAS,458.0
1958,Rudy Bukich,2TM,166.0
1958,Rudy Bukich,WAS,166.0
1958,Rudy Bukich,CHI,0.0
1958,Sonny Jurgensen,PHI,259.0
1958,Tobin Rote,DET,1678.0
1958,Tom Dublinski,NYG,14.0
1958,Y.A. Tittle,SFO,1467.0
1958,Zeke Bratkowski,CHI,571.0
1959,Bart Starr,GNB,972.0
1959,Billy Wade,RAM,2001.0
1959,Bobby Layne,PIT,1986.0
1959,Charlie Conerly,NYG,1706.0
1959,Don Heinrich,NYG,329.0
1959,Eagle Day,WAS,79.0
1959,Earl Morrall,DET,1102.0
1959,Ed Brown,CHI,1881.0
1959,Eddie LeBaron,WAS,1077.0
1959,Frank Ryan,RAM,709.0
1959,George Shaw,NYG,433.0
1959,Jim Ninowski,CLE,41.0
1959,Joe Francis,GNB,91.0
1959,John Brodie,SFO,354.0
1959,John Roach,CRD,340.0
1959,Johnny Unitas,BAL,2899.0
1959,King Hill,CRD,1015.0
1959,Lamar McHan,GNB,805.0
1959,Len Dawson,PIT,60.0
1959,M.C. Reynolds,CRD,329.0
1959,Milt Plum,CLE,1992.0
1959,Norm Van Brocklin,PHI,2617.0
1959,Ralph Guglielmi,WAS,617.0
1959,Sonny Jurgensen,PHI,27.0
1959,Tobin Rote,DET,861.0
1959,Y.A. Tittle,SFO,1331.0
1959,Zeke Bratkowski,CHI,403.0
1960,Bart Starr,GNB,1358.0
1960,Billy Wade,RAM,1294.0
1960,Bob Waters,SFO,61.0
1960,Bobby Layne,PIT,1814.0
1960,Buddy Humphrey,RAM,78.0
1960,Charlie Conerly,NYG,954.0
1960,Don Heinrich,DAL,371.0
1960,Don Meredith,DAL,281.0
1960,Eagle Day,WAS,115.0
1960,Earl Morrall,DET,423.0
1960,Ed Brown,CHI,1079.0
1960,Eddie LeBaron,DAL,1736.0
1960,Frank Ryan,RAM,816.0
1960,George Izo,STL,115.0
1960,George Shaw,NYG,1263.0
1960,Jim Ninowski,DET,1599.0
1960,John Brodie,SFO,1111.0
1960,John Roach,STL,1423.0
1960,Johnny Unitas,BAL,3099.0
1960,King Hill,STL,205.0
1960,Lamar McHan,GNB,517.0
1960,Lee Grosscup,NYG,144.0
1960,Len Dawson,CLE,23.0
1960,M.C. Reynolds,WAS,154.0
1960,Milt Plum,CLE,2297.0
1960,Norm Van Brocklin,PHI,2471.0
1960,Ralph Guglielmi,WAS,1547.0
1960,Ray Brown,BAL,65.0
1960,Rudy Bukich,PIT,358.0
1960,Sonny Jurgensen,PHI,486.0
1960,Y.A. Tittle,SFO,694.0
1960,Zeke Bratkowski,CHI,1051.0
1961,Bart Starr,GNB,2418.0
1961,Billy Kilmer,SFO,286.0
1961,Billy Wade,CHI,2258.0
1961,Bob Waters,SFO,183.0
1961,Bobby Layne,PIT,1205.0
1961,Buddy Humphrey,DAL,16.0
1961,Charley Johnson,STL,51.0
1961,Charlie Conerly,NYG,634.0
1961,Don Meredith,DAL,1161.0
1961,Earl Morrall,DET,909.0
1961,Ed Brown,CHI,742.0
1961,Eddie LeBaron,DAL,1741.0
1961,Fran Tarkenton,MIN,1997.0
1961,Frank Ryan,RAM,1115.0
1961,George Izo,WAS,214.0
1961,George Shaw,MIN,530.0
1961,Jim Ninowski,DET,1921.0
1961,John Brodie,SFO,2588.0
1961,John Roach,GNB,0.0
1961,Johnny Unitas,BAL,2990.0
1961,King Hill,PHI,101.0
1961,Lamar McHan,BAL,28.0
1961,Lee Grosscup,NYG,87.0
1961,Len Dawson,CLE,85.0
1961,Milt Plum,CLE,2416.0
1961,Norm Snead,WAS,2337.0
1961,Ralph Guglielmi,STL,927.0
1961,Rudy Bukich,PIT,1253.0
1961,Sam Etcheverry,STL,1275.0
1961,Sonny Jurgensen,PHI,3723.0
1961,Terry Nofsinger,PIT,78.0
1961,Y.A. Tittle,NYG,2272.0
1961,Zeke Bratkowski,RAM,1547.0
1962,Bart Starr,GNB,2438.0
1962,Billy Wade,CHI,3172.0
1962,Bob Waters,SFO,28.0
1962,Bobby Layne,PIT,1686.0
1962,Charley Johnson,STL,2440.0
1962,Don Meredith,DAL,1679.0
1962,Earl Morrall,DET,449.0
1962,Ed Brown,PIT,726.0
1962,Eddie LeBaron,DAL,1436.0
1962,Fran Tarkenton,MIN,2595.0
1962,Frank Ryan,CLE,1541.0
1962,Galen Hall,WAS,274.0
1962,George Izo,WAS,284.0
1962,Jim Ninowski,CLE,1178.0
1962,John Brodie,SFO,2272.0
1962,John McCormick,MIN,104.0
1962,John Roach,GNB,33.0
1962,Johnny Unitas,BAL,2967.0
1962,King Hill,PHI,361.0
1962,Lamar McHan,BAL,278.0
1962,Milt Plum,DET,2378.0
1962,Norm Snead,WAS,2926.0
1962,Ralph Guglielmi,NYG,210.0
1962,Roman Gabriel,RAM,670.0
1962,Ron Miller,RAM,250.0
1962,Rudy Bukich,CHI,79.0
1962,Sam Etcheverry,STL,707.0
1962,Sonny Jurgensen,PHI,3261.0
1962,Y.A. Tittle,NYG,3224.0
1962,Zeke Bratkowski,RAM,1541.0
1963,Bart Starr,GNB,1855.0
1963,Bill Nelsen,PIT,0.0
1963,Billy Wade,CHI,2301.0
1963,Bob Waters,SFO,435.0
1963,Buddy Humphrey,STL,96.0
1963,Charley Johnson,STL,3280.0
1963,Don Meredith,DAL,2381.0
1963,Earl Morrall,DET,2621.0
1963,Ed Brown,PIT,2982.0
1963,Eddie LeBaron,DAL,418.0
1963,Fran Tarkenton,MIN,2311.0
1963,Frank Ryan,CLE,2026.0
1963,Gary Cuozzo,BAL,104.0
1963,George Izo,WAS,378.0
1963,Glynn Griffing,NYG,306.0
1963,Jim Ninowski,CLE,423.0
1963,John Brodie,SFO,367.0
1963,John Roach,GNB,620.0
1963,Johnny Unitas,BAL,3481.0
1963,King Hill,PHI,1213.0
1963,Lamar McHan,2TM,1243.0
1963,Lamar McHan,BAL,0.0
1963,Lamar McHan,SFO,1243.0
1963,Milt Plum,DET,339.0
1963,Norm Snead,WAS,3043.0
1963,Ralph Guglielmi,2TM,118.0
1963,Ralph Guglielmi,NYG,89.0
1963,Ralph Guglielmi,PHI,29.0
1963,Roman Gabriel,RAM,1947.0
1963,Ron Vander Kelen,MIN,376.0
1963,Rudy Bukich,CHI,369.0
1963,Sonny Jurgensen,PHI,1413.0
1963,Terry Baker,RAM,140.0
1963,Terry Nofsinger,PIT,46.0
1963,Y.A. Tittle,NYG,3145.0
1963,Zeke Bratkowski,2TM,567.0
1963,Zeke Bratkowski,RAM,471.0
1963,Zeke Bratkowski,GNB,96.0
1964,Bart Starr,GNB,2144.0
1964,Bill Munson,RAM,1533.0
1964,Bill Nelsen,PIT,276.0
1964,Billy Wade,CHI,1944.0
1964,Buddy Humphrey,STL,0.0
1964,Charley Johnson,STL,3045.0
1964,Dick Shiner,WAS,0.0
1964,Don Meredith,DAL,2143.0
1964,Earl Morrall,DET,588.0
1964,Ed Brown,PIT,1990.0
1964,Fran Tarkenton,MIN,2506.0
1964,Frank Ryan,CLE,2404.0
1964,Gary Cuozzo,BAL,163.0
1964,Gary Wood,NYG,952.0
1964,George Izo,WAS,83.0
1964,George Mira,SFO,331.0
1964,Jack Concannon,PHI,199.0
1964,Jim Ninowski,CLE,125.0
1964,John Brodie,SFO,2498.0
1964,John Roach,DAL,349.0
1964,Johnny Unitas,BAL,2824.0
1964,King Hill,PHI,641.0
1964,Milt Plum,DET,2241.0
1964,Norm Snead,PHI,1906.0
1964,Roman Gabriel,RAM,1236.0
1964,Ron Vander Kelen,MIN,78.0
1964,Rudy Bukich,CHI,1099.0
1964,Sonny Gibbs,DET,3.0
1964,Sonny Jurgensen,WAS,2934.0
1964,Terry Nofsinger,PIT,35.0
1964,Tommy Wade,PIT,7.0
1964,Y.A. Tittle,NYG,1798.0
1964,Zeke Bratkowski,GNB,277.0
1965,Bart Starr,GNB,2055.0
1965,Bill Munson,RAM,1701.0
1965,Bill Nelsen,PIT,1917.0
1965,Billy Wade,CHI,204.0
1965,Bob Berry,MIN,0.0
1965,Buddy Humphrey,STL,736.0
1965,Charley Johnson,STL,2439.0
1965,Craig Morton,DAL,173.0
1965,Dennis Claridge,GNB,13.0
1965,Dick Shiner,WAS,470.0
1965,Don Meredith,DAL,2415.0
1965,Earl Morrall,NYG,2446.0
1965,Ed Brown,2TM,204.0
1965,Ed Brown,PIT,123.0
1965,Ed Brown,BAL,81.0
1965,Fran Tarkenton,MIN,2609.0
1965,Frank Ryan,CLE,1751.0
1965,Gary Cuozzo,BAL,700.0
1965,Gary Wood,NYG,190.0
1965,George Izo,DET,357.0
1965,George Mira,SFO,460.0
1965,Jack Concannon,PHI,176.0
1965,Jerry Rhome,DAL,157.0
1965,Jim Ninowski,CLE,549.0
1965,John Brodie,SFO,3112.0
1965,Johnny Unitas,BAL,2530.0
1965,King Hill,PHI,857.0
1965,Milt Plum,DET,1710.0
1965,Norm Snead,PHI,2346.0
1965,Roman Gabriel,RAM,1321.0
1965,Ron Vander Kelen,MIN,252.0
1965,Rudy Bukich,CHI,2641.0
1965,Sonny Jurgensen,WAS,2367.0
1965,Terry Nofsinger,STL,47.0
1965,Tom Myers,DET,16.0
1965,Tommy Wade,PIT,463.0
1965,Zeke Bratkowski,GNB,348.0
1966,Bart Starr,GNB,2257.0
1966,Bill Munson,RAM,284.0
1966,Bill Nelsen,PIT,1122.0
1966,Billy Kilmer,SFO,84.0
1966,Billy Wade,CHI,79.0
1966,Bob Berry,MIN,215.0
1966,Charley Johnson,STL,1334.0
1966,Craig Morton,DAL,225.0
1966,Dennis Claridge,ATL,471.0
1966,Dick Shiner,WAS,0.0
1966,Don Meredith,DAL,2805.0
1966,Earl Morrall,NYG,1105.0
1966,Fran Tarkenton,MIN,2561.0
1966,Frank Ryan,CLE,2974.0
1966,Gary Cuozzo,BAL,424.0
1966,Gary Wood,NYG,1142.0
1966,George Izo,PIT,360.0
1966,George Mira,SFO,284.0
1966,Jack Concannon,PHI,262.0
1966,Jerry Rhome,DAL,253.0
1966,Jim Hart,STL,29.0
1966,Jim Ninowski,CLE,175.0
1966,John Brodie,SFO,2810.0
1966,Johnny Unitas,BAL,2748.0
1966,Karl Sweetan,DET,1809.0
1966,King Hill,PHI,571.0
1966,Larry Rakestraw,CHI,0.0
1966,Milt Plum,DET,943.0
1966,Norm Snead,PHI,1275.0
1966,Randy Johnson,ATL,1795.0
1966,Roman Gabriel,RAM,2540.0
1966,Ron Meyer,PIT,59.0
1966,Ron Smith,PIT,1249.0
1966,Ron Vander Kelen,MIN,147.0
1966,Rudy Bukich,CHI,1858.0
1966,Sonny Jurgensen,WAS,3209.0
1966,Steve Sloan,ATL,96.0
1966,Terry Nofsinger,STL,799.0
1966,Tom Kennedy,NYG,748.0
1966,Tom Myers,DET,0.0
1966,Zeke Bratkowski,GNB,569.0
1967,Bart Starr,GNB,1823.0
1967,Benjy Dial,PHI,5.0
1967,Bill Munson,RAM,38.0
1967,Bill Nelsen,PIT,1125.0
1967,Billy Kilmer,NOR,1341.0
1967,Bob Berry,MIN,43.0
1967,Charley Johnson,STL,162.0
1967,Craig Morton,DAL,978.0
1967,Dick Shiner,CLE,34.0
1967,Don Horn,GNB,171.0
1967,Don Meredith,DAL,1834.0
1967,Earl Morrall,NYG,181.0
1967,Fran Tarkenton,NYG,3088.0
1967,Frank Ryan,CLE,2026.0
1967,Gary Cuozzo,NOR,1562.0
1967,Gary Lane,CLE,254.0
1967,Gary Wood,NOR,62.0
1967,George Mira,SFO,592.0
1967,Jack Concannon,CHI,1260.0
1967,Jerry Rhome,DAL,86.0
1967,Jim Hart,STL,3008.0
1967,Jim Ninowski,WAS,123.0
1967,Jim Ward,BAL,115.0
1967,Joe Kapp,MIN,1386.0
1967,John Brodie,SFO,2013.0
1967,Johnny Unitas,BAL,3428.0
1967,Karl Sweetan,DET,901.0
1967,Kent Nix,PIT,1587.0
1967,King Hill,PHI,33.0
1967,Larry Rakestraw,CHI,228.0
1967,Milt Plum,DET,925.0
1967,Norm Snead,PHI,3399.0
1967,Randy Johnson,ATL,1620.0
1967,Roman Gabriel,RAM,2779.0
1967,Ron Vander Kelen,MIN,522.0
1967,Rudy Bukich,CHI,185.0
1967,Sonny Jurgensen,WAS,3747.0
1967,Steve Sloan,ATL,38.0
1967,Steve Spurrier,SFO,211.0
1967,Terry Nofsinger,ATL,352.0
1967,Zeke Bratkowski,GNB,724.0
1968,Bart Starr,GNB,1617.0
1968,Bill Munson,DET,2311.0
1968,Bill Nelsen,CLE,2366.0
1968,Billy Kilmer,NOR,2060.0
1968,Billy Stevens,GNB,0.0
1968,Bob Berry,ATL,1433.0
1968,Bruce Lemmerman,ATL,40.0
1968,Charley Johnson,STL,330.0
1968,Craig Morton,DAL,752.0
1968,Dick Shiner,PIT,1856.0
1968,Don Horn,GNB,187.0
1968,Don Meredith,DAL,2500.0
1968,Earl Morrall,BAL,2909.0
1968,Fran Tarkenton,NYG,2555.0
1968,Frank Ryan,CLE,639.0
1968,Gary Beban,WAS,0.0
1968,Gary Cuozzo,MIN,297.0
1968,Gary Wood,NYG,123.0
1968,George Mira,SFO,44.0
1968,Greg Landry,DET,338.0
1968,Harry Theofiledes,WAS,211.0
1968,Jack Concannon,CHI,715.0
1968,Jim Hart,STL,2059.0
1968,Jim Ninowski,WAS,633.0
1968,Jim Ward,BAL,46.0
1968,Joe Kapp,MIN,1695.0
1968,John Brodie,SFO,3020.0
1968,John Huarte,PHI,110.0
1968,Johnny Unitas,BAL,139.0
1968,Karl Sweetan,NOR,318.0
1968,Kent Nix,PIT,720.0
1968,King Hill,PHI,531.0
1968,Larry Rakestraw,CHI,361.0
1968,Milt Plum,RAM,49.0
1968,Norm Snead,PHI,1655.0
1968,Randy Johnson,ATL,892.0
1968,Roman Gabriel,RAM,2364.0
1968,Ronnie Lee South,NOR,129.0
1968,Rudy Bukich,CHI,23.0
1968,Sonny Jurgensen,WAS,1980.0
1968,Virgil Carter,CHI,769.0
1968,Zeke Bratkowski,GNB,835.0
1969,Bart Starr,GNB,1161.0
1969,Bill Munson,DET,1062.0
1969,Bill Nelsen,CLE,2743.0
1969,Billy Kilmer,NOR,2532.0
1969,Billy Stevens,GNB,12.0
1969,Bob Berry,ATL,1087.0
1969,Bob Lee,MIN,79.0
1969,Bobby Douglass,CHI,773.0
1969,Bruce Lemmerman,ATL,330.0
1969,Charley Johnson,STL,1847.0
1969,Craig Morton,DAL,2619.0
1969,Dick Shiner,PIT,1422.0
1969,Don Horn,GNB,1505.0
1969,Earl Morrall,BAL,755.0
1969,Edd Hargett,NOR,403.0
1969,Fran Tarkenton,NYG,2918.0
1969,Frank Ryan,WAS,4.0
1969,Gary Cuozzo,MIN,693.0
1969,Gary Wood,NYG,106.0
1969,George Mira,PHI,240.0
1969,Greg Barton,DET,0.0
1969,Greg Landry,DET,853.0
1969,Jack Concannon,CHI,783.0
1969,Jerry Rhome,CLE,35.0
1969,Jim Hart,STL,1086.0
1969,Jim Ninowski,NOR,227.0
1969,Joe Kapp,MIN,1726.0
1969,John Brodie,SFO,2405.0
1969,Johnny Unitas,BAL,2342.0
1969,Karl Sweetan,RAM,101.0
1969,Kent Nix,PIT,290.0
1969,King Hill,STL,7.0
1969,Milt Plum,NYG,37.0
1969,Norm Snead,PHI,2768.0
1969,Randy Johnson,ATL,788.0
1969,Roger Staubach,DAL,421.0
1969,Roman Gabriel,RAM,2549.0
1969,Sonny Jurgensen,WAS,3102.0
1969,Steve Spurrier,SFO,926.0
1969,Terry Hanratty,PIT,716.0
1969,Virgil Carter,CHI,343.0
1970,Al Woodall,NYJ,1265.0
1970,Alan Pastrana,DEN,420.0
1970,Bart Starr,GNB,1645.0
1970,Bill Cappleman,MIN,49.0
1970,Bill Munson,DET,1049.0
1970,Bill Nelsen,CLE,2156.0
1970,Billy Kilmer,NOR,1557.0
1970,Bob Berry,ATL,1806.0
1970,Bob Davis,NYJ,66.0
1970,Bob Griese,MIA,2019.0
1970,Bob Lee,MIN,610.0
1970,Bob Naponic,HOU,85.0
1970,Bobby Douglass,CHI,218.0
1970,Charley Johnson,HOU,1652.0
1970,Craig Morton,DAL,1819.0
1970,Dan Darragh,BUF,71.0
1970,Daryle Lamonica,OAK,2516.0
1970,Dave Lewis,CIN,39.0
1970,Dennis Shaw,BUF,2507.0
1970,Dick Shiner,NYG,87.0
1970,Don Gault,CLE,67.0
1970,Don Horn,GNB,428.0
1970,Earl Morrall,BAL,792.0
1970,Edd Hargett,NOR,1133.0
1970,Fran Tarkenton,NYG,2777.0
1970,Frank Patrick,GNB,59.0
1970,Frank Ryan,WAS,3.0
1970,Gary Cuozzo,MIN,1720.0
1970,George Blanda,OAK,461.0
1970,Greg Landry,DET,1072.0
1970,Jack Concannon,CHI,2130.0
1970,James Harris,BUF,338.0
1970,Jerry Rhome,HOU,1031.0
1970,Jim Hart,STL,2575.0
1970,Joe Kapp,BOS,1104.0
1970,Joe Namath,NYJ,1259.0
1970,John Brodie,SFO,2941.0
1970,John Hadl,SDG,2388.0
1970,John Huarte,KAN,0.0
1970,John Stofa,MIA,240.0
1970,Johnny Unitas,BAL,2213.0
1970,Karl Sweetan,RAM,81.0
1970,Ken Stabler,OAK,52.0
1970,Kent Nix,CHI,0.0
1970,Len Dawson,KAN,1876.0
1970,Marty Domres,SDG,491.0
1970,Mike Livingston,KAN,122.0
1970,Mike Phipps,CLE,529.0
1970,Mike Taliaferro,BOS,871.0
1970,Norm Snead,PHI,2323.0
1970,Pete Beathard,STL,114.0
1970,Pete Liske,DEN,1340.0
1970,Randy Johnson,ATL,443.0
1970,Rick Arrington,PHI,328.0
1970,Rick Norton,GNB,64.0
1970,Roger Staubach,DAL,542.0
1970,Roman Gabriel,RAM,2552.0
1970,Sam Wyche,CIN,411.0
1970,Sonny Jurgensen,WAS,2354.0
1970,Steve Ramsey,NOR,0.0
1970,Steve Tensi,DEN,539.0
1970,Terry Bradshaw,PIT,1410.0
1970,Terry Hanratty,PIT,842.0
1970,Virgil Carter,CIN,1647.0
1970,Wayne Clark,SDG,48.0
1971,Al Woodall,NYJ,395.0
1971,Archie Manning,NOR,1164.0
1971,Bart Starr,GNB,286.0
1971,Bill Munson,DET,216.0
1971,Bill Nelsen,CLE,2319.0
1971,Billy Kilmer,WAS,2221.0
1971,Bob Berry,ATL,2005.0
1971,Bob Davis,NYJ,624.0
1971,Bob Griese,MIA,2089.0
1971,Bob Leahy,PIT,18.0
1971,Bob Lee,MIN,598.0
1971,Bobby Douglass,CHI,1164.0
1971,Charley Johnson,HOU,592.0
1971,Craig Morton,DAL,1131.0
1971,Dan Pastorini,HOU,1702.0
1971,Daryle Lamonica,OAK,1717.0
1971,Dennis Shaw,BUF,1813.0
1971,Dick Shiner,ATL,463.0
1971,Don Horn,DEN,1056.0
1971,Earl Morrall,BAL,1210.0
1971,Edd Hargett,NOR,1191.0
1971,Fran Tarkenton,NYG,2567.0
1971,Frank Patrick,GNB,39.0
1971,Gary Cuozzo,MIN,842.0
1971,George Blanda,OAK,378.0
1971,George Mira,MIA,159.0
1971,Greg Landry,DET,2237.0
1971,Jack Concannon,CHI,334.0
1971,James Harris,BUF,512.0
1971,Jerry Rhome,RAM,66.0
1971,Jim Hart,STL,1626.0
1971,Jim Plunkett,NWE,2158.0
1971,Jim Ward,PHI,4.0
1971,Joe Namath,NYJ,537.0
1971,John Brodie,SFO,2642.0
1971,John Hadl,SDG,3075.0
1971,John Huarte,KAN,18.0
1971,Johnny Unitas,BAL,942.0
1971,Ken Anderson,CIN,777.0
1971,Ken Stabler,OAK,268.0
1971,Kent Nix,CHI,760.0
1971,Len Dawson,KAN,2504.0
1971,Leo Hart,ATL,0.0
1971,Lynn Dickey,HOU,315.0
1971,Marty Domres,SDG,97.0
1971,Mike Livingston,KAN,130.0
1971,Mike Phipps,CLE,179.0
1971,Norm Snead,MIN,470.0
1971,Pete Beathard,STL,1030.0
1971,Pete Liske,PHI,1957.0
1971,Randy Johnson,NYG,477.0
1971,Rick Arrington,PHI,576.0
1971,Roger Staubach,DAL,1882.0
1971,Roman Gabriel,RAM,2238.0
1971,Scott Hunter,GNB,1210.0
1971,Sonny Jurgensen,WAS,170.0
1971,Steve Ramsey,DEN,1120.0
1971,Steve Spurrier,SFO,46.0
1971,Terry Bradshaw,PIT,2259.0
1971,Terry Hanratty,PIT,159.0
1971,Virgil Carter,CIN,1624.0
1971,Zeke Bratkowski,GNB,298.0
1972,Archie Manning,NOR,2781.0
1972,Bill Munson,DET,194.0
1972,Bill Nelsen,CLE,141.0
1972,Billy Kilmer,WAS,1648.0
1972,Bob Berry,ATL,2158.0
1972,Bob Davis,NYJ,114.0
1972,Bob Griese,MIA,638.0
1972,Bob Lee,MIN,75.0
1972,Bobby Douglass,CHI,1246.0
1972,Brian Dowling,NWE,383.0
1972,Charley Johnson,DEN,1783.0
1972,Craig Morton,DAL,2396.0
1972,Dan Pastorini,HOU,1711.0
1972,Daryle Lamonica,OAK,1998.0
1972,Dennis Shaw,BUF,1666.0
1972,Earl Morrall,MIA,1360.0
1972,Ed Baker,HOU,47.0
1972,Fran Tarkenton,MIN,2651.0
1972,Frank Patrick,GNB,9.0
1972,Gary Cuozzo,STL,897.0
1972,George Blanda,OAK,77.0
1972,Greg Landry,DET,2066.0
1972,Jerry Tagge,GNB,154.0
1972,Jim Del Gaizo,MIA,165.0
1972,Jim Hart,STL,857.0
1972,Jim Plunkett,NWE,2196.0
1972,Joe Gilliam,PIT,48.0
1972,Joe Namath,NYJ,2816.0
1972,John Brodie,SFO,905.0
1972,John Hadl,SDG,2449.0
1972,John Huarte,CHI,14.0
1972,John Reaves,PHI,1508.0
1972,Johnny Unitas,BAL,1111.0
1972,Ken Anderson,CIN,1918.0
1972,Ken Stabler,OAK,524.0
1972,Kent Nix,HOU,287.0
1972,Len Dawson,KAN,1835.0
1972,Leo Hart,BUF,53.0
1972,Marty Domres,BAL,1392.0
1972,Mike Ernst,DEN,10.0
1972,Mike Livingston,KAN,480.0
1972,Mike Phipps,CLE,1994.0
1972,Mike Taliaferro,BUF,176.0
1972,Norm Snead,NYG,2307.0
1972,Pat Sullivan,ATL,44.0
1972,Pete Beathard,RAM,255.0
1972,Pete Liske,PHI,973.0
1972,Randy Johnson,NYG,230.0
1972,Rick Arrington,PHI,46.0
1972,Roger Staubach,DAL,98.0
1972,Roman Gabriel,RAM,2027.0
1972,Scott Hunter,GNB,1252.0
1972,Sonny Jurgensen,WAS,633.0
1972,Steve Ramsey,DEN,1050.0
1972,Steve Spurrier,SFO,1983.0
1972,Terry Bradshaw,PIT,1887.0
1972,Terry Hanratty,PIT,23.0
1972,Tim Van Galder,STL,434.0
1972,Virgil Carter,CIN,579.0
1972,Wayne Clark,SDG,67.0
1973,Al Woodall,NYJ,1228.0
1973,Archie Manning,NOR,1642.0
1973,Bert Jones,BAL,539.0
1973,Bill Cappleman,DET,33.0
1973,Bill Demory,NYJ,159.0
1973,Bill Munson,DET,1129.0
1973,Billy Kilmer,WAS,1656.0
1973,Bob Berry,MIN,121.0
1973,Bob Davis,NOR,14.0
1973,Bob Griese,MIA,1422.0
1973,Bob Lee,ATL,1786.0
1973,Bobby Douglass,CHI,1057.0
1973,Bobby Scott,NOR,245.0
1973,Charley Johnson,DEN,2465.0
1973,Craig Morton,DAL,174.0
1973,Dan Fouts,SDG,1126.0
1973,Dan Pastorini,HOU,1482.0
1973,Daryle Lamonica,OAK,614.0
1973,Dennis Shaw,BUF,300.0
1973,Dick Shiner,2TM,432.0
1973,Dick Shiner,ATL,401.0
1973,Dick Shiner,NWE,31.0
1973,Don Horn,CLE,22.0
1973,Earl Morrall,MIA,253.0
1973,Fran Tarkenton,MIN,2113.0
1973,Gary Huff,CHI,525.0
1973,Gary Keithley,STL,369.0
1973,Greg Cook,CIN,11.0
1973,Greg Landry,DET,908.0
1973,James Harris,RAM,68.0
1973,Jerry Tagge,GNB,720.0
1973,Jim Del Gaizo,GNB,318.0
1973,Jim Hart,STL,2223.0
1973,Jim Plunkett,NWE,2550.0
1973,Joe Ferguson,BUF,939.0
1973,Joe Gilliam,PIT,331.0
1973,Joe Namath,NYJ,966.0
1973,Joe Reed,SFO,589.0
1973,John Brodie,SFO,1126.0
1973,John Hadl,RAM,2008.0
1973,John Reaves,PHI,17.0
1973,Johnny Unitas,SDG,471.0
1973,Ken Anderson,CIN,2428.0
1973,Ken Stabler,OAK,1997.0
1973,Len Dawson,KAN,725.0
1973,Lynn Dickey,HOU,888.0
1973,Marty Domres,BAL,1153.0
1973,Mike Livingston,KAN,916.0
1973,Mike Phipps,CLE,1719.0
1973,Norm Snead,NYG,1483.0
1973,Pat Sullivan,ATL,175.0
1973,Pete Beathard,KAN,389.0
1973,Randy Johnson,NYG,1279.0
1973,Roger Staubach,DAL,2428.0
1973,Roman Gabriel,PHI,3219.0
1973,Scott Hunter,GNB,442.0
1973,Sonny Jurgensen,WAS,904.0
1973,Steve Ramsey,DEN,194.0
1973,Steve Spurrier,SFO,882.0
1973,Terry Bradshaw,PIT,1183.0
1973,Terry Hanratty,PIT,643.0
1973,Wayne Clark,SDG,532.0
1974,Al Woodall,NYJ,15.0
1974,Archie Manning,NOR,1429.0
1974,Bert Jones,BAL,1610.0
1974,Bill Munson,DET,1874.0
1974,Billy Kilmer,WAS,1632.0
1974,Bob Berry,MIN,305.0
1974,Bob Griese,MIA,1968.0
1974,Bob Lee,ATL,852.0
1974,Bobby Douglass,CHI,387.0
1974,Bobby Scott,NOR,366.0
1974,Brian Sipe,CLE,603.0
1974,Carl Summerell,NYG,59.0
1974,Charley Johnson,DEN,1969.0
1974,Clint Longley,DAL,209.0
1974,Craig Morton,2TM,1522.0
1974,Craig Morton,DAL,12.0
1974,Craig Morton,NYG,1510.0
1974,Dan Fouts,SDG,1732.0
1974,Dan Pastorini,HOU,1571.0
1974,Daryle Lamonica,OAK,35.0
1974,David Jaynes,KAN,0.0
1974,Dean Carlson,KAN,116.0
1974,Dennis Morrison,SFO,227.0
1974,Dick Shiner,NWE,37.0
1974,Earl Morrall,MIA,301.0
1974,Fran Tarkenton,MIN,2598.0
1974,Gary Huff,CHI,1663.0
1974,Gary Marangi,BUF,140.0
1974,George Blanda,OAK,28.0
1974,Greg Landry,DET,572.0
1974,Jack Concannon,GNB,381.0
1974,James Harris,RAM,1544.0
1974,Jerry Tagge,GNB,709.0
1974,Jesse Freitas,SDG,719.0
1974,Jim Del Gaizo,NYG,165.0
1974,Jim Hart,STL,2411.0
1974,Jim Plunkett,NWE,2457.0
1974,Joe Barnes,CHI,29.0
1974,Joe Ferguson,BUF,1588.0
1974,Joe Gilliam,PIT,1274.0
1974,Joe Namath,NYJ,2616.0
1974,Joe Reed,SFO,316.0
1974,Joe Theismann,WAS,145.0
1974,John Hadl,2TM,1752.0
1974,John Hadl,RAM,680.0
1974,John Hadl,GNB,1072.0
1974,John Hufnagel,DEN,70.0
1974,John Reaves,PHI,84.0
1974,Ken Anderson,CIN,2667.0
1974,Ken Stabler,OAK,2469.0
1974,Kim McQuilken,ATL,373.0
1974,Larry Cipa,NOR,242.0
1974,Larry Lawrence,OAK,29.0
1974,Len Dawson,KAN,1573.0
1974,Lynn Dickey,HOU,704.0
1974,Marty Domres,BAL,803.0
1974,Mike Boryla,PHI,580.0
1974,Mike Livingston,KAN,732.0
1974,Mike Phipps,CLE,1384.0
1974,Neil Graff,NWE,20.0
1974,Norm Snead,2TM,983.0
1974,Norm Snead,NYG,615.0
1974,Norm Snead,SFO,368.0
1974,Pat Sullivan,ATL,556.0
1974,Roger Staubach,DAL,2552.0
1974,Roman Gabriel,PHI,1867.0
1974,Ron Jaworski,RAM,144.0
1974,Sam Wyche,DET,0.0
1974,Sonny Jurgensen,WAS,1185.0
1974,Steve Ramsey,DEN,580.0
1974,Steve Spurrier,SFO,2.0
1974,Terry Bradshaw,PIT,785.0
1974,Terry Hanratty,PIT,95.0
1974,Tom Owen,SFO,1327.0
1974,Wayne Clark,CIN,98.0
1975,Archie Manning,NOR,1683.0
1975,Bert Jones,BAL,2483.0
1975,Bill Munson,DET,626.0
1975,Billy Kilmer,WAS,2440.0
1975,Bob Avellini,CHI,942.0
1975,Bob Berry,MIN,24.0
1975,Bob Griese,MIA,1693.0
1975,Bob Lee,MIN,103.0
1975,Bobby Douglass,2TM,140.0
1975,Bobby Douglass,CHI,87.0
1975,Bobby Douglass,SDG,53.0
1975,Bobby Scott,NOR,96.0
1975,Brian Sipe,CLE,427.0
1975,Carl Summerell,NYG,98.0
1975,Carlos Brown,GNB,63.0
1975,Charley Johnson,DEN,1021.0
1975,Clint Longley,DAL,102.0
1975,Craig Morton,NYG,2359.0
1975,Dan Fouts,SDG,1396.0
1975,Dan Pastorini,HOU,2053.0
1975,David Humm,OAK,246.0
1975,Dennis Shaw,STL,61.0
1975,Don Milan,GNB,181.0
1975,Don Strock,MIA,230.0
1975,Earl Morrall,MIA,273.0
1975,Fran Tarkenton,MIN,2994.0
1975,Gary Huff,CHI,1083.0
1975,Gary Marangi,BUF,235.0
1975,George Blanda,OAK,11.0
1975,Greg Landry,DET,403.0
1975,J.J. Jones,NYJ,181.0
1975,Jack Concannon,DET,30.0
1975,James Harris,RAM,2148.0
1975,Jesse Freitas,SDG,525.0
1975,Jim Hart,STL,2507.0
1975,Jim Plunkett,NWE,571.0
1975,Joe Ferguson,BUF,2426.0
1975,Joe Gilliam,PIT,450.0
1975,Joe Namath,NYJ,2286.0
1975,Joe Reed,DET,1181.0
1975,Joe Theismann,WAS,96.0
1975,John Hadl,GNB,2095.0
1975,John Hufnagel,DEN,287.0
1975,John Reaves,CIN,297.0
1975,Ken Anderson,CIN,3169.0
1975,Ken Stabler,OAK,2296.0
1975,Kim McQuilken,ATL,253.0
1975,Larry Cipa,NOR,182.0
1975,Larry Lawrence,OAK,50.0
1975,Len Dawson,KAN,1095.0
1975,Lynn Dickey,HOU,46.0
1975,Marty Domres,BAL,123.0
1975,Mike Boryla,PHI,996.0
1975,Mike Livingston,KAN,1245.0
1975,Mike Phipps,CLE,1749.0
1975,Neil Graff,NWE,221.0
1975,Norm Snead,SFO,1337.0
1975,Pat Sullivan,ATL,380.0
1975,Randy Johnson,WAS,556.0
1975,Roger Staubach,DAL,2666.0
1975,Roman Gabriel,PHI,1644.0
1975,Ron Jaworski,RAM,302.0
1975,Steve Bartkowski,ATL,1662.0
1975,Steve Grogan,NWE,1976.0
1975,Steve Ramsey,DEN,1562.0
1975,Steve Spurrier,SFO,1151.0
1975,Terry Bradshaw,PIT,2055.0
1975,Tom Owen,SFO,318.0
1975,Tony Adams,KAN,445.0
1975,Virgil Carter,SDG,24.0
1975,Will Cureton,CLE,95.0
1976,Bert Jones,BAL,3104.0
1976,Bill Donckers,STL,16.0
1976,Bill Munson,SEA,295.0
1976,Bill Troup,BAL,117.0
1976,Billy Kilmer,WAS,1252.0
1976,Bob Avellini,CHI,1580.0
1976,Bob Griese,MIA,2097.0
1976,Bob Lee,MIN,156.0
1976,Bobby Douglass,NOR,1288.0
1976,Bobby Scott,NOR,1065.0
1976,Brian Sipe,CLE,2113.0
1976,Carlos Brown,GNB,333.0
1976,Clint Longley,SDG,130.0
1976,Craig Morton,NYG,1865.0
1976,Craig Penrose,DEN,265.0
1976,Dan Fouts,SDG,2535.0
1976,Dan Pastorini,HOU,1795.0
1976,Dave Mays,CLE,101.0
1976,David Humm,OAK,41.0
1976,Don Strock,MIA,359.0
1976,Earl Morrall,MIA,148.0
1976,Fran Tarkenton,MIN,2961.0
1976,Gary Marangi,BUF,998.0
1976,Greg Landry,DET,2191.0
1976,James Harris,RAM,1460.0
1976,Jim Hart,STL,2946.0
1976,Jim Plunkett,SFO,1592.0
1976,Jim Zorn,SEA,2571.0
1976,Joe Ferguson,BUF,1086.0
1976,Joe Namath,NYJ,1090.0
1976,Joe Reed,DET,425.0
1976,Joe Theismann,WAS,1036.0
1976,John Hadl,HOU,634.0
1976,John Reaves,CIN,76.0
1976,John Walton,PHI,125.0
1976,Ken Anderson,CIN,2367.0
1976,Ken Stabler,OAK,2737.0
1976,Kim McQuilken,ATL,450.0
1976,Larry Lawrence,TAM,0.0
1976,Lynn Dickey,GNB,1465.0
1976,Marty Domres,SFO,101.0
1976,Mike Boryla,PHI,1247.0
1976,Mike Kruczek,PIT,758.0
1976,Mike Livingston,KAN,2682.0
1976,Mike Nott,KAN,46.0
1976,Mike Phipps,CLE,146.0
1976,Mike Rae,OAK,417.0
1976,Neal Jeffrey,SDG,11.0
1976,Norm Snead,NYG,239.0
1976,Norris Weese,DEN,314.0
1976,Parnell Dickinson,TAM,210.0
1976,Pat Haden,RAM,896.0
1976,Randy Johnson,GNB,249.0
1976,Richard Todd,NYJ,870.0
1976,Roger Staubach,DAL,2715.0
1976,Roman Gabriel,PHI,476.0
1976,Ron Jaworski,RAM,273.0
1976,Sam Wyche,STL,5.0
1976,Scott Bull,SFO,252.0
1976,Scott Hunter,ATL,633.0
1976,Steve Bartkowski,ATL,677.0
1976,Steve Grogan,NWE,1903.0
1976,Steve Ramsey,DEN,1931.0
1976,Steve Spurrier,TAM,1628.0
1976,Terry Bradshaw,PIT,1177.0
1976,Terry Hanratty,TAM,32.0
1976,Tom Owen,NWE,7.0
1976,Tony Adams,KAN,575.0
1976,Virgil Carter,CHI,77.0
1977,Archie Manning,NOR,1284.0
1977,Bert Jones,BAL,2686.0
1977,Bill Donckers,STL,38.0
1977,Bill Munson,SDG,225.0
1977,Bill Troup,BAL,0.0
1977,Billy Kilmer,WAS,1187.0
1977,Bob Avellini,CHI,2004.0
1977,Bob Griese,MIA,2252.0
1977,Bob Lee,MIN,522.0
1977,Bobby Douglass,NOR,130.0
1977,Bobby Scott,NOR,516.0
1977,Brian Dowling,GNB,0.0
1977,Brian Sipe,CLE,1233.0
1977,Cliff Olander,SDG,76.0
1977,Craig Morton,DEN,1929.0
1977,Craig Penrose,DEN,217.0
1977,Dan Fouts,SDG,869.0
1977,Dan Pastorini,HOU,1987.0
1977,Dave Mays,CLE,797.0
1977,David Whitehurst,GNB,634.0
1977,Don Strock,MIA,12.0
1977,Fran Tarkenton,MIN,1734.0
1977,Gary Danielson,DET,445.0
1977,Gary Huff,TAM,889.0
1977,Greg Landry,DET,1359.0
1977,James Harris,SDG,1240.0
1977,Jeb Blount,TAM,522.0
1977,Jerry Golsteyn,NYG,416.0
1977,Jim Hart,STL,2542.0
1977,Jim Plunkett,SFO,1693.0
1977,Jim Zorn,SEA,1687.0
1977,Joe Ferguson,BUF,2803.0
1977,Joe Namath,RAM,606.0
1977,Joe Pisarcik,NYG,1346.0
1977,Joe Reed,DET,150.0
1977,Joe Theismann,WAS,1097.0
1977,John Hadl,HOU,76.0
1977,John Reaves,CIN,383.0
1977,June Jones,ATL,-1.0
1977,Ken Anderson,CIN,2145.0
1977,Ken Stabler,OAK,2176.0
1977,Kim McQuilken,ATL,47.0
1977,Lynn Dickey,GNB,1346.0
1977,Marty Domres,NYJ,113.0
1977,Matt Robinson,NYJ,310.0
1977,Mike Kruczek,PIT,19.0
1977,Mike Livingston,KAN,1823.0
1977,Mike Phipps,CHI,5.0
1977,Mike Rae,OAK,162.0
1977,Neil Graff,PIT,47.0
1977,Norris Weese,DEN,119.0
1977,Pat Haden,RAM,1551.0
1977,Randy Hedberg,TAM,244.0
1977,Richard Todd,NYJ,1863.0
1977,Roger Staubach,DAL,2620.0
1977,Roman Gabriel,PHI,15.0
1977,Ron Jaworski,PHI,2183.0
1977,Sam Adkins,SEA,0.0
1977,Scott Bull,SFO,89.0
1977,Scott Hunter,ATL,898.0
1977,Steve Bartkowski,ATL,796.0
1977,Steve Grogan,NWE,2162.0
1977,Steve Myer,SEA,729.0
1977,Terry Bradshaw,PIT,2523.0
1977,Terry Luck,CLE,316.0
1977,Tommy Kramer,MIN,425.0
1977,Tony Adams,KAN,691.0
1977,Vince Ferragamo,RAM,83.0
1978,Archie Manning,NOR,3416.0
1978,Bert Jones,BAL,370.0
1978,Bill Munson,BUF,328.0
1978,Bill Troup,BAL,1882.0
1978,Billy Kilmer,WAS,316.0
1978,Bob Avellini,CHI,1718.0
1978,Bob Griese,MIA,1791.0
1978,Bob Lee,MIN,10.0
1978,Bobby Douglass,GNB,90.0
1978,Bobby Scott,NOR,36.0
1978,Brian Sipe,CLE,2906.0
1978,Cliff Olander,SDG,49.0
1978,Craig Morton,DEN,1802.0
1978,Craig Penrose,DEN,185.0
1978,Dan Fouts,SDG,2999.0
1978,Dan Pastorini,HOU,2473.0
1978,Dave Mays,BUF,39.0
1978,David Humm,OAK,151.0
1978,David Whitehurst,GNB,2093.0
1978,Dennis Sproul,GNB,87.0
1978,Don Strock,MIA,825.0
1978,Doug Williams,TAM,1170.0
1978,Fran Tarkenton,MIN,3468.0
1978,Gary Danielson,DET,2294.0
1978,Gary Huff,TAM,169.0
1978,Gifford Nielsen,HOU,0.0
1978,Greg Landry,DET,452.0
1978,Guy Benjamin,MIA,91.0
1978,James Harris,SDG,518.0
1978,Jerry Golsteyn,NYG,110.0
1978,Jim Hart,STL,3121.0
1978,Jim Zorn,SEA,3283.0
1978,Joe Ferguson,BUF,2136.0
1978,Joe Pisarcik,NYG,2096.0
1978,Joe Theismann,WAS,2593.0
1978,John Reaves,CIN,790.0
1978,John Walton,PHI,0.0
1978,June Jones,ATL,394.0
1978,Ken Anderson,CIN,2219.0
1978,Ken Stabler,OAK,2944.0
1978,Mark Miller,CLE,212.0
1978,Matt Robinson,NYJ,2002.0
1978,Mike Boryla,TAM,15.0
1978,Mike Kirkland,BAL,211.0
1978,Mike Kruczek,PIT,46.0
1978,Mike Livingston,KAN,1573.0
1978,Mike Phipps,CHI,465.0
1978,Mike Rae,TAM,705.0
1978,Norris Weese,DEN,723.0
1978,Pat Haden,RAM,2995.0
1978,Pat Ryan,NYJ,106.0
1978,Randy Dean,NYG,188.0
1978,Richard Todd,NYJ,849.0
1978,Rob Hertel,CIN,9.0
1978,Roger Staubach,DAL,3190.0
1978,Ron Jaworski,PHI,2487.0
1978,Scott Bull,SFO,651.0
1978,Steve Bartkowski,ATL,2489.0
1978,Steve DeBerg,SFO,1570.0
1978,Steve Grogan,NWE,2824.0
1978,Steve Myer,SEA,94.0
1978,Steve Pisarkiewicz,STL,164.0
1978,Terry Bradshaw,PIT,2915.0
1978,Tom Owen,NWE,182.0
1978,Tommy Kramer,MIN,50.0
1978,Tony Adams,KAN,415.0
1978,Vince Evans,CHI,38.0
1978,Vince Ferragamo,RAM,114.0
1979,Archie Manning,NOR,3169.0
1979,Bert Jones,BAL,643.0
1979,Bill Munson,BUF,31.0
1979,Bob Avellini,CHI,310.0
1979,Bob Griese,MIA,2160.0
1979,Bob Lee,RAM,243.0
1979,Bobby Scott,NOR,12.0
1979,Brian Sipe,CLE,3793.0
1979,Craig Morton,DEN,2626.0
1979,Craig Penrose,DEN,44.0
1979,Dan Fouts,SDG,4082.0
1979,Dan Pastorini,HOU,2090.0
1979,David Whitehurst,GNB,2247.0
1979,Don Strock,MIA,830.0
1979,Doug Williams,TAM,2448.0
1979,Gifford Nielsen,HOU,404.0
1979,Greg Landry,BAL,2932.0
1979,Guy Benjamin,MIA,28.0
1979,Jack Thompson,CIN,481.0
1979,James Harris,SDG,38.0
1979,Jeff Komlo,DET,2238.0
1979,Jeff Rutledge,RAM,125.0
1979,Jerry Golsteyn,DET,16.0
1979,Jim Hart,STL,2218.0
1979,Jim Plunkett,OAK,89.0
1979,Jim Zorn,SEA,3661.0
1979,Joe Ferguson,BUF,3572.0
1979,Joe Montana,SFO,96.0
1979,Joe Pisarcik,NYG,537.0
1979,Joe Reed,DET,164.0
1979,Joe Theismann,WAS,2797.0
1979,John Walton,PHI,213.0
1979,June Jones,ATL,505.0
1979,Ken Anderson,CIN,2340.0
1979,Ken Stabler,OAK,3615.0
1979,Kim McQuilken,WAS,12.0
1979,Lynn Dickey,GNB,787.0
1979,Mark Miller,CLE,31.0
1979,Matt Cavanaugh,NWE,10.0
1979,Matt Robinson,NYJ,191.0
1979,Mike Kruczek,PIT,153.0
1979,Mike Livingston,KAN,469.0
1979,Mike Moroski,ATL,97.0
1979,Mike Phipps,CHI,1535.0
1979,Mike Rae,TAM,252.0
1979,Norris Weese,DEN,731.0
1979,Pat Haden,RAM,1854.0
1979,Pat Ryan,NYJ,13.0
1979,Phil Simms,NYG,1743.0
1979,Randy Dean,NYG,91.0
1979,Richard Todd,NYJ,2660.0
1979,Roger Staubach,DAL,3586.0
1979,Ron Jaworski,PHI,2669.0
1979,Sam Adkins,SEA,0.0
1979,Scott Hunter,DET,321.0
1979,Steve Bartkowski,ATL,2505.0
1979,Steve DeBerg,SFO,3652.0
1979,Steve Fuller,KAN,1484.0
1979,Steve Grogan,NWE,3286.0
1979,Steve Myer,SEA,28.0
1979,Steve Pisarkiewicz,STL,621.0
1979,Terry Bradshaw,PIT,3724.0
1979,Tom Owen,NWE,248.0
1979,Tommy Kramer,MIN,3397.0
1979,Vince Evans,CHI,508.0
1979,Vince Ferragamo,RAM,778.0
1980,Archie Manning,NOR,3716.0
1980,Bert Jones,BAL,3134.0
1980,Bill Kenney,KAN,542.0
1980,Bill Troup,GNB,48.0
1980,Bob Griese,MIA,790.0
1980,Bobby Scott,NOR,200.0
1980,Brian Sipe,CLE,4132.0
1980,Chuck Fusina,TAM,18.0
1980,Cliff Stoudt,PIT,493.0
1980,Craig Morton,DEN,2150.0
1980,Dan Fouts,SDG,4715.0
1980,Dan Manucci,BUF,64.0
1980,Dan Pastorini,OAK,932.0
1980,Danny White,DAL,3287.0
1980,Dave Krieg,SEA,0.0
1980,David Humm,BUF,39.0
1980,David Whitehurst,GNB,55.0
1980,David Woodley,MIA,1850.0
1980,Don Strock,MIA,313.0
1980,Doug Williams,TAM,3396.0
1980,Ed Luther,SDG,26.0
1980,Gary Danielson,DET,3223.0
1980,Gifford Nielsen,HOU,12.0
1980,Glenn Carano,DAL,69.0
1980,Greg Landry,BAL,275.0
1980,Guy Benjamin,NOR,28.0
1980,Jack Thompson,CIN,1324.0
1980,Jeff Knapple,DEN,15.0
1980,Jeff Komlo,DET,26.0
1980,Jeff Rutledge,RAM,26.0
1980,Jim Hart,STL,2946.0
1980,Jim Plunkett,OAK,2299.0
1980,Jim Zorn,SEA,3346.0
1980,Joe Ferguson,BUF,2805.0
1980,Joe Montana,SFO,1795.0
1980,Joe Pisarcik,PHI,187.0
1980,Joe Theismann,WAS,2962.0
1980,Ken Anderson,CIN,1778.0
1980,Ken Stabler,HOU,3202.0
1980,Lynn Dickey,GNB,3529.0
1980,Marc Wilson,OAK,31.0
1980,Matt Cavanaugh,NWE,885.0
1980,Matt Robinson,DEN,942.0
1980,Mike Kruczek,WAS,209.0
1980,Mike Loyd,STL,49.0
1980,Mike Moroski,ATL,24.0
1980,Mike Phipps,CHI,630.0
1980,Pat Haden,RAM,185.0
1980,Phil Simms,NYG,2321.0
1980,Richard Todd,NYJ,3329.0
1980,Ron Jaworski,PHI,3529.0
1980,Rusty Lisch,STL,68.0
1980,Sam Adkins,SEA,136.0
1980,Scott Brunner,NYG,610.0
1980,Steve Bartkowski,ATL,3544.0
1980,Steve DeBerg,SFO,1998.0
1980,Steve Dils,MIN,352.0
1980,Steve Fuller,KAN,2250.0
1980,Steve Grogan,NWE,2475.0
1980,Steve Pisarkiewicz,GNB,19.0
1980,Terry Bradshaw,PIT,3339.0
1980,Tom Clements,KAN,77.0
1980,Tommy Kramer,MIN,3582.0
1980,Vince Evans,CHI,2039.0
1980,Vince Ferragamo,RAM,3199.0
1981,Archie Manning,NOR,1447.0
1981,Bert Jones,BAL,3094.0
1981,Bill Kenney,KAN,1983.0
1981,Bob Avellini,CHI,185.0
1981,Bobby Scott,NOR,245.0
1981,Brian Sipe,CLE,3876.0
1981,Chuck Fusina,TAM,2.0
1981,Cliff Stoudt,PIT,17.0
1981,Craig Morton,DEN,3195.0
1981,Dan Fouts,SDG,4802.0
1981,Dan Pastorini,RAM,719.0
1981,Danny White,DAL,3098.0
1981,Dave Krieg,SEA,843.0
1981,Dave Wilson,NOR,1058.0
1981,David Humm,BAL,90.0
1981,David Whitehurst,GNB,792.0
1981,David Woodley,MIA,2470.0
1981,Don Strock,MIA,901.0
1981,Doug Williams,TAM,3563.0
1981,Ed Luther,SDG,68.0
1981,Eric Hipple,DET,2358.0
1981,Gary Danielson,DET,784.0
1981,Gifford Nielsen,HOU,709.0
1981,Glenn Carano,DAL,235.0
1981,Greg Landry,BAL,195.0
1981,Guy Benjamin,SFO,171.0
1981,Jack Thompson,CIN,267.0
1981,Jeff Kemp,RAM,25.0
1981,Jeff Komlo,DET,290.0
1981,Jeff Rutledge,RAM,442.0
1981,Jim Hart,STL,1694.0
1981,Jim Plunkett,OAK,1045.0
1981,Jim Zorn,SEA,2788.0
1981,Joe Ferguson,BUF,3652.0
1981,Joe Montana,SFO,3565.0
1981,Joe Pisarcik,PHI,154.0
1981,Joe Theismann,WAS,3568.0
1981,John Reaves,HOU,379.0
1981,June Jones,ATL,25.0
1981,Ken Anderson,CIN,3754.0
1981,Ken Stabler,HOU,1988.0
1981,Lynn Dickey,GNB,2593.0
1981,Marc Wilson,OAK,2311.0
1981,Mark Malone,PIT,553.0
1981,Matt Cavanaugh,NWE,1633.0
1981,Matt Robinson,BUF,0.0
1981,Mike Moroski,ATL,132.0
1981,Mike Phipps,CHI,171.0
1981,Neil Lomax,STL,1575.0
1981,Pat Haden,RAM,1815.0
1981,Pat Ryan,NYJ,48.0
1981,Paul McDonald,CLE,463.0
1981,Phil Simms,NYG,2031.0
1981,Rich Campbell,GNB,168.0
1981,Richard Todd,NYJ,3231.0
1981,Ron Jaworski,PHI,3095.0
1981,Sam Adkins,SEA,96.0
1981,Scott Brunner,NYG,978.0
1981,Steve Bartkowski,ATL,3829.0
1981,Steve DeBerg,DEN,797.0
1981,Steve Dils,MIN,607.0
1981,Steve Fuller,KAN,934.0
1981,Steve Grogan,NWE,1859.0
1981,Terry Bradshaw,PIT,2887.0
1981,Tom Flick,WAS,143.0
1981,Tom Owen,NWE,218.0
1981,Tommy Kramer,MIN,3912.0
1981,Turk Schonert,CIN,166.0
1981,Vince Evans,CHI,2354.0
1981,Wade Wilson,MIN,48.0
1982,Archie Manning,2TM,880.0
1982,Archie Manning,NOR,3.0
1982,Archie Manning,HOU,877.0
1982,Art Schlichter,BAL,197.0
1982,Bert Jones,RAM,527.0
1982,Bill Kenney,KAN,1192.0
1982,Bob Avellini,CHI,84.0
1982,Bob Gagliano,KAN,7.0
1982,Brian Sipe,CLE,1064.0
1982,Cliff Stoudt,PIT,154.0
1982,Craig Morton,DEN,193.0
1982,Dan Fouts,SDG,2883.0
1982,Danny White,DAL,2079.0
1982,Dave Krieg,SEA,501.0
1982,David Humm,BAL,130.0
1982,David Whitehurst,GNB,235.0
1982,David Woodley,MIA,1080.0
1982,Don Strock,MIA,306.0
1982,Doug Williams,TAM,2071.0
1982,Ed Luther,SDG,55.0
1982,Eric Hipple,DET,411.0
1982,Gary Danielson,DET,1343.0
1982,Gary Hogeboom,DAL,45.0
1982,Gifford Nielsen,HOU,1005.0
1982,Guido Merkens,NOR,186.0
1982,Guy Benjamin,SFO,10.0
1982,Jerry Golsteyn,TAM,0.0
1982,Jim Hart,STL,199.0
1982,Jim McMahon,CHI,1501.0
1982,Jim Plunkett,RAI,2035.0
1982,Jim Zorn,SEA,1540.0
1982,Joe Ferguson,BUF,1597.0
1982,Joe Montana,SFO,2613.0
1982,Joe Pisarcik,PHI,24.0
1982,Joe Theismann,WAS,2033.0
1982,Ken Anderson,CIN,2495.0
1982,Ken Stabler,NOR,1343.0
1982,Lynn Dickey,GNB,1790.0
1982,Marc Wilson,RAI,4.0
1982,Mark Herrmann,DEN,421.0
1982,Matt Cavanaugh,NWE,490.0
1982,Matt Robinson,BUF,74.0
1982,Mike Moroski,ATL,87.0
1982,Mike Pagel,BAL,1281.0
1982,Neil Lomax,STL,1367.0
1982,Pat Ryan,NYJ,146.0
1982,Paul McDonald,CLE,993.0
1982,Richard Todd,NYJ,1961.0
1982,Ron Jaworski,PHI,2076.0
1982,Scott Brunner,NYG,2017.0
1982,Steve Bartkowski,ATL,1905.0
1982,Steve DeBerg,DEN,1405.0
1982,Steve Dils,MIN,68.0
1982,Steve Fuller,KAN,665.0
1982,Steve Grogan,NWE,930.0
1982,Terry Bradshaw,PIT,1768.0
1982,Tom Flick,NWE,0.0
1982,Tommy Kramer,MIN,2037.0
1982,Turk Schonert,CIN,6.0
1982,Vince Evans,CHI,125.0
1982,Vince Ferragamo,RAM,1609.0
1983,Archie Manning,HOU,755.0
1983,Bill Kenney,KAN,4348.0
1983,Bob Holly,WAS,5.0
1983,Brian Sipe,CLE,3566.0
1983,Bruce Mathison,SDG,41.0
1983,Cliff Stoudt,PIT,2553.0
1983,Dan Fouts,SDG,2975.0
1983,Dan Marino,MIA,2210.0
1983,Dan Pastorini,PHI,0.0
1983,Danny White,DAL,3980.0
1983,Dave Krieg,SEA,2139.0
1983,Dave Wilson,NOR,770.0
1983,David Whitehurst,GNB,149.0
1983,David Woodley,MIA,528.0
1983,Don Strock,MIA,403.0
1983,Ed Luther,SDG,1875.0
1983,Eric Hipple,DET,2577.0
1983,Gary Danielson,DET,720.0
1983,Gary Hogeboom,DAL,161.0
1983,Gary Kubiak,DEN,186.0
1983,Gifford Nielsen,HOU,1125.0
1983,Guy Benjamin,SFO,111.0
1983,Jack Thompson,TAM,2906.0
1983,Jeff Kemp,RAM,135.0
1983,Jeff Komlo,TAM,49.0
1983,Jeff Rutledge,NYG,1208.0
1983,Jerry Golsteyn,TAM,535.0
1983,Jim Bob Taylor,BAL,20.0
1983,Jim Hart,STL,592.0
1983,Jim McMahon,CHI,2184.0
1983,Jim Plunkett,RAI,2935.0
1983,Jim Zorn,SEA,1166.0
1983,Joe Ferguson,BUF,2995.0
1983,Joe Montana,SFO,3910.0
1983,Joe Pisarcik,PHI,172.0
1983,Joe Theismann,WAS,3714.0
1983,John Elway,DEN,1663.0
1983,Ken Anderson,CIN,2333.0
1983,Ken Stabler,NOR,1988.0
1983,Lynn Dickey,GNB,4458.0
1983,Marc Wilson,RAI,864.0
1983,Mark Herrmann,BAL,256.0
1983,Mark Malone,PIT,124.0
1983,Mark Reed,BAL,34.0
1983,Matt Kofler,BUF,440.0
1983,Mike Kerrigan,NWE,72.0
1983,Mike Moroski,ATL,575.0
1983,Mike Pagel,BAL,2353.0
1983,Neil Lomax,STL,2636.0
1983,Oliver Luck,HOU,1375.0
1983,Pat Ryan,NYJ,259.0
1983,Paul McDonald,CLE,341.0
1983,Phil Simms,NYG,130.0
1983,Richard Todd,NYJ,3478.0
1983,Ron Jaworski,PHI,3315.0
1983,Rusty Lisch,STL,66.0
1983,Scott Brunner,NYG,2516.0
1983,Steve Bartkowski,ATL,3167.0
1983,Steve DeBerg,DEN,1617.0
1983,Steve Dils,MIN,2840.0
1983,Steve Grogan,NWE,2411.0
1983,Terry Bradshaw,PIT,77.0
1983,Todd Blackledge,KAN,259.0
1983,Tommy Kramer,MIN,550.0
1983,Tony Eason,NWE,557.0
1983,Turk Schonert,CIN,1159.0
1983,Vince Evans,CHI,1108.0
1983,Vince Ferragamo,RAM,3276.0
1983,Wade Wilson,MIN,124.0
1984,Archie Manning,MIN,545.0
1984,Art Schlichter,IND,702.0
1984,Bill Kenney,KAN,2098.0
1984,Bob Avellini,CHI,288.0
1984,Boomer Esiason,CIN,530.0
1984,Dan Fouts,SDG,3740.0
1984,Dan Marino,MIA,5084.0
1984,Danny White,DAL,1580.0
1984,Dave Krieg,SEA,3671.0
1984,Dave Wilson,NOR,647.0
1984,David Archer,ATL,181.0
1984,David Humm,RAI,56.0
1984,David Woodley,PIT,1273.0
1984,Dean May,PHI,33.0
1984,Don Strock,MIA,27.0
1984,Ed Luther,SDG,1163.0
1984,Eric Hipple,DET,246.0
1984,Gary Danielson,DET,3076.0
1984,Gary Hogeboom,DAL,2366.0
1984,Gary Kubiak,DEN,440.0
1984,Greg Landry,CHI,199.0
1984,Jack Thompson,TAM,337.0
1984,Jeff Kemp,RAM,2021.0
1984,Jeff Rutledge,NYG,9.0
1984,Jim Hart,WAS,26.0
1984,Jim McMahon,CHI,1146.0
1984,Jim Plunkett,RAI,1473.0
1984,Jim Zorn,SEA,80.0
1984,Joe Dufek,BUF,829.0
1984,Joe Ferguson,BUF,1991.0
1984,Joe Montana,SFO,3630.0
1984,Joe Pisarcik,PHI,1036.0
1984,Joe Theismann,WAS,3391.0
1984,John Elway,DEN,2598.0
1984,John Witkowski,DET,210.0
1984,Ken Anderson,CIN,2107.0
1984,Ken O'Brien,NYJ,1402.0
1984,Ken Stabler,NOR,339.0
1984,Lynn Dickey,GNB,3195.0
1984,Marc Wilson,RAI,2151.0
1984,Mark Herrmann,IND,352.0
1984,Mark Malone,PIT,2137.0
1984,Matt Cavanaugh,SFO,449.0
1984,Matt Kofler,BUF,432.0
1984,Mike Kerrigan,NWE,13.0
1984,Mike Machurek,DET,193.0
1984,Mike Moroski,ATL,1207.0
1984,Mike Pagel,IND,1426.0
1984,Neil Lomax,STL,4614.0
1984,Oliver Luck,HOU,256.0
1984,Pat Ryan,NYJ,1939.0
1984,Paul McDonald,CLE,3472.0
1984,Phil Simms,NYG,4044.0
1984,Randy Wright,GNB,310.0
1984,Rich Campbell,GNB,218.0
1984,Richard Todd,NOR,2178.0
1984,Rick McIvor,STL,0.0
1984,Ron Jaworski,PHI,2754.0
1984,Rusty Lisch,CHI,413.0
1984,Sandy Osiecki,KAN,64.0
1984,Scott Campbell,PIT,109.0
1984,Scott Stankavage,DEN,58.0
1984,Steve Bartkowski,ATL,2158.0
1984,Steve DeBerg,TAM,3554.0
1984,Steve Dils,RAM,44.0
1984,Steve Fuller,CHI,595.0
1984,Steve Grogan,NWE,444.0
1984,Todd Blackledge,KAN,1707.0
1984,Tom Flick,CLE,2.0
1984,Tommy Kramer,MIN,1678.0
1984,Tony Eason,NWE,3228.0
1984,Turk Schonert,CIN,945.0
1984,Vince Ferragamo,RAM,317.0
1984,Wade Wilson,MIN,1019.0
1984,Warren Moon,HOU,3338.0
1985,Art Schlichter,IND,107.0
1985,Bernie Kosar,CLE,1578.0
1985,Bill Kenney,KAN,2536.0
1985,Bob Holly,ATL,295.0
1985,Bobby Hebert,NOR,1208.0
1985,Boomer Esiason,CIN,3443.0
1985,Bruce Mathison,BUF,1635.0
1985,Dan Fouts,SDG,3638.0
1985,Dan Marino,MIA,4137.0
1985,Danny White,DAL,3157.0
1985,Dave Krieg,SEA,3602.0
1985,Dave Wilson,NOR,1843.0
1985,David Archer,ATL,1992.0
1985,David Woodley,PIT,1357.0
1985,Dieter Brock,RAM,2658.0
1985,Don Strock,MIA,141.0
1985,Eric Hipple,DET,2952.0
1985,Frank Reich,BUF,19.0
1985,Gale Gilbert,SEA,218.0
1985,Gary Danielson,CLE,1274.0
1985,Gary Hogeboom,DAL,978.0
1985,Gary Kubiak,DEN,61.0
1985,Jay Schroeder,WAS,1458.0
1985,Jeff Kemp,RAM,214.0
1985,Jim McMahon,CHI,2392.0
1985,Jim Plunkett,RAI,803.0
1985,Jim Zorn,GNB,794.0
1985,Joe Ferguson,DET,364.0
1985,Joe Montana,SFO,3653.0
1985,Joe Theismann,WAS,1774.0
1985,John Elway,DEN,3891.0
1985,Ken Anderson,CIN,170.0
1985,Ken O'Brien,NYJ,3888.0
1985,Lynn Dickey,GNB,2206.0
1985,Marc Wilson,RAI,2608.0
1985,Mark Herrmann,SDG,1537.0
1985,Mark Malone,PIT,1428.0
1985,Matt Cavanaugh,SFO,334.0
1985,Matt Kofler,IND,284.0
1985,Mike Moroski,HOU,249.0
1985,Mike Pagel,IND,2414.0
1985,Mike Tomczak,CHI,33.0
1985,Neil Lomax,STL,3214.0
1985,Oliver Luck,HOU,572.0
1985,Pat Ryan,NYJ,95.0
1985,Phil Simms,NYG,3829.0
1985,Randall Cunningham,PHI,548.0
1985,Randy Wright,GNB,552.0
1985,Richard Todd,NOR,191.0
1985,Ron Jaworski,PHI,3450.0
1985,Rusty Hilger,RAI,54.0
1985,Scott Brunner,STL,336.0
1985,Scott Campbell,PIT,612.0
1985,Steve Bartkowski,ATL,738.0
1985,Steve Bono,MIN,5.0
1985,Steve DeBerg,TAM,2488.0
1985,Steve Fuller,CHI,777.0
1985,Steve Grogan,NWE,1311.0
1985,Steve Pelluer,DAL,47.0
1985,Steve Young,TAM,935.0
1985,Todd Blackledge,KAN,1190.0
1985,Tommy Kramer,MIN,3522.0
1985,Tony Eason,NWE,2156.0
1985,Turk Schonert,CIN,460.0
1985,Vince Ferragamo,BUF,1677.0
1985,Wade Wilson,MIN,404.0
1985,Warren Moon,HOU,2709.0
1986,Bernie Kosar,CLE,3854.0
1986,Bill Kenney,KAN,1922.0
1986,Blair Kiel,IND,236.0
1986,Bobby Hebert,NOR,498.0
1986,Boomer Esiason,CIN,3959.0
1986,Bubby Brister,PIT,291.0
1986,Chuck Fusina,GNB,178.0
1986,Chuck Long,DET,247.0
1986,Cliff Stoudt,STL,542.0
1986,Dan Fouts,SDG,3031.0
1986,Dan Marino,MIA,4746.0
1986,Danny White,DAL,1157.0
1986,Dave Krieg,SEA,2921.0
1986,Dave Wilson,NOR,2353.0
1986,David Archer,ATL,2007.0
1986,Don Strock,MIA,152.0
1986,Doug Flutie,CHI,361.0
1986,Doug Gaynor,CIN,30.0
1986,Doug Williams,WAS,0.0
1986,Eric Hipple,DET,1919.0
1986,Frank Reich,BUF,104.0
1986,Gale Gilbert,SEA,485.0
1986,Gary Hogeboom,IND,1154.0
1986,Gary Kubiak,DEN,249.0
1986,Jack Trudeau,IND,2225.0
1986,Jay Schroeder,WAS,4109.0
1986,Jeff Kemp,SFO,1554.0
1986,Jeff Rutledge,NYG,13.0
1986,Jim Everett,RAM,1018.0
1986,Jim Kelly,BUF,3593.0
1986,Jim McMahon,CHI,995.0
1986,Jim Plunkett,RAI,1986.0
1986,Joe Ferguson,DET,941.0
1986,Joe Montana,SFO,2236.0
1986,John Elway,DEN,3485.0
1986,Ken Anderson,CIN,171.0
1986,Ken O'Brien,NYJ,3690.0
1986,Marc Wilson,RAI,1721.0
1986,Mark Herrmann,SDG,627.0
1986,Mark Malone,PIT,2444.0
1986,Matt Cavanaugh,PHI,397.0
1986,Mike Moroski,SFO,493.0
1986,Mike Pagel,CLE,53.0
1986,Mike Tomczak,CHI,1105.0
1986,Neil Lomax,STL,2583.0
1986,Oliver Luck,HOU,341.0
1986,Pat Ryan,NYJ,342.0
1986,Phil Simms,NYG,3487.0
1986,Randall Cunningham,PHI,1391.0
1986,Randy Wright,GNB,3247.0
1986,Reggie Collier,DAL,96.0
1986,Ron Jaworski,PHI,1405.0
1986,Rusty Hilger,RAI,266.0
1986,Scott Campbell,2TM,7.0
1986,Scott Campbell,PIT,0.0
1986,Scott Campbell,ATL,7.0
1986,Steve Bartkowski,RAM,654.0
1986,Steve Bono,MIN,3.0
1986,Steve DeBerg,TAM,610.0
1986,Steve Dils,RAM,693.0
1986,Steve Fuller,CHI,451.0
1986,Steve Grogan,NWE,976.0
1986,Steve Pelluer,DAL,2727.0
1986,Steve Young,TAM,2282.0
1986,Todd Blackledge,KAN,1200.0
1986,Tom Flick,SDG,361.0
1986,Tom Ramsey,NWE,7.0
1986,Tommy Kramer,MIN,3000.0
1986,Tony Eason,NWE,3328.0
1986,Turk Schonert,ATL,1032.0
1986,Vince Ferragamo,GNB,283.0
1986,Wade Wilson,MIN,1165.0
1986,Warren Moon,HOU,3489.0
1987,Adrian Breen,CIN,9.0
1987,Alan Risher,GNB,564.0
1987,Alex Espinoza,KAN,69.0
1987,Ben Bennett,CIN,25.0
1987,Bernard Quarles,RAM,40.0
1987,Bernie Kosar,CLE,3033.0
1987,Bill Kenney,KAN,2107.0
1987,Blair Kiel,IND,195.0
1987,Bob Bleier,NWE,181.0
1987,Bob Gagliano,SFO,229.0
1987,Bobby Hebert,NOR,2119.0
1987,Boomer Esiason,CIN,3321.0
1987,Brent Pease,HOU,728.0
1987,Brian McClure,BUF,181.0
1987,Bruce Mathison,SEA,501.0
1987,Bubby Brister,PIT,20.0
1987,Chris Miller,ATL,552.0
1987,Chuck Long,DET,2598.0
1987,Cliff Stoudt,STL,0.0
1987,Dan Fouts,SDG,2517.0
1987,Dan Manucci,BUF,68.0
1987,Dan Marino,MIA,3245.0
1987,Danny White,DAL,2617.0
1987,Dave Krieg,SEA,2131.0
1987,Dave Walter,CIN,113.0
1987,Dave Wilson,NOR,243.0
1987,David Archer,ATL,95.0
1987,David Norrie,NYJ,376.0
1987,Dean May,DEN,0.0
1987,Don Majkowski,GNB,875.0
1987,Don Strock,MIA,114.0
1987,Doug Flutie,NWE,199.0
1987,Doug Hudson,KAN,0.0
1987,Doug Williams,WAS,1156.0
1987,Ed Rubbert,WAS,532.0
1987,Erik Kramer,ATL,559.0
1987,Frank Seurer,KAN,340.0
1987,Gary Danielson,CLE,281.0
1987,Gary Hogeboom,IND,1145.0
1987,Gary Kubiak,DEN,25.0
1987,Guido Merkens,PHI,70.0
1987,Hugh Millen,RAM,0.0
1987,Jack Trudeau,IND,1587.0
1987,Jay Schroeder,WAS,1878.0
1987,Jeff Christensen,CLE,297.0
1987,Jeff Kemp,SEA,396.0
1987,Jeff Rutledge,NYG,1048.0
1987,Jeff Van Raaphorst,ATL,174.0
1987,Jim Crocicchia,NYG,89.0
1987,Jim Everett,RAM,2064.0
1987,Jim Harbaugh,CHI,62.0
1987,Jim Kelly,BUF,2798.0
1987,Jim McMahon,CHI,1639.0
1987,Jim Zorn,TAM,199.0
1987,Joe Montana,SFO,3054.0
1987,John Elway,DEN,3198.0
1987,John Fourcade,NOR,597.0
1987,John Reaves,TAM,83.0
1987,Ken Karcher,DEN,628.0
1987,Ken O'Brien,NYJ,2696.0
1987,Kevin Ingram,NOR,5.0
1987,Kevin Sweeney,DAL,291.0
1987,Kyle Mackey,MIA,604.0
1987,Larry Miller,MIN,2.0
1987,Loren Snyder,DAL,44.0
1987,Marc Wilson,RAI,2070.0
1987,Mark Herrmann,SDG,405.0
1987,Mark Malone,PIT,1896.0
1987,Mark Miller,BUF,9.0
1987,Mark Stevens,SFO,52.0
1987,Mark Vlasic,SDG,8.0
1987,Marty Horn,PHI,68.0
1987,Matt Stevens,KAN,315.0
1987,Mike Busch,NYG,278.0
1987,Mike Hohensee,CHI,343.0
1987,Mike Hold,TAM,123.0
1987,Mike Kelley,SDG,305.0
1987,Mike Tomczak,CHI,1220.0
1987,Monte McGuire,DEN,23.0
1987,Neil Lomax,STL,3387.0
1987,Pat Ryan,NYJ,314.0
1987,Phil Simms,NYG,2230.0
1987,Randall Cunningham,PHI,2786.0
1987,Randy Wright,GNB,1507.0
1987,Reggie Collier,PIT,110.0
1987,Rich Gannon,MIN,18.0
1987,Rick Neuheisel,SDG,367.0
1987,Rusty Hilger,RAI,706.0
1987,Sammy Garza,STL,183.0
1987,Scott Campbell,ATL,1728.0
1987,Scott Stankavage,MIA,8.0
1987,Scott Tinsley,PHI,637.0
1987,Sean Payton,CHI,79.0
1987,Sean Salisbury,IND,68.0
1987,Shawn Halloran,STL,263.0
1987,Steve Bono,PIT,438.0
1987,Steve Bradley,CHI,77.0
1987,Steve DeBerg,TAM,1891.0
1987,Steve Dils,RAM,646.0
1987,Steve Grogan,NWE,1183.0
1987,Steve Pelluer,DAL,642.0
1987,Steve Young,SFO,570.0
1987,Terry Nugent,IND,47.0
1987,Tim Riordan,NOR,0.0
1987,Todd Blackledge,KAN,154.0
1987,Todd Hons,DET,552.0
1987,Tom Ramsey,NWE,898.0
1987,Tommy Kramer,MIN,452.0
1987,Tony Adams,MIN,607.0
1987,Tony Eason,NWE,453.0
1987,Tony Robinson,WAS,152.0
1987,Vince Evans,RAI,630.0
1987,Vinny Testaverde,TAM,1081.0
1987,Wade Wilson,MIN,2106.0
1987,Walter Briggs,NYJ,0.0
1987,Warren Moon,HOU,2806.0
1987,Willie Gillus,GNB,28.0
1987,Willie Totten,BUF,155.0
1988,Babe Laufenberg,SDG,778.0
1988,Bernie Kosar,CLE,1890.0
1988,Bill Kenney,KAN,549.0
1988,Bobby Hebert,NOR,3156.0
1988,Boomer Esiason,CIN,3572.0
1988,Brent Pease,HOU,64.0
1988,Bubby Brister,PIT,2634.0
1988,Chris Chandler,IND,1619.0
1988,Chris Miller,ATL,2133.0
1988,Chuck Long,DET,856.0
1988,Cliff Stoudt,PHO,747.0
1988,Cody Carlson,HOU,775.0
1988,Dan Marino,MIA,4434.0
1988,Danny White,DAL,274.0
1988,Dave Krieg,SEA,1741.0
1988,Dave Wilson,NOR,73.0
1988,David Archer,WAS,0.0
1988,Don Majkowski,GNB,2119.0
1988,Don Strock,CLE,736.0
1988,Doug Flutie,NWE,1150.0
1988,Doug Williams,WAS,2609.0
1988,Eric Hipple,DET,158.0
1988,Gary Danielson,CLE,324.0
1988,Gary Hogeboom,IND,996.0
1988,Gary Kubiak,DEN,497.0
1988,Hugh Millen,ATL,215.0
1988,Jack Trudeau,IND,158.0
1988,Jay Schroeder,RAI,1839.0
1988,Jeff Hostetler,NYG,244.0
1988,Jeff Kemp,SEA,132.0
1988,Jeff Rutledge,NYG,113.0
1988,Jim Everett,RAM,3964.0
1988,Jim Harbaugh,CHI,514.0
1988,Jim Kelly,BUF,3380.0
1988,Jim McMahon,CHI,1346.0
1988,Joe Ferguson,TAM,368.0
1988,Joe Montana,SFO,2981.0
1988,John Elway,DEN,3309.0
1988,John Fourcade,NOR,0.0
1988,John Witkowski,DET,0.0
1988,Kelly Stouffer,SEA,1106.0
1988,Ken Karcher,DEN,128.0
1988,Ken O'Brien,NYJ,2567.0
1988,Kevin Sweeney,DAL,314.0
1988,Mark Herrmann,RAM,38.0
1988,Mark Malone,SDG,1580.0
1988,Mark Rypien,WAS,1730.0
1988,Mark Vlasic,SDG,270.0
1988,Matt Cavanaugh,PHI,101.0
1988,Mike Pagel,CLE,736.0
1988,Mike Tomczak,CHI,1310.0
1988,Neil Lomax,PHO,3395.0
1988,Pat Ryan,NYJ,807.0
1988,Phil Simms,NYG,3359.0
1988,Randall Cunningham,PHI,3808.0
1988,Randy Wright,GNB,1490.0
1988,Rich Gannon,MIN,90.0
1988,Ricky Turner,IND,92.0
1988,Ron Jaworski,MIA,123.0
1988,Rusty Hilger,DET,1558.0
1988,Steve Beuerlein,RAI,1643.0
1988,Steve Bono,PIT,110.0
1988,Steve DeBerg,KAN,2935.0
1988,Steve Dils,ATL,566.0
1988,Steve Grogan,NWE,834.0
1988,Steve Pelluer,DAL,3139.0
1988,Steve Young,SFO,680.0
1988,Todd Blackledge,PIT,494.0
1988,Tom Ramsey,NWE,100.0
1988,Tom Tupa,PHO,49.0
1988,Tommy Kramer,MIN,1264.0
1988,Tony Eason,NWE,249.0
1988,Turk Schonert,CIN,20.0
1988,Vinny Testaverde,TAM,3240.0
1988,Wade Wilson,MIN,2746.0
1988,Warren Moon,HOU,2327.0
1989,Anthony Dilweg,GNB,7.0
1989,Bernie Kosar,CLE,3533.0
1989,Billy Joe Tolliver,SDG,1097.0
1989,Bob Gagliano,DET,1671.0
1989,Bobby Hebert,NOR,2686.0
1989,Boomer Esiason,CIN,3525.0
1989,Bubby Brister,PIT,2365.0
1989,Chris Chandler,IND,537.0
1989,Chris Miller,ATL,3459.0
1989,Chuck Long,DET,42.0
1989,Cody Carlson,HOU,155.0
1989,Dan Marino,MIA,3997.0
1989,Dave Krieg,SEA,3309.0
1989,David Archer,SDG,62.0
1989,Don Majkowski,GNB,4318.0
1989,Doug Flutie,NWE,493.0
1989,Doug Williams,WAS,585.0
1989,Eric Hipple,DET,90.0
1989,Erik Wilhelm,CIN,425.0
1989,Frank Reich,BUF,701.0
1989,Gary Hogeboom,PHO,2591.0
1989,Gary Kubiak,DEN,284.0
1989,Hugh Millen,ATL,432.0
1989,Jack Trudeau,IND,2317.0
1989,Jay Schroeder,RAI,1550.0
1989,Jeff Hostetler,NYG,294.0
1989,Jim Everett,RAM,4310.0
1989,Jim Harbaugh,CHI,1204.0
1989,Jim Kelly,BUF,3130.0
1989,Jim McMahon,SDG,2132.0
1989,Joe Ferguson,TAM,533.0
1989,Joe Montana,SFO,3521.0
1989,John Elway,DEN,3051.0
1989,John Fourcade,NOR,930.0
1989,Kelly Stouffer,SEA,270.0
1989,Ken O'Brien,NYJ,3346.0
1989,Kyle Mackey,NYJ,125.0
1989,Marc Wilson,NWE,1006.0
1989,Mark Herrmann,RAM,59.0
1989,Mark Malone,NYJ,13.0
1989,Mark Rypien,WAS,3768.0
1989,Matt Cavanaugh,PHI,33.0
1989,Mike Elkins,KAN,5.0
1989,Mike Pagel,CLE,60.0
1989,Mike Tomczak,CHI,2058.0
1989,Pat Ryan,NYJ,153.0
1989,Phil Simms,NYG,3061.0
1989,Randall Cunningham,PHI,3400.0
1989,Rick Strom,PIT,0.0
1989,Rodney Peete,DET,1479.0
1989,Ron Jaworski,KAN,385.0
1989,Scott Secules,MIA,286.0
1989,Stan Humphries,WAS,91.0
1989,Steve Beuerlein,RAI,1677.0
1989,Steve Bono,SFO,62.0
1989,Steve DeBerg,KAN,2529.0
1989,Steve Grogan,NWE,1697.0
1989,Steve Pelluer,KAN,301.0
1989,Steve Walsh,DAL,1371.0
1989,Steve Young,SFO,1001.0
1989,Timm Rosenbach,PHO,95.0
1989,Todd Blackledge,PIT,282.0
1989,Tom Ramsey,IND,280.0
1989,Tom Tupa,PHO,973.0
1989,Tommy Kramer,MIN,906.0
1989,Tony Eason,2TM,1016.0
1989,Troy Aikman,DAL,1749.0
1989,Turk Schonert,CIN,0.0
1989,Vince Evans,RAI,50.0
1989,Vinny Testaverde,TAM,3133.0
1989,Wade Wilson,MIN,2543.0
1989,Warren Moon,HOU,3631.0
1990,Andre Ware,DET,164.0
1990,Anthony Dilweg,GNB,1267.0
1990,Babe Laufenberg,DAL,279.0
1990,Bernie Kosar,CLE,2562.0
1990,Billy Joe Tolliver,SDG,2574.0
1990,Blair Kiel,GNB,504.0
1990,Bob Gagliano,DET,1190.0
1990,Boomer Esiason,CIN,3031.0
1990,Bubby Brister,PIT,2725.0
1990,Chris Chandler,TAM,464.0
1990,Chris Miller,ATL,2735.0
1990,Chuck Long,RAM,4.0
1990,Cody Carlson,HOU,383.0
1990,Dan Marino,MIA,3563.0
1990,Dave Krieg,SEA,3194.0
1990,Don Majkowski,GNB,1925.0
1990,Erik Wilhelm,CIN,117.0
1990,Frank Reich,BUF,469.0
1990,Gale Gilbert,BUF,106.0
1990,Gary Kubiak,DEN,145.0
1990,Hugh Millen,ATL,427.0
1990,Jack Trudeau,IND,1078.0
1990,Jay Schroeder,RAI,2849.0
1990,Jeff Francis,CLE,26.0
1990,Jeff George,IND,2152.0
1990,Jeff Hostetler,NYG,614.0
1990,Jeff Rutledge,WAS,455.0
1990,Jim Everett,RAM,3989.0
1990,Jim Harbaugh,CHI,2178.0
1990,Jim Kelly,BUF,2829.0
1990,Jim McMahon,PHI,63.0
1990,Joe Ferguson,IND,21.0
1990,Joe Montana,SFO,3944.0
1990,John Elway,DEN,3526.0
1990,John Fourcade,NOR,785.0
1990,John Friesz,SDG,98.0
1990,Ken O'Brien,NYJ,2855.0
1990,Marc Wilson,NWE,1625.0
1990,Mark Herrmann,IND,6.0
1990,Mark Rypien,WAS,2070.0
1990,Mark Vlasic,SDG,168.0
1990,Mike Pagel,CLE,819.0
1990,Mike Tomczak,CHI,521.0
1990,Peter Tom Willis,CHI,106.0
1990,Phil Simms,NYG,2284.0
1990,Randall Cunningham,PHI,3466.0
1990,Rich Gannon,MIN,2278.0
1990,Rick Strom,PIT,162.0
1990,Rodney Peete,DET,1974.0
1990,Scott Campbell,ATL,527.0
1990,Scott Secules,MIA,17.0
1990,Stan Humphries,WAS,1015.0
1990,Steve DeBerg,KAN,3444.0
1990,Steve Grogan,NWE,615.0
1990,Steve Pelluer,KAN,14.0
1990,Steve Walsh,2TM,2010.0
1990,Steve Walsh,DAL,40.0
1990,Steve Walsh,NOR,1970.0
1990,Steve Young,SFO,427.0
1990,Timm Rosenbach,PHO,3098.0
1990,Todd Philcox,CIN,0.0
1990,Tom Hodson,NWE,968.0
1990,Tommy Kramer,NOR,2.0
1990,Tony Eason,NYJ,155.0
1990,Troy Aikman,DAL,2579.0
1990,Troy Taylor,NYJ,49.0
1990,Vince Evans,RAI,36.0
1990,Vinny Testaverde,TAM,2818.0
1990,Wade Wilson,MIN,1155.0
1990,Warren Moon,HOU,4689.0
1991,Bernie Kosar,CLE,3487.0
1991,Bill Musgrave,SFO,33.0
1991,Billy Joe Tolliver,ATL,531.0
1991,Blair Kiel,GNB,361.0
1991,Bob Gagliano,SDG,76.0
1991,Bobby Hebert,NOR,1676.0
1991,Boomer Esiason,CIN,2883.0
1991,Brad Goebel,PHI,267.0
1991,Brett Favre,ATL,0.0
1991,Browning Nagle,NYJ,10.0
1991,Bubby Brister,PIT,1350.0
1991,Chris Chandler,2TM,846.0
1991,Chris Chandler,TAM,557.0
1991,Chris Chandler,PHO,289.0
1991,Chris Miller,ATL,3103.0
1991,Cody Carlson,HOU,114.0
1991,Craig Kupp,PHO,23.0
1991,Dan Marino,MIA,3970.0
1991,Dan McGwire,SEA,27.0
1991,Dave Krieg,SEA,2080.0
1991,Don Majkowski,GNB,1362.0
1991,Donald Hollas,CIN,310.0
1991,Erik Kramer,DET,1635.0
1991,Erik Wilhelm,CIN,217.0
1991,Frank Reich,BUF,305.0
1991,Gary Kubiak,DEN,33.0
1991,Hugh Millen,NWE,3073.0
1991,Jack Trudeau,IND,19.0
1991,Jay Schroeder,RAI,2562.0
1991,Jeff Carlson,TAM,404.0
1991,Jeff George,IND,2910.0
1991,Jeff Hostetler,NYG,2032.0
1991,Jeff Kemp,2TM,1753.0
1991,Jeff Kemp,SEA,1207.0
1991,Jeff Kemp,PHI,546.0
1991,Jeff Rutledge,WAS,189.0
1991,Jim Everett,RAM,3438.0
1991,Jim Harbaugh,CHI,3121.0
1991,Jim Kelly,BUF,3844.0
1991,Jim McMahon,PHI,2239.0
1991,John Elway,DEN,3253.0
1991,John Friesz,SDG,2896.0
1991,Kelly Stouffer,SEA,57.0
1991,Ken O'Brien,NYJ,3300.0
1991,Mark Herrmann,IND,137.0
1991,Mark Rypien,WAS,3564.0
1991,Mark Vlasic,KAN,316.0
1991,Mike Buck,NOR,61.0
1991,Mike Pagel,RAM,150.0
1991,Mike Tomczak,GNB,1490.0
1991,Neil O'Donnell,PIT,1963.0
1991,Pat Ryan,PHI,98.0
1991,Peter Tom Willis,CHI,171.0
1991,Phil Simms,NYG,993.0
1991,Randall Cunningham,PHI,19.0
1991,Rich Gannon,MIN,2166.0
1991,Rodney Peete,DET,1339.0
1991,Rusty Hilger,IND,0.0
1991,Scott Secules,MIA,90.0
1991,Stan Gelbaugh,PHO,674.0
1991,Steve Beuerlein,DAL,909.0
1991,Steve Bono,SFO,1617.0
1991,Steve DeBerg,KAN,2965.0
1991,Steve Walsh,NOR,1638.0
1991,Steve Young,SFO,2517.0
1991,Todd Marinovich,RAI,243.0
1991,Todd Philcox,CLE,49.0
1991,Tom Hodson,NWE,345.0
1991,Tom Tupa,PHO,2053.0
1991,Troy Aikman,DAL,2754.0
1991,Troy Taylor,NYJ,76.0
1991,Vince Evans,RAI,127.0
1991,Vinny Testaverde,TAM,1994.0
1991,Wade Wilson,MIN,825.0
1991,Warren Moon,HOU,4690.0
1992,Andre Ware,DET,677.0
1992,Bernie Kosar,CLE,1160.0
1992,Billy Joe Tolliver,ATL,787.0
1992,Bob Gagliano,SDG,258.0
1992,Bobby Hebert,NOR,3287.0
1992,Boomer Esiason,CIN,1407.0
1992,Brad Goebel,CLE,32.0
1992,Brett Favre,GNB,3227.0
1992,Browning Nagle,NYJ,2280.0
1992,Bubby Brister,PIT,719.0
1992,Bucky Richardson,HOU,0.0
1992,Cary Conklin,WAS,16.0
1992,Chris Chandler,PHO,2832.0
1992,Chris Miller,ATL,1739.0
1992,Cody Carlson,HOU,1710.0
1992,Craig Erickson,TAM,121.0
1992,Dan Marino,MIA,4116.0
1992,Dan McGwire,SEA,116.0
1992,Dave Brown,NYG,21.0
1992,Dave Krieg,KAN,3115.0
1992,David Klingler,CIN,530.0
1992,Don Majkowski,GNB,271.0
1992,Donald Hollas,CIN,335.0
1992,Erik Kramer,DET,771.0
1992,Frank Reich,BUF,221.0
1992,Hugh Millen,NWE,1203.0
1992,Jack Trudeau,IND,1271.0
1992,Jay Schroeder,RAI,1476.0
1992,Jeff Blake,NYJ,40.0
1992,Jeff Carlson,NWE,232.0
1992,Jeff George,IND,1963.0
1992,Jeff Hostetler,NYG,1225.0
1992,Jim Everett,RAM,3323.0
1992,Jim Harbaugh,CHI,2486.0
1992,Jim Kelly,BUF,3457.0
1992,Jim McMahon,PHI,279.0
1992,Joe Montana,SFO,126.0
1992,John Elway,DEN,2242.0
1992,Kelly Stouffer,SEA,900.0
1992,Ken O'Brien,NYJ,642.0
1992,Kent Graham,NYG,470.0
1992,Mark Herrmann,IND,177.0
1992,Mark Rypien,WAS,3282.0
1992,Mike Buck,NOR,10.0
1992,Mike Pagel,RAM,99.0
1992,Mike Tomczak,CLE,1693.0
1992,Neil O'Donnell,PIT,2283.0
1992,Peter Tom Willis,CHI,716.0
1992,Phil Simms,NYG,912.0
1992,Randall Cunningham,PHI,2775.0
1992,Rich Gannon,MIN,1905.0
1992,Rodney Peete,DET,1702.0
1992,Scott Mitchell,MIA,32.0
1992,Scott Zolak,NWE,561.0
1992,Sean Salisbury,MIN,1203.0
1992,Shawn Moore,DEN,232.0
1992,Stan Gelbaugh,SEA,1307.0
1992,Stan Humphries,SDG,3356.0
1992,Steve Beuerlein,DAL,152.0
1992,Steve Bono,SFO,463.0
1992,Steve DeBerg,TAM,710.0
1992,Steve Young,SFO,3465.0
1992,Timm Rosenbach,PHO,483.0
1992,Todd Marinovich,RAI,1102.0
1992,Todd Philcox,CLE,217.0
1992,Tom Hodson,NWE,496.0
1992,Tom Tupa,IND,156.0
1992,Tommy Maddox,DEN,757.0
1992,Tony Sacca,PHO,29.0
1992,Troy Aikman,DAL,3445.0
1992,Vince Evans,RAI,372.0
1992,Vinny Testaverde,TAM,2554.0
1992,Wade Wilson,ATL,1366.0
1992,Warren Moon,HOU,2521.0
1992,Will Furrer,CHI,89.0
1993,Andre Ware,DET,271.0
1993,Bernie Kosar,2TM,1217.0
1993,Bernie Kosar,CLE,807.0
1993,Bernie Kosar,DAL,410.0
1993,Billy Joe Tolliver,ATL,464.0
1993,Bobby Hebert,ATL,2978.0
1993,Boomer Esiason,NYJ,3421.0
1993,Brett Favre,GNB,3303.0
1993,Browning Nagle,NYJ,71.0
1993,Bubby Brister,PHI,1905.0
1993,Bucky Richardson,HOU,55.0
1993,Cary Conklin,WAS,496.0
1993,Casey Weldon,TAM,55.0
1993,Chris Chandler,PHO,471.0
1993,Chris Miller,ATL,345.0
1993,Cody Carlson,HOU,605.0
1993,Craig Erickson,TAM,3054.0
1993,Dan Marino,MIA,1218.0
1993,Dan McGwire,SEA,24.0
1993,Dave Krieg,KAN,1238.0
1993,David Klingler,CIN,1935.0
1993,Don Majkowski,IND,105.0
1993,Doug Pederson,MIA,41.0
1993,Drew Bledsoe,NWE,2494.0
1993,Erik Kramer,DET,1002.0
1993,Erik Wilhelm,CIN,63.0
1993,Frank Reich,BUF,153.0
1993,Jack Trudeau,IND,992.0
1993,Jason Garrett,DAL,61.0
1993,Jay Schroeder,CIN,832.0
1993,Jeff George,IND,2526.0
1993,Jeff Hostetler,RAI,3242.0
1993,Jim Everett,RAM,1652.0
1993,Jim Harbaugh,CHI,2002.0
1993,Jim Kelly,BUF,3382.0
1993,Jim McMahon,MIN,1968.0
1993,Joe Montana,KAN,2144.0
1993,John Elway,DEN,4030.0
1993,John Friesz,SDG,1402.0
1993,Ken O'Brien,PHI,708.0
1993,Kent Graham,NYG,79.0
1993,Mark Rypien,WAS,1514.0
1993,Matt Blundin,KAN,2.0
1993,Mike Buck,NOR,448.0
1993,Mike Pagel,RAM,23.0
1993,Mike Tomczak,PIT,398.0
1993,Neil O'Donnell,PIT,3208.0
1993,Peter Tom Willis,CHI,268.0
1993,Phil Simms,NYG,3038.0
1993,Randall Cunningham,PHI,850.0
1993,Rich Gannon,WAS,704.0
1993,Rick Mirer,SEA,2833.0
1993,Rodney Peete,DET,1670.0
1993,Scott Mitchell,MIA,1773.0
1993,Scott Secules,NWE,918.0
1993,Scott Zolak,NWE,0.0
1993,Sean Salisbury,MIN,1413.0
1993,Stan Gelbaugh,SEA,39.0
1993,Stan Humphries,SDG,1981.0
1993,Steve Beuerlein,PHO,3164.0
1993,Steve Bono,SFO,416.0
1993,Steve DeBerg,2TM,1707.0
1993,Steve DeBerg,TAM,186.0
1993,Steve DeBerg,MIA,1521.0
1993,Steve Walsh,NOR,271.0
1993,Steve Young,SFO,4023.0
1993,T.J. Rubley,RAM,1338.0
1993,Todd Philcox,CLE,699.0
1993,Tommy Maddox,DEN,1.0
1993,Troy Aikman,DAL,3100.0
1993,Ty Detmer,GNB,26.0
1993,Vince Evans,RAI,640.0
1993,Vinny Testaverde,CLE,1797.0
1993,Wade Wilson,NOR,2457.0
1993,Warren Moon,HOU,3485.0
1994,Bernie Kosar,MIA,80.0
1994,Billy Joe Tolliver,HOU,1287.0
1994,Bobby Hebert,ATL,610.0
1994,Boomer Esiason,NYJ,2782.0
1994,Brad Johnson,MIN,150.0
1994,Brett Favre,GNB,3882.0
1994,Browning Nagle,IND,69.0
1994,Bubby Brister,PHI,507.0
1994,Bucky Richardson,HOU,1202.0
1994,Casey Weldon,TAM,63.0
1994,Chris Chandler,RAM,1352.0
1994,Chris Miller,RAM,2104.0
1994,Cody Carlson,HOU,727.0
1994,Craig Erickson,TAM,2919.0
1994,Dan Marino,MIA,4453.0
1994,Dan McGwire,SEA,578.0
1994,Dave Brown,NYG,2536.0
1994,Dave Krieg,DET,1629.0
1994,David Klingler,CIN,1327.0
1994,Don Majkowski,IND,1010.0
1994,Donald Hollas,CIN,0.0
1994,Drew Bledsoe,NWE,4555.0
1994,Elvis Grbac,SFO,393.0
1994,Erik Kramer,CHI,1129.0
1994,Frank Reich,BUF,568.0
1994,Gale Gilbert,SDG,410.0
1994,Glenn Foley,NYJ,45.0
1994,Gus Frerotte,WAS,600.0
1994,Heath Shuler,WAS,1658.0
1994,Hugh Millen,DEN,893.0
1994,Jack Trudeau,NYJ,496.0
1994,Jason Garrett,DAL,315.0
1994,Jay Schroeder,ARI,1510.0
1994,Jeff Blake,CIN,2154.0
1994,Jeff George,ATL,3734.0
1994,Jeff Hostetler,RAI,3334.0
1994,Jim Everett,NOR,3855.0
1994,Jim Harbaugh,IND,1440.0
1994,Jim Kelly,BUF,3114.0
1994,Jim McMahon,ARI,219.0
1994,Joe Montana,KAN,3283.0
1994,John Elway,DEN,3490.0
1994,John Friesz,WAS,1266.0
1994,Kent Graham,NYG,295.0
1994,Mark Brunell,GNB,95.0
1994,Mark Rypien,CLE,694.0
1994,Matt Blundin,KAN,13.0
1994,Mike Tomczak,PIT,804.0
1994,Neil O'Donnell,PIT,2443.0
1994,Perry Klein,ATL,0.0
1994,Randall Cunningham,PHI,3229.0
1994,Rick Mirer,SEA,2151.0
1994,Rodney Peete,DAL,470.0
1994,Scott Mitchell,DET,1456.0
1994,Scott Zolak,NWE,28.0
1994,Sean Salisbury,MIN,156.0
1994,Stan Gelbaugh,SEA,80.0
1994,Stan Humphries,SDG,3209.0
1994,Steve Beuerlein,ARI,1545.0
1994,Steve Bono,KAN,796.0
1994,Steve Walsh,CHI,2078.0
1994,Steve Young,SFO,3969.0
1994,Tommy Maddox,RAM,141.0
1994,Trent Dilfer,TAM,433.0
1994,Troy Aikman,DAL,2676.0
1994,Vince Evans,RAI,222.0
1994,Vinny Testaverde,CLE,2575.0
1994,Wade Wilson,NOR,172.0
1994,Warren Moon,MIN,4264.0
1995,Alex Van Pelt,BUF,106.0
1995,Bernie Kosar,MIA,699.0
1995,Bill Musgrave,DEN,93.0
1995,Billy Joe Hobert,OAK,540.0
1995,Bobby Hebert,ATL,313.0
1995,Boomer Esiason,NYJ,2275.0
1995,Brad Johnson,MIN,272.0
1995,Brett Favre,GNB,4413.0
1995,Bubby Brister,NYJ,726.0
1995,Cary Conklin,SFO,48.0
1995,Casey Weldon,TAM,519.0
1995,Chris Chandler,HOU,2460.0
1995,Chris Miller,STL,2623.0
1995,Craig Erickson,IND,586.0
1995,Dan Marino,MIA,3668.0
1995,Dan McGwire,MIA,0.0
1995,Dave Barr,STL,42.0
1995,Dave Brown,NYG,2814.0
1995,Dave Krieg,ARI,3554.0
1995,David Klingler,CIN,88.0
1995,Don Majkowski,DET,161.0
1995,Drew Bledsoe,NWE,3507.0
1995,Elvis Grbac,SFO,1469.0
1995,Eric Zeier,CLE,864.0
1995,Erik Kramer,CHI,3838.0
1995,Frank Reich,CAR,441.0
1995,Gale Gilbert,SDG,325.0
1995,Glenn Foley,NYJ,128.0
1995,Gus Frerotte,WAS,2751.0
1995,Heath Shuler,WAS,745.0
1995,Hugh Millen,DEN,197.0
1995,Jack Trudeau,CAR,100.0
1995,Jason Garrett,DAL,46.0
1995,Jeff Blake,CIN,3822.0
1995,Jeff George,ATL,4143.0
1995,Jeff Hostetler,OAK,1998.0
1995,Jim Everett,NOR,3970.0
1995,Jim Harbaugh,IND,2575.0
1995,Jim Kelly,BUF,3130.0
1995,Jim McMahon,GNB,6.0
1995,Jim Miller,PIT,397.0
1995,John Elway,DEN,3970.0
1995,John Friesz,SEA,795.0
1995,Kerry Collins,CAR,2717.0
1995,Kordell Stewart,PIT,60.0
1995,Mark Brunell,JAX,2168.0
1995,Mark Rypien,STL,1448.0
1995,Mike Buck,ARI,271.0
1995,Mike Tomczak,PIT,666.0
1995,Neil O'Donnell,PIT,2970.0
1995,Paul Justin,IND,212.0
1995,Randall Cunningham,PHI,605.0
1995,Rich Gannon,KAN,57.0
1995,Rick Mirer,SEA,2564.0
1995,Rob Johnson,JAX,24.0
1995,Rodney Peete,PHI,2326.0
1995,Scott Mitchell,DET,4338.0
1995,Scott Zolak,NWE,282.0
1995,Stan Humphries,SDG,3381.0
1995,Steve Beuerlein,JAX,952.0
1995,Steve Bono,KAN,3121.0
1995,Steve McNair,HOU,569.0
1995,Steve Young,SFO,3200.0
1995,Stoney Case,ARI,19.0
1995,T.J. Rubley,GNB,39.0
1995,Todd Collins,BUF,112.0
1995,Tom Hodson,NOR,14.0
1995,Tom Tupa,CLE,25.0
1995,Tommy Maddox,NYG,49.0
1995,Trent Dilfer,TAM,2774.0
1995,Troy Aikman,DAL,3304.0
1995,Ty Detmer,GNB,81.0
1995,Vince Evans,OAK,1236.0
1995,Vinny Testaverde,CLE,2883.0
1995,Wade Wilson,DAL,391.0
1995,Warren Moon,MIN,4228.0
1995,Will Furrer,HOU,483.0
1996,Alex Van Pelt,BUF,9.0
1996,Bernie Kosar,MIA,208.0
1996,Bill Musgrave,DEN,276.0
1996,Billy Joe Hobert,OAK,667.0
1996,Bobby Hebert,ATL,3152.0
1996,Bobby Hoying,PHI,0.0
1996,Boomer Esiason,ARI,2293.0
1996,Brad Johnson,MIN,2258.0
1996,Brett Favre,GNB,3899.0
1996,Browning Nagle,ATL,59.0
1996,Casey Weldon,TAM,76.0
1996,Chris Chandler,HOU,2099.0
1996,Craig Erickson,MIA,780.0
1996,Dan Marino,MIA,2795.0
1996,Danny Kanell,NYG,227.0
1996,Dave Brown,NYG,2412.0
1996,Dave Krieg,CHI,2278.0
1996,David Klingler,OAK,87.0
1996,Don Majkowski,DET,554.0
1996,Doug Nussmeier,NOR,272.0
1996,Drew Bledsoe,NWE,4086.0
1996,Elvis Grbac,SFO,1236.0
1996,Eric Zeier,BAL,97.0
1996,Erik Kramer,CHI,781.0
1996,Erik Wilhelm,CIN,90.0
1996,Frank Reich,NYJ,2205.0
1996,Gino Torretta,SEA,41.0
1996,Glenn Foley,NYJ,559.0
1996,Gus Frerotte,WAS,3453.0
1996,Jamie Martin,STL,241.0
1996,Jason Garrett,DAL,44.0
1996,Jay Walker,MIN,31.0
1996,Jeff Blake,CIN,3624.0
1996,Jeff Brohm,SFO,189.0
1996,Jeff George,ATL,698.0
1996,Jeff Hostetler,OAK,2548.0
1996,Jeff Lewis,DEN,58.0
1996,Jim Everett,NOR,2797.0
1996,Jim Harbaugh,IND,2630.0
1996,Jim Kelly,BUF,2810.0
1996,Jim McMahon,GNB,39.0
1996,Jim Miller,PIT,123.0
1996,John Elway,DEN,3328.0
1996,John Friesz,SEA,1629.0
1996,Kent Graham,ARI,1624.0
1996,Kerry Collins,CAR,2454.0
1996,Kerwin Bell,IND,75.0
1996,Kordell Stewart,PIT,100.0
1996,Mark Brunell,JAX,4367.0
1996,Mark Rypien,PHI,76.0
1996,Mike Tomczak,PIT,2767.0
1996,Neil O'Donnell,NYJ,1147.0
1996,Paul Justin,IND,839.0
1996,Rich Gannon,KAN,491.0
1996,Rick Mirer,SEA,1546.0
1996,Rodney Peete,PHI,992.0
1996,Scott Milanovich,TAM,9.0
1996,Scott Mitchell,DET,2917.0
1996,Scott Zolak,NWE,5.0
1996,Sean Salisbury,SDG,984.0
1996,Shane Matthews,CHI,158.0
1996,Stan Gelbaugh,SEA,0.0
1996,Stan Humphries,SDG,2670.0
1996,Steve Beuerlein,CAR,879.0
1996,Steve Bono,KAN,2572.0
1996,Steve McNair,HOU,1197.0
1996,Steve Stenstrom,CHI,37.0
1996,Steve Walsh,STL,344.0
1996,Steve Young,SFO,2410.0
1996,Todd Collins,BUF,739.0
1996,Tony Banks,STL,2544.0
1996,Trent Dilfer,TAM,2859.0
1996,Troy Aikman,DAL,3126.0
1996,Ty Detmer,PHI,2911.0
1996,Vinny Testaverde,BAL,4177.0
1996,Wade Wilson,DAL,79.0
1996,Warren Moon,MIN,1610.0
1997,Alex Van Pelt,BUF,684.0
1997,Billy Joe Hobert,2TM,1024.0
1997,Billy Joe Hobert,BUF,133.0
1997,Billy Joe Hobert,NOR,891.0
1997,Billy Joe Tolliver,2TM,677.0
1997,Billy Joe Tolliver,ATL,685.0
1997,Billy Joe Tolliver,KAN,-8.0
1997,Bobby Hoying,PHI,1573.0
1997,Boomer Esiason,CIN,1478.0
1997,Brad Johnson,MIN,3036.0
1997,Brett Favre,GNB,3867.0
1997,Bubby Brister,DEN,48.0
1997,Chris Chandler,ATL,2692.0
1997,Craig Erickson,MIA,165.0
1997,Craig Whelihan,SDG,1357.0
1997,Dan Marino,MIA,3780.0
1997,Danny Kanell,NYG,1740.0
1997,Danny Wuerffel,NOR,518.0
1997,Dave Brown,NYG,1023.0
1997,Dave Krieg,TEN,2.0
1997,David Klingler,OAK,27.0
1997,Doug Nussmeier,NOR,183.0
1997,Drew Bledsoe,NWE,3706.0
1997,Elvis Grbac,KAN,1943.0
1997,Eric Zeier,BAL,958.0
1997,Erik Kramer,CHI,3011.0
1997,Frank Reich,DET,121.0
1997,Glenn Foley,NYJ,705.0
1997,Gus Frerotte,WAS,2682.0
1997,Heath Shuler,NOR,1288.0
1997,Jake Plummer,ARI,2203.0
1997,James Ritchey,TEN,15.0
1997,Jason Garrett,DAL,56.0
1997,Jeff Blake,CIN,2125.0
1997,Jeff Brohm,SFO,164.0
1997,Jeff George,OAK,3917.0
1997,Jeff Hostetler,WAS,899.0
1997,Jeff Lewis,DEN,21.0
1997,Jim Druckenmiller,SFO,239.0
1997,Jim Everett,SDG,457.0
1997,Jim Harbaugh,IND,2060.0
1997,John Elway,DEN,3635.0
1997,John Friesz,SEA,138.0
1997,Jon Kitna,SEA,371.0
1997,Kelly Holcomb,IND,454.0
1997,Kent Graham,ARI,1408.0
1997,Kerry Collins,CAR,2124.0
1997,Kordell Stewart,PIT,3020.0
1997,Mark Brunell,JAX,3281.0
1997,Mark Rypien,STL,270.0
1997,Matt Blundin,DET,0.0
1997,Mike Quinn,PIT,10.0
1997,Mike Tomczak,PIT,185.0
1997,Neil O'Donnell,NYJ,2796.0
1997,Paul Justin,IND,1046.0
1997,Randall Cunningham,MIN,501.0
1997,Ray Lucas,NYJ,28.0
1997,Rich Gannon,KAN,1144.0
1997,Rick Mirer,CHI,420.0
1997,Rob Johnson,JAX,344.0
1997,Rodney Peete,PHI,869.0
1997,Scott Mitchell,DET,3484.0
1997,Scott Zolak,NWE,67.0
1997,Stan Humphries,SDG,1488.0
1997,Steve Beuerlein,CAR,1032.0
1997,Steve Bono,GNB,29.0
1997,Steve Matthews,JAX,275.0
1997,Steve McNair,TEN,2665.0
1997,Steve Stenstrom,CHI,70.0
1997,Steve Walsh,TAM,58.0
1997,Steve Young,SFO,3029.0
1997,Stoney Case,ARI,316.0
1997,Todd Collins,BUF,2367.0
1997,Todd Philcox,SDG,173.0
1997,Tony Banks,STL,3254.0
1997,Tony Graziani,ATL,41.0
1997,Trent Dilfer,TAM,2555.0
1997,Trent Green,WAS,0.0
1997,Troy Aikman,DAL,3283.0
1997,Ty Detmer,PHI,1567.0
1997,Vinny Testaverde,BAL,2971.0
1997,Wade Wilson,DAL,115.0
1997,Warren Moon,SEA,3678.0
1998,Billy Joe Hobert,NOR,170.0
1998,Billy Joe Tolliver,NOR,1427.0
1998,Bobby Hoying,PHI,961.0
1998,Brad Johnson,MIN,747.0
1998,Brett Favre,GNB,4212.0
1998,Brian Griese,DEN,2.0
1998,Bubby Brister,DEN,986.0
1998,Charlie Batch,DET,2178.0
1998,Chris Chandler,ATL,3154.0
1998,Craig Whelihan,SDG,1803.0
1998,Damon Huard,MIA,85.0
1998,Dan Marino,MIA,3497.0
1998,Danny Kanell,NYG,1603.0
1998,Danny Wuerffel,NOR,695.0
1998,Dave Brown,ARI,31.0
1998,Dave Krieg,TEN,199.0
1998,Donald Hollas,OAK,1754.0
1998,Doug Flutie,BUF,2711.0
1998,Doug Pederson,GNB,128.0
1998,Drew Bledsoe,NWE,3633.0
1998,Elvis Grbac,KAN,1142.0
1998,Eric Kresser,CIN,164.0
1998,Eric Zeier,BAL,1312.0
1998,Erik Kramer,CHI,1823.0
1998,Frank Reich,DET,768.0
1998,Glenn Foley,NYJ,749.0
1998,Gus Frerotte,WAS,283.0
1998,Jake Plummer,ARI,3737.0
1998,Jamie Martin,JAX,355.0
1998,Jason Garrett,DAL,1206.0
1998,Jay Fiedler,MIN,41.0
1998,Jeff Blake,CIN,739.0
1998,Jeff George,OAK,1186.0
1998,Jim Harbaugh,BAL,1839.0
1998,John Elway,DEN,2806.0
1998,John Friesz,SEA,409.0
1998,Jon Kitna,SEA,1177.0
1998,Jonathan Quinn,JAX,387.0
1998,Kent Graham,NYG,1219.0
1998,Kerry Collins,2TM,2213.0
1998,Kerry Collins,CAR,1011.0
1998,Kerry Collins,NOR,1202.0
1998,Kordell Stewart,PIT,2560.0
1998,Koy Detmer,PHI,1011.0
1998,Kurt Warner,STL,39.0
1998,Mark Brunell,JAX,2601.0
1998,Mike Cherry,NYG,0.0
1998,Mike Quinn,DAL,10.0
1998,Mike Tomczak,PIT,204.0
1998,Moses Moreno,CHI,166.0
1998,Neil O'Donnell,CIN,2216.0
1998,Paul Justin,CIN,426.0
1998,Peyton Manning,IND,3739.0
1998,Randall Cunningham,MIN,3704.0
1998,Ray Lucas,NYJ,27.0
1998,Rich Gannon,KAN,2305.0
1998,Rob Johnson,BUF,910.0
1998,Rodney Peete,PHI,758.0
1998,Ryan Leaf,SDG,1289.0
1998,Scott Mitchell,DET,452.0
1998,Scott Zolak,NWE,371.0
1998,Steve Beuerlein,CAR,2613.0
1998,Steve Bono,STL,807.0
1998,Steve DeBerg,ATL,369.0
1998,Steve Matthews,TEN,24.0
1998,Steve McNair,TEN,3228.0
1998,Steve Stenstrom,CHI,1252.0
1998,Steve Walsh,TAM,58.0
1998,Steve Young,SFO,4170.0
1998,Tony Banks,STL,2535.0
1998,Tony Graziani,ATL,199.0
1998,Trent Dilfer,TAM,2729.0
1998,Trent Green,WAS,3441.0
1998,Troy Aikman,DAL,2330.0
1998,Ty Detmer,SFO,312.0
1998,Vinny Testaverde,NYJ,3256.0
1998,Wade Wilson,OAK,568.0
1998,Wally Richardson,BAL,1.0
1998,Warren Moon,SEA,1632.0
1999,Akili Smith,CIN,805.0
1999,Alex Van Pelt,BUF,9.0
1999,Billy Joe Hobert,NO,970.0
1999,Billy Joe Tolliver,NO,1916.0
1999,Bobby Hoying,OAK,10.0
1999,Brad Johnson,WAS,4005.0
1999,Brett Favre,GB,4091.0
1999,Brian Griese,DEN,3032.0
1999,Bubby Brister,DEN,87.0
1999,Cade McNown,CHI,1465.0
1999,Casey Weldon,WAS,0.0
1999,Charlie Batch,DET,1957.0
1999,Chris Chandler,ATL,2339.0
1999,Chris Greisen,ARI,4.0
1999,Chris Miller,DEN,527.0
1999,Damon Huard,MIA,1288.0
1999,Dan Marino,MIA,2448.0
1999,Danny Kanell,ATL,593.0
1999,Danny Wuerffel,NO,191.0
1999,Daunte Culpepper,MIN,0.0
1999,Dave Brown,ARI,944.0
1999,Donovan McNabb,PHI,948.0
1999,Doug Flutie,BUF,3171.0
1999,Doug Pederson,PHI,1276.0
1999,Drew Bledsoe,NE,3985.0
1999,Elvis Grbac,KC,3389.0
1999,Eric Zeier,TB,270.0
1999,Erik Kramer,SD,788.0
1999,Glenn Foley,SEA,283.0
1999,Gus Frerotte,DET,2117.0
1999,Jake Delhomme,NO,521.0
1999,Jake Plummer,ARI,2111.0
1999,Jason Garrett,DAL,314.0
1999,Jay Fiedler,JAX,656.0
1999,Jeff Blake,CIN,2670.0
1999,Jeff Garcia,SF,2544.0
1999,Jeff George,MIN,2816.0
1999,Jeff Lewis,CAR,11.0
1999,Jim Harbaugh,SD,2761.0
1999,Jim Miller,CHI,1242.0
1999,Joe Germaine,STL,136.0
1999,John Friesz,NE,0.0
1999,Jon Kitna,SEA,3346.0
1999,Kent Graham,NYG,1697.0
1999,Kerry Collins,NYG,2318.0
1999,Kordell Stewart,PIT,1464.0
1999,Koy Detmer,PHI,181.0
1999,Kurt Warner,STL,4044.0
1999,Mark Brunell,JAX,3060.0
1999,Matt Hasselbeck,GB,41.0
1999,Mike Tomczak,PIT,1625.0
1999,Moses Moreno,SD,78.0
1999,Neil O'Donnell,TEN,1382.0
1999,Paul Justin,STL,91.0
1999,Pete Gonzalez,PIT,8.0
1999,Peyton Manning,IND,4135.0
1999,Randall Cunningham,MIN,1475.0
1999,Ray Lucas,NYJ,1678.0
1999,Rich Gannon,OAK,3840.0
1999,Rick Mirer,NYJ,1062.0
1999,Rob Johnson,BUF,298.0
1999,Rodney Peete,WAS,107.0
1999,Scott Covington,CIN,23.0
1999,Scott Mitchell,BAL,48.0
1999,Scott Zolak,MIA,0.0
1999,Shane Matthews,CHI,1645.0
1999,Shaun King,TB,875.0
1999,Steve Beuerlein,CAR,4436.0
1999,Steve Bono,,0.0
1999,Steve McNair,TEN,2179.0
1999,Steve Stenstrom,SF,536.0
1999,Steve Walsh,IND,47.0
1999,Steve Young,SF,446.0
1999,Stoney Case,BAL,988.0
1999,Tim Couch,CLE,2447.0
1999,Tony Banks,BAL,2136.0
1999,Tony Graziani,ATL,759.0
1999,Trent Dilfer,TB,1619.0
1999,Troy Aikman,DAL,2964.0
1999,Ty Detmer,CLE,548.0
1999,Vinny Testaverde,NYJ,96.0
1999,Warren Moon,KC,20.0
2000,Aaron Brooks,NO,1514.0
2000,Akili Smith,CIN,1253.0
2000,Alex Van Pelt,BUF,67.0
2000,Anthony Wright,DAL,237.0
2000,Bobby Hoying,OAK,0.0
2000,Brad Johnson,WAS,2505.0
2000,Brett Favre,GB,3812.0
2000,Brian Griese,DEN,2688.0
2000,Brock Huard,SEA,540.0
2000,Bubby Brister,MIN,82.0
2000,Cade McNown,CHI,1646.0
2000,Chad Pennington,NYJ,67.0
2000,Charlie Batch,DET,2489.0
2000,Chris Chandler,ATL,2236.0
2000,Chris Greisen,ARI,65.0
2000,Chris Redman,BAL,19.0
2000,Clint Stoerner,DAL,53.0
2000,Dameyune Craig,CAR,0.0
2000,Damon Huard,MIA,318.0
2000,Danny Kanell,ATL,524.0
2000,Danny Wuerffel,GB,0.0
2000,Daunte Culpepper,MIN,3937.0
2000,Dave Brown,ARI,467.0
2000,Donovan McNabb,PHI,3365.0
2000,Doug Flutie,BUF,1656.0
2000,Doug Johnson,ATL,406.0
2000,Doug Pederson,CLE,1047.0
2000,Drew Bledsoe,NE,3291.0
2000,Elvis Grbac,KC,3934.0
2000,Eric Zeier,TB,19.0
2000,Gus Frerotte,DEN,1776.0
2000,Jake Plummer,ARI,2946.0
2000,Jamie Martin,JAX,307.0
2000,Jarious Jackson,DEN,0.0
2000,Jason Garrett,NYG,0.0
2000,Jay Fiedler,MIA,2260.0
2000,Jeff Blake,NO,2025.0
2000,Jeff Garcia,SF,4278.0
2000,Jeff George,WAS,1389.0
2000,Jeff Lewis,CAR,120.0
2000,Jim Harbaugh,SD,1416.0
2000,Jim Miller,CHI,382.0
2000,Joe Hamilton,TB,0.0
2000,John Friesz,NE,66.0
2000,Jon Kitna,SEA,2658.0
2000,Jonathan Quinn,JAX,0.0
2000,Kent Graham,PIT,878.0
2000,Kerry Collins,NYG,3610.0
2000,Kevin Thompson,CLE,8.0
2000,Kordell Stewart,PIT,1860.0
2000,Koy Detmer,PHI,0.0
2000,Kurt Warner,STL,3429.0
2000,Mark Brunell,JAX,3640.0
2000,Mark Hartsell,CHI,0.0
2000,Matt Hasselbeck,GB,104.0
2000,Michael Bishop,NE,80.0
2000,Moses Moreno,SD,134.0
2000,Neil O'Donnell,TEN,530.0
2000,Peyton Manning,IND,4413.0
2000,Randall Cunningham,DAL,849.0
2000,Ray Lucas,NYJ,206.0
2000,Rich Gannon,OAK,3430.0
2000,Rick Mirer,SF,126.0
2000,Rob Johnson,BUF,1947.0
2000,Ryan Leaf,SD,1821.0
2000,Scott Mitchell,CIN,966.0
2000,Shane Matthews,CHI,964.0
2000,Shaun King,TB,2769.0
2000,Spergon Wynn,CLE,167.0
2000,Steve Beuerlein,CAR,3730.0
2000,Steve McNair,TEN,2847.0
2000,Stoney Case,DET,503.0
2000,Tim Couch,CLE,1483.0
2000,Tim Rattay,SF,-4.0
2000,Todd Husak,WAS,-2.0
2000,Tom Brady,NE,6.0
2000,Tony Banks,BAL,1578.0
2000,Travis Brown,SEA,0.0
2000,Trent Dilfer,BAL,1502.0
2000,Trent Green,STL,2063.0
2000,Troy Aikman,DAL,1632.0
2000,Vinny Testaverde,NYJ,3732.0
2000,Warren Moon,KC,208.0
2001,A.J. Feeley,PHI,143.0
2001,Aaron Brooks,NO,3832.0
2001,Akili Smith,CIN,37.0
2001,Alex Van Pelt,BUF,2056.0
2001,Anthony Wright,DAL,529.0
2001,Billy Volek,TEN,0.0
2001,Brad Johnson,TB,3406.0
2001,Brett Favre,GB,3921.0
2001,Brian Griese,DEN,2827.0
2001,Brock Huard,SEA,127.0
2001,Chad Pennington,NYJ,92.0
2001,Charlie Batch,DET,2392.0
2001,Chris Chandler,ATL,2847.0
2001,Chris Weinke,CAR,2931.0
2001,Clint Stoerner,DAL,314.0
2001,Dameyune Craig,CAR,34.0
2001,Danny Wuerffel,CHI,0.0
2001,Daunte Culpepper,MIN,2612.0
2001,Donovan McNabb,PHI,3233.0
2001,Doug Flutie,SD,3464.0
2001,Doug Johnson,ATL,23.0
2001,Doug Pederson,GB,0.0
2001,Drew Bledsoe,NE,400.0
2001,Drew Brees,SD,221.0
2001,Elvis Grbac,BAL,3033.0
2001,Gus Frerotte,DEN,308.0
2001,Jake Plummer,ARI,3653.0
2001,Jamie Martin,STL,22.0
2001,Jarious Jackson,DEN,73.0
2001,Jay Fiedler,MIA,3248.0
2001,Jeff Blake,NO,0.0
2001,Jeff Garcia,SF,3538.0
2001,Jeff George,WAS,168.0
2001,Jim Miller,CHI,2299.0
2001,Jon Kitna,CIN,3216.0
2001,Jonathan Quinn,JAC,361.0
2001,Kelly Holcomb,CLE,114.0
2001,Kent Graham,WAS,131.0
2001,Kerry Collins,NYG,3764.0
2001,Kordell Stewart,PIT,3109.0
2001,Koy Detmer,PHI,51.0
2001,Kurt Warner,STL,4830.0
2001,Mark Brunell,JAC,3309.0
2001,Mark Rypien,IND,57.0
2001,Marques Tuiasosopo,OAK,34.0
2001,Matt Hasselbeck,SEA,2023.0
2001,Matt Lytle,CAR,133.0
2001,Mike McMahon,DET,671.0
2001,Mike Vick,ATL,785.0
2001,Neil O'Donnell,TEN,496.0
2001,Peyton Manning,IND,4131.0
2001,Quincy Carter,DAL,1072.0
2001,Randall Cunningham,BAL,573.0
2001,Ray Lucas,MIA,45.0
2001,Rich Gannon,OAK,3828.0
2001,Rob Johnson,BUF,1465.0
2001,Ryan Leaf,DAL,494.0
2001,Scott Mitchell,CIN,38.0
2001,Shane Matthews,CHI,694.0
2001,Shaun King,TB,210.0
2001,Spergon Wynn,MIN,418.0
2001,Steve McNair,TEN,3350.0
2001,Tee Martin,PIT,0.0
2001,Tim Couch,CLE,3040.0
2001,Tim Rattay,SF,21.0
2001,Todd Bouman,MIN,795.0
2001,Todd Collins,KC,40.0
2001,Tom Brady,NE,2843.0
2001,Tommy Maddox,PIT,154.0
2001,Tony Banks,WAS,2386.0
2001,Tory Woodbury,NYJ,0.0
2001,Travis Brown,BUF,201.0
2001,Trent Dilfer,SEA,1014.0
2001,Trent Green,KC,3783.0
2001,Ty Detmer,DET,906.0
2001,Vinny Testaverde,NYJ,2752.0
2002,A.J. Feeley,PHI,1011.0
2002,Aaron Brooks,NO,3572.0
2002,Akili Smith,CIN,117.0
2002,Alex Van Pelt,BUF,5.0
2002,Brad Johnson,TB,3049.0
2002,Brett Favre,GB,3658.0
2002,Brian Griese,DEN,3214.0
2002,Chad Hutchinson,DAL,1555.0
2002,Chad Pennington,NYJ,3120.0
2002,Chris Chandler,CHI,1023.0
2002,Chris Redman,BAL,1034.0
2002,Chris Weinke,CAR,180.0
2002,Cory Sauter,CHI,59.0
2002,Damon Huard,NE,0.0
2002,Danny Wuerffel,WAS,719.0
2002,Daunte Culpepper,MIN,3853.0
2002,David Carr,HOU,2592.0
2002,David Garrard,JAC,231.0
2002,Donovan McNabb,PHI,2289.0
2002,Doug Flutie,SD,64.0
2002,Doug Johnson,ATL,448.0
2002,Doug Pederson,GB,134.0
2002,Drew Bledsoe,BUF,4359.0
2002,Drew Brees,SD,3284.0
2002,Gus Frerotte,CIN,437.0
2002,Henry Burris,CHI,207.0
2002,Jake Delhomme,NO,113.0
2002,Jake Plummer,ARI,2972.0
2002,Jamie Martin,STL,1216.0
2002,Jay Fiedler,MIA,2024.0
2002,Jeff Blake,BAL,2084.0
2002,Jeff Garcia,SF,3344.0
2002,Jesse Palmer,NYG,30.0
2002,Jim Miller,CHI,1944.0
2002,Joey Harrington,DET,2294.0
2002,Jon Kitna,CIN,3178.0
2002,Jonathan Quinn,KC,0.0
2002,Josh McCown,ARI,66.0
2002,Kelly Holcomb,CLE,790.0
2002,Kerry Collins,NYG,4073.0
2002,Kordell Stewart,PIT,1155.0
2002,Koy Detmer,PHI,224.0
2002,Kurt Warner,STL,1431.0
2002,Marc Bulger,STL,1826.0
2002,Mark Brunell,TEN,2788.0
2002,Marques Tuiasosopo,OAK,0.0
2002,Matt Hasselbeck,SEA,3075.0
2002,Mike McMahon,DET,874.0
2002,Mike Vick,ATL,2936.0
2002,Neil O'Donnell,TEN,24.0
2002,Patrick Ramsey,WAS,1539.0
2002,Peyton Manning,IND,4200.0
2002,Quincy Carter,DAL,1465.0
2002,Randy Fasani,CAR,171.0
2002,Ray Lucas,MIA,1045.0
2002,Rich Gannon,OAK,4689.0
2002,Rob Johnson,TB,536.0
2002,Rodney Peete,CAR,2630.0
2002,Rohan Davey,NE,3.0
2002,Sage Rosenfels,MIA,0.0
2002,Scott Covington,STL,7.0
2002,Shane Matthews,WAS,1251.0
2002,Shaun King,TB,80.0
2002,Steve Beuerlein,DEN,925.0
2002,Steve McNair,TEN,3387.0
2002,Tim Couch,CLE,2842.0
2002,Tim Rattay,SF,232.0
2002,Todd Bouman,MIN,85.0
2002,Todd Collins,KC,73.0
2002,Tom Brady,NE,3764.0
2002,Tommy Maddox,PIT,2836.0
2002,Tory Woodbury,NYJ,0.0
2002,Trent Dilfer,SEA,1182.0
2002,Trent Green,KC,3690.0
2002,Vinny Testaverde,NYJ,499.0
2003,Aaron Brooks,NO,3546.0
2003,Alex Van Pelt,BUF,49.0
2003,Anthony Wright,BAL,1199.0
2003,Billy Volek,TEN,545.0
2003,Brad Johnson,TB,3821.0
2003,Brett Favre,GB,3361.0
2003,Brian Griese,MIA,813.0
2003,Brock Huard,IND,22.0
2003,Byron Leftwich,JAX,2819.0
2003,Chad Hutchinson,DAL,8.0
2003,Chad Pennington,NYJ,2139.0
2003,Charlie Batch,PIT,47.0
2003,Chris Chandler,CHI,1050.0
2003,Chris Redman,BAL,58.0
2003,Damon Huard,NE,0.0
2003,Danny Kanell,DEN,442.0
2003,Daunte Culpepper,MIN,3479.0
2003,Dave Ragone,HOU,135.0
2003,David Carr,HOU,2013.0
2003,David Garrard,JAX,86.0
2003,Donovan McNabb,PHI,3223.0
2003,Doug Flutie,LAC,1097.0
2003,Doug Johnson,ATL,1655.0
2003,Doug Pederson,GB,16.0
2003,Drew Bledsoe,BUF,2860.0
2003,Drew Brees,LAC,2108.0
2003,Gibran Hamdan,WAS,7.0
2003,Gus Frerotte,MIN,690.0
2003,Jake Delhomme,CAR,3219.0
2003,Jake Plummer,DEN,2183.0
2003,Jarious Jackson,DEN,41.0
2003,Jay Fiedler,MIA,2138.0
2003,Jeff Blake,ARI,2252.0
2003,Jeff Garcia,SF,2704.0
2003,Jesse Palmer,NYG,532.0
2003,Joey Harrington,DET,2880.0
2003,Jon Kitna,CIN,3605.0
2003,Josh McCown,ARI,1018.0
2003,Kelly Holcomb,CLE,1797.0
2003,Kerry Collins,NYG,3110.0
2003,Kordell Stewart,CHI,1418.0
2003,Koy Detmer,PHI,32.0
2003,Kurt Kittner,ATL,391.0
2003,Kurt Warner,LA,365.0
2003,Kyle Boller,BAL,1260.0
2003,Marc Bulger,LA,3845.0
2003,Mark Brunell,JAX,484.0
2003,Marques Tuiasosopo,LV,324.0
2003,Matt Hasselbeck,SEA,3844.0
2003,Mike McMahon,DET,87.0
2003,Mike Vick,ATL,585.0
2003,Neil O'Donnell,TEN,232.0
2003,Patrick Ramsey,WAS,2169.0
2003,Peyton Manning,IND,4267.0
2003,Quincy Carter,DAL,3302.0
2003,Rex Grossman,CHI,437.0
2003,Rich Gannon,LV,1270.0
2003,Rick Mirer,LV,1267.0
2003,Rob Johnson,LV,93.0
2003,Rodney Peete,CAR,19.0
2003,Rohan Davey,NE,31.0
2003,Sage Rosenfels,MIA,50.0
2003,Shaun King,TB,130.0
2003,Steve Beuerlein,DEN,389.0
2003,Steve McNair,TEN,3246.0
2003,Tee Martin,LV,69.0
2003,Tim Couch,CLE,1319.0
2003,Tim Hasselbeck,WAS,1012.0
2003,Tim Rattay,SF,856.0
2003,Todd Bouman,NO,81.0
2003,Todd Collins,KC,74.0
2003,Tom Brady,NE,3620.0
2003,Tommy Maddox,PIT,3414.0
2003,Tony Banks,HOU,693.0
2003,Travis Brown,BUF,160.0
2003,Trent Dilfer,SEA,31.0
2003,Trent Green,KC,4039.0
2003,Vinny Testaverde,NYJ,1385.0
2004,A.J. Feeley,MIA,1893.0
2004,Aaron Brooks,NO,3810.0
2004,Ben Roethlisberger,PIT,2621.0
2004,Billy Volek,TEN,2485.0
2004,Brad Johnson,TB,674.0
2004,Brett Favre,GB,4086.0
2004,Brian Griese,TB,2632.0
2004,Brian St. Pierre,PIT,0.0
2004,Brooks Bollinger,NYJ,60.0
2004,Byron Leftwich,JAX,2941.0
2004,Carson Palmer,CIN,2897.0
2004,Chad Hutchinson,CHI,903.0
2004,Chad Pennington,NYJ,2673.0
2004,Chris Chandler,LA,460.0
2004,Chris Simms,TB,467.0
2004,Cody Pickett,SF,55.0
2004,Craig Krenzel,CHI,718.0
2004,Craig Nall,GB,314.0
2004,Daunte Culpepper,MIN,4717.0
2004,David Carr,HOU,3539.0
2004,David Garrard,JAX,374.0
2004,Donovan McNabb,PHI,3875.0
2004,Doug Flutie,LAC,276.0
2004,Doug Johnson,TEN,68.0
2004,Doug Pederson,GB,120.0
2004,Drew Bledsoe,BUF,2932.0
2004,Drew Brees,LAC,3159.0
2004,Drew Henson,DAL,78.0
2004,Eli Manning,NYG,1043.0
2004,Gus Frerotte,MIN,0.0
2004,J.P. Losman,BUF,32.0
2004,J.T. O'Sullivan,GB,0.0
2004,Jake Delhomme,CAR,3886.0
2004,Jake Plummer,DEN,4089.0
2004,Jamie Martin,LA,188.0
2004,Jay Fiedler,MIA,1186.0
2004,Jeff Blake,PHI,126.0
2004,Jeff Garcia,CLE,1731.0
2004,Jim Sorgi,IND,175.0
2004,Joey Harrington,DET,3047.0
2004,John Navarre,ARI,168.0
2004,Jon Kitna,CIN,623.0
2004,Jonathan Quinn,CHI,413.0
2004,Josh McCown,ARI,2511.0
2004,Kelly Holcomb,CLE,737.0
2004,Ken Dorsey,SF,1231.0
2004,Kerry Collins,LV,3495.0
2004,Kordell Stewart,BAL,0.0
2004,Koy Detmer,PHI,207.0
2004,Kurt Warner,NYG,2054.0
2004,Kyle Boller,BAL,2559.0
2004,Luke McCown,CLE,608.0
2004,Marc Bulger,LA,3964.0
2004,Mark Brunell,WAS,1194.0
2004,Matt Hasselbeck,SEA,3390.0
2004,Matt Schaub,ATL,329.0
2004,Mike McMahon,DET,77.0
2004,Mike Vick,ATL,2313.0
2004,Patrick Ramsey,WAS,1665.0
2004,Peyton Manning,IND,4557.0
2004,Philip Rivers,LAC,33.0
2004,Quincy Carter,NYJ,498.0
2004,Rex Grossman,CHI,607.0
2004,Rich Gannon,LV,524.0
2004,Rodney Peete,CAR,3.0
2004,Rohan Davey,NE,54.0
2004,Sage Rosenfels,MIA,264.0
2004,Shane Matthews,BUF,44.0
2004,Shaun King,ARI,502.0
2004,Steve McNair,TEN,1343.0
2004,Tim Rattay,SF,2169.0
2004,Todd Collins,KC,42.0
2004,Tom Brady,NE,3690.0
2004,Tommy Maddox,PIT,329.0
2004,Tony Banks,HOU,16.0
2004,Trent Dilfer,SEA,333.0
2004,Trent Green,KC,4589.0
2004,Vinny Testaverde,DAL,3532.0
2005,Aaron Brooks,NO,2882.0
2005,Aaron Rodgers,GB,65.0
2005,Alex Smith,SF,875.0
2005,Anthony Wright,BAL,1582.0
2005,Ben Roethlisberger,PIT,2385.0
2005,Billy Volek,TEN,474.0
2005,Brad Johnson,MIN,1885.0
2005,Bradlee Van Pelt,DEN,7.0
2005,Brett Favre,GB,3892.0
2005,Brian Griese,TB,1136.0
2005,Brooks Bollinger,NYJ,1558.0
2005,Byron Leftwich,JAX,2123.0
2005,Carson Palmer,CIN,3836.0
2005,Chad Pennington,NYJ,530.0
2005,Charlie Batch,PIT,246.0
2005,Charlie Frye,CLE,1002.0
2005,Chris Simms,TB,2035.0
2005,Chris Weinke,CAR,64.0
2005,Cody Pickett,SF,140.0
2005,Dan Orlovsky,DET,63.0
2005,Daunte Culpepper,MIN,1564.0
2005,David Carr,HOU,2488.0
2005,David Garrard,JAX,1117.0
2005,Donovan McNabb,PHI,2507.0
2005,Doug Flutie,NE,29.0
2005,Drew Bledsoe,DAL,3639.0
2005,Drew Brees,LAC,3576.0
2005,Eli Manning,NYG,3762.0
2005,Gus Frerotte,MIA,2996.0
2005,J.P. Losman,BUF,1340.0
2005,Jake Delhomme,CAR,3421.0
2005,Jake Plummer,DEN,3366.0
2005,Jamie Martin,LA,1277.0
2005,Jay Fiedler,NYJ,107.0
2005,Jeff Blake,CHI,55.0
2005,Jeff Garcia,DET,937.0
2005,Jim Sorgi,IND,444.0
2005,Joey Harrington,DET,2021.0
2005,John Navarre,ARI,174.0
2005,Jon Kitna,CIN,99.0
2005,Josh McCown,ARI,1832.0
2005,Kelly Holcomb,BUF,1509.0
2005,Ken Dorsey,SF,481.0
2005,Kerry Collins,LV,3759.0
2005,Kliff Kingsbury,NYJ,17.0
2005,Kordell Stewart,BAL,0.0
2005,Koy Detmer,PHI,238.0
2005,Kurt Warner,ARI,2713.0
2005,Kyle Boller,BAL,1799.0
2005,Kyle Orton,CHI,1869.0
2005,Marc Bulger,LA,2297.0
2005,Marcus Randall,TEN,0.0
2005,Mark Brunell,WAS,3050.0
2005,Marques Tuiasosopo,LV,124.0
2005,Matt Cassel,NE,183.0
2005,Matt Hasselbeck,SEA,3455.0
2005,Matt Mauck,TEN,136.0
2005,Matt Schaub,ATL,495.0
2005,Mike McMahon,PHI,1158.0
2005,Mike Vick,ATL,2412.0
2005,Patrick Ramsey,WAS,279.0
2005,Peyton Manning,IND,3747.0
2005,Philip Rivers,LAC,115.0
2005,Quinn Gray,JAX,100.0
2005,Rex Grossman,CHI,259.0
2005,Ryan Fitzpatrick,LA,777.0
2005,Sage Rosenfels,MIA,462.0
2005,Seneca Wallace,SEA,173.0
2005,Shaun Hill,MIN,0.0
2005,Steve McNair,TEN,3161.0
2005,Tim Hasselbeck,NYG,0.0
2005,Tim Rattay,SF,667.0
2005,Todd Bouman,NO,722.0
2005,Todd Collins,KC,0.0
2005,Tom Brady,NE,4110.0
2005,Tommy Maddox,PIT,406.0
2005,Tony Banks,HOU,173.0
2005,Tony Romo,DAL,0.0
2005,Trent Dilfer,CLE,2321.0
2005,Trent Green,KC,4014.0
2005,Vinny Testaverde,NYJ,777.0
2006,A.J. Feeley,PHI,342.0
2006,Aaron Brooks,LV,1105.0
2006,Aaron Rodgers,GB,46.0
2006,Alex Smith,SF,2901.0
2006,Andrew Walter,LV,1677.0
2006,Anthony Wright,CIN,31.0
2006,Ben Roethlisberger,PIT,3528.0
2006,Billy Volek,LAC,4.0
2006,Brad Johnson,MIN,2750.0
2006,Brett Basanez,CAR,56.0
2006,Brett Favre,GB,3885.0
2006,Brian Griese,CHI,220.0
2006,Brodie Croyle,KC,23.0
2006,Brooks Bollinger,MIN,146.0
2006,Bruce Gradkowski,TB,1661.0
2006,Byron Leftwich,JAX,1158.0
2006,Carson Palmer,CIN,4036.0
2006,Chad Pennington,NYJ,3352.0
2006,Charlie Batch,PIT,477.0
2006,Charlie Frye,CLE,2449.0
2006,Charlie Whitehurst,LAC,0.0
2006,Chris Simms,TB,585.0
2006,Chris Weinke,CAR,625.0
2006,Cleo Lemon,MIA,412.0
2006,Damon Huard,KC,1878.0
2006,Daunte Culpepper,MIA,929.0
2006,David Carr,HOU,2765.0
2006,David Garrard,JAX,1735.0
2006,Derek Anderson,CLE,793.0
2006,Donovan McNabb,PHI,2612.0
2006,Drew Bledsoe,DAL,1164.0
2006,Drew Brees,NO,4424.0
2006,Eli Manning,NYG,3244.0
2006,Gus Frerotte,LA,27.0
2006,Ingle Martin,GB,0.0
2006,J.P. Losman,BUF,3050.0
2006,Jake Delhomme,CAR,2805.0
2006,Jake Plummer,DEN,1994.0
2006,Jamie Martin,NO,208.0
2006,Jared Lorenzen,NYG,0.0
2006,Jason Campbell,WAS,1297.0
2006,Jay Cutler,DEN,1001.0
2006,Jeff Garcia,PHI,1309.0
2006,Joey Harrington,MIA,2236.0
2006,Jon Kitna,DET,4208.0
2006,Josh McCown,DET,0.0
2006,Kellen Clemens,NYJ,0.0
2006,Ken Dorsey,CLE,0.0
2006,Kerry Collins,TEN,549.0
2006,Kurt Warner,ARI,1377.0
2006,Kyle Boller,BAL,485.0
2006,Marc Bulger,LA,4301.0
2006,Mark Brunell,WAS,1789.0
2006,Marques Tuiasosopo,LV,68.0
2006,Matt Cassel,NE,32.0
2006,Matt Hasselbeck,SEA,2442.0
2006,Matt Leinart,ARI,2542.0
2006,Matt Schaub,ATL,208.0
2006,Mike Vick,ATL,2474.0
2006,Patrick Ramsey,NYJ,0.0
2006,Peyton Manning,IND,4397.0
2006,Philip Rivers,LAC,3387.0
2006,Quinn Gray,JAX,166.0
2006,Rex Grossman,CHI,3197.0
2006,Ryan Fitzpatrick,LA,0.0
2006,Sage Rosenfels,HOU,265.0
2006,Seneca Wallace,SEA,927.0
2006,Steve McNair,BAL,3050.0
2006,Tarvaris Jackson,MIN,475.0
2006,Tim Rattay,TB,748.0
2006,Tom Brady,NE,3533.0
2006,Tony Romo,DAL,2903.0
2006,Trent Green,KC,1342.0
2006,Vince Young,TEN,2199.0
2006,Vinny Testaverde,NE,29.0
2007,A.J. Feeley,PHI,681.0
2007,Aaron Rodgers,GB,218.0
2007,Alex Smith,SF,914.0
2007,Andrew Walter,LV,38.0
2007,Anthony Wright,NYG,12.0
2007,Ben Roethlisberger,PIT,3158.0
2007,Billy Volek,LAC,6.0
2007,Brad Johnson,DAL,79.0
2007,Brady Quinn,CLE,45.0
2007,Brett Favre,GB,4157.0
2007,Brian Griese,CHI,1803.0
2007,Brock Berlin,LA,153.0
2007,Brodie Croyle,KC,1227.0
2007,Brooks Bollinger,MIN,391.0
2007,Bruce Gradkowski,TB,130.0
2007,Byron Leftwich,ATL,279.0
2007,Carson Palmer,CIN,4130.0
2007,Chad Pennington,NYJ,1766.0
2007,Charlie Batch,PIT,232.0
2007,Charlie Frye,CLE,34.0
2007,Chris Redman,ATL,1079.0
2007,Chris Weinke,SF,104.0
2007,Cleo Lemon,MIA,1773.0
2007,Craig Nall,GB,88.0
2007,Damon Huard,KC,2257.0
2007,Daunte Culpepper,LV,1332.0
2007,David Carr,CAR,635.0
2007,David Garrard,JAX,2509.0
2007,Derek Anderson,CLE,3786.0
2007,Donovan McNabb,PHI,3324.0
2007,Drew Brees,NO,4428.0
2007,Eli Manning,NYG,3336.0
2007,Gus Frerotte,LA,1014.0
2007,J.P. Losman,BUF,1204.0
2007,J.T. O'Sullivan,DET,148.0
2007,JaMarcus Russell,LV,373.0
2007,Jake Delhomme,CAR,617.0
2007,Jamie Martin,NO,0.0
2007,Jared Lorenzen,NYG,28.0
2007,Jason Campbell,WAS,2700.0
2007,Jay Cutler,DEN,3497.0
2007,Jeff Garcia,TB,2440.0
2007,Jim Sorgi,IND,132.0
2007,Joey Harrington,ATL,2215.0
2007,John Beck,MIA,559.0
2007,Jon Kitna,DET,4066.0
2007,Josh McCown,LV,1151.0
2007,Kellen Clemens,NYJ,1529.0
2007,Kelly Holcomb,MIN,511.0
2007,Kerry Collins,TEN,531.0
2007,Kevin Kolb,PHI,0.0
2007,Kurt Warner,ARI,3409.0
2007,Kyle Boller,BAL,1743.0
2007,Kyle Orton,CHI,475.0
2007,Luke McCown,TB,1009.0
2007,Marc Bulger,LA,2392.0
2007,Matt Cassel,NE,38.0
2007,Matt Gutierrez,NE,15.0
2007,Matt Hasselbeck,SEA,3966.0
2007,Matt Leinart,ARI,647.0
2007,Matt Moore,CAR,730.0
2007,Matt Schaub,HOU,2241.0
2007,Patrick Ramsey,DEN,262.0
2007,Peyton Manning,IND,4040.0
2007,Philip Rivers,LAC,3152.0
2007,Quinn Gray,JAX,986.0
2007,Rex Grossman,CHI,1411.0
2007,Sage Rosenfels,HOU,1684.0
2007,Seneca Wallace,SEA,215.0
2007,Shaun Hill,SF,501.0
2007,Steve McNair,BAL,1113.0
2007,Tarvaris Jackson,MIN,1911.0
2007,Tim Hasselbeck,ARI,0.0
2007,Tim Rattay,ARI,164.0
2007,Todd Collins,WAS,888.0
2007,Tom Brady,NE,4806.0
2007,Tony Romo,DAL,4211.0
2007,Trent Dilfer,SF,1166.0
2007,Trent Edwards,BUF,1630.0
2007,Trent Green,MIA,987.0
2007,Troy Smith,BAL,452.0
2007,Tyler Thigpen,KC,41.0
2007,Vince Young,TEN,2546.0
2007,Vinny Testaverde,CAR,936.0
2008,Aaron Rodgers,GB,4038.0
2008,Andrew Walter,LV,204.0
2008,Ben Roethlisberger,PIT,3314.0
2008,Brad Johnson,DAL,427.0
2008,Brady Quinn,CLE,518.0
2008,Brett Favre,NYJ,3472.0
2008,Brian Griese,TB,1073.0
2008,Brock Berlin,LA,6.0
2008,Brodie Croyle,KC,151.0
2008,Brooks Bollinger,DAL,71.0
2008,Bruce Gradkowski,CLE,26.0
2008,Byron Leftwich,PIT,303.0
2008,Carson Palmer,CIN,736.0
2008,Chad Henne,MIA,67.0
2008,Chad Pennington,MIA,3653.0
2008,Charlie Frye,SEA,83.0
2008,Chris Simms,TEN,7.0
2008,Cleo Lemon,JAX,0.0
2008,Damon Huard,KC,477.0
2008,Dan Orlovsky,DET,1616.0
2008,Daunte Culpepper,DET,786.0
2008,David Carr,NYG,115.0
2008,David Garrard,JAX,3620.0
2008,Dennis Dixon,PIT,3.0
2008,Derek Anderson,CLE,1615.0
2008,Donovan McNabb,PHI,3914.0
2008,Drew Brees,NO,5069.0
2008,Drew Henson,DET,20.0
2008,Drew Stanton,DET,119.0
2008,Eli Manning,NYG,3238.0
2008,Gus Frerotte,MIN,2157.0
2008,J.P. Losman,BUF,584.0
2008,J.T. O'Sullivan,SF,1678.0
2008,JaMarcus Russell,LV,2423.0
2008,Jake Delhomme,CAR,3284.0
2008,Jason Campbell,WAS,3245.0
2008,Jay Cutler,DEN,4525.0
2008,Jeff Garcia,TB,2712.0
2008,Jim Sorgi,IND,178.0
2008,Joe Flacco,BAL,2971.0
2008,Jon Kitna,DET,758.0
2008,Jordan Palmer,CIN,41.0
2008,Josh McCown,CAR,0.0
2008,Kellen Clemens,NYJ,26.0
2008,Ken Dorsey,CLE,374.0
2008,Kerry Collins,TEN,2681.0
2008,Kevin Kolb,PHI,144.0
2008,Kevin O'Connell,NE,23.0
2008,Kurt Warner,ARI,4582.0
2008,Kyle Orton,CHI,2979.0
2008,Luke McCown,TB,0.0
2008,Marc Bulger,LA,2727.0
2008,Marques Tuiasosopo,LV,4.0
2008,Matt Cassel,NE,3693.0
2008,Matt Flynn,GB,6.0
2008,Matt Hasselbeck,SEA,1216.0
2008,Matt Leinart,ARI,264.0
2008,Matt Ryan,ATL,3440.0
2008,Matt Schaub,HOU,3043.0
2008,Patrick Ramsey,DEN,19.0
2008,Peyton Manning,IND,4002.0
2008,Philip Rivers,LAC,4004.0
2008,Quinn Gray,KC,76.0
2008,Rex Grossman,CHI,257.0
2008,Ryan Fitzpatrick,CIN,1905.0
2008,Sage Rosenfels,HOU,1431.0
2008,Seneca Wallace,SEA,1532.0
2008,Shaun Hill,SF,2046.0
2008,Tarvaris Jackson,MIN,1056.0
2008,Tom Brady,NE,76.0
2008,Tony Romo,DAL,3448.0
2008,Trent Edwards,BUF,2699.0
2008,Trent Green,LA,525.0
2008,Troy Smith,BAL,82.0
2008,Tyler Thigpen,KC,2608.0
2008,Vince Young,TEN,219.0
2009,Aaron Rodgers,GB,4434.0
2009,Alex Smith,SF,2350.0
2009,Ben Roethlisberger,PIT,4328.0
2009,Billy Volek,LAC,231.0
2009,Brady Quinn,CLE,1339.0
2009,Brett Favre,MIN,4202.0
2009,Brian Brohm,BUF,146.0
2009,Brian Hoyer,NE,142.0
2009,Brian St. Pierre,ARI,12.0
2009,Brodie Croyle,KC,230.0
2009,Bruce Gradkowski,LV,1004.0
2009,Byron Leftwich,TB,594.0
2009,Caleb Hanie,CHI,11.0
2009,Carson Palmer,CIN,3094.0
2009,Chad Henne,MIA,2878.0
2009,Chad Pennington,MIA,413.0
2009,Charlie Batch,PIT,17.0
2009,Charlie Frye,LV,581.0
2009,Chris Redman,ATL,781.0
2009,Chris Simms,DEN,23.0
2009,Curtis Painter,IND,83.0
2009,Daunte Culpepper,DET,945.0
2009,David Carr,NYG,225.0
2009,David Garrard,JAX,3597.0
2009,Dennis Dixon,PIT,145.0
2009,Derek Anderson,CLE,888.0
2009,Donovan McNabb,PHI,3553.0
2009,Drew Brees,NO,4388.0
2009,Drew Stanton,DET,259.0
2009,Eli Manning,NYG,4021.0
2009,J.P. Losman,LV,0.0
2009,J.T. O'Sullivan,CIN,40.0
2009,JaMarcus Russell,LV,1290.0
2009,Jake Delhomme,CAR,2015.0
2009,Jason Campbell,WAS,3618.0
2009,Jay Cutler,CHI,3666.0
2009,Jeff Garcia,PHI,0.0
2009,Joe Flacco,BAL,3613.0
2009,Josh Freeman,TB,1857.0
2009,Josh Johnson,TB,685.0
2009,Josh McCown,CAR,2.0
2009,Keith Null,LA,558.0
2009,Kellen Clemens,NYJ,125.0
2009,Kerry Collins,TEN,1225.0
2009,Kevin Kolb,PHI,741.0
2009,Kurt Warner,ARI,3758.0
2009,Kyle Boller,LA,899.0
2009,Kyle Orton,DEN,3802.0
2009,Luke McCown,JAX,2.0
2009,Marc Bulger,LA,1469.0
2009,Mark Brunell,NO,102.0
2009,Mark Sanchez,NYJ,2444.0
2009,Matt Cassel,KC,2924.0
2009,Matt Flynn,GB,58.0
2009,Matt Gutierrez,KC,3.0
2009,Matt Hasselbeck,SEA,3029.0
2009,Matt Leinart,ARI,435.0
2009,Matt Moore,CAR,1053.0
2009,Matt Ryan,ATL,2916.0
2009,Matt Schaub,HOU,4770.0
2009,Matthew Stafford,DET,2267.0
2009,Mike Vick,PHI,86.0
2009,Pat White,MIA,0.0
2009,Peyton Manning,IND,4500.0
2009,Philip Rivers,LAC,4254.0
2009,Rex Grossman,HOU,33.0
2009,Ryan Fitzpatrick,BUF,1422.0
2009,Seneca Wallace,SEA,700.0
2009,Shaun Hill,SF,943.0
2009,Tarvaris Jackson,MIN,201.0
2009,Todd Collins,WAS,144.0
2009,Tom Brady,NE,4398.0
2009,Tony Romo,DAL,4483.0
2009,Trent Edwards,BUF,1169.0
2009,Troy Smith,BAL,24.0
2009,Tyler Thigpen,MIA,83.0
2009,Vince Young,TEN,1879.0
2010,Aaron Rodgers,GB,3922.0
2010,Alex Smith,SF,2370.0
2010,Ben Roethlisberger,PIT,3200.0
2010,Billy Volek,LAC,8.0
2010,Brett Favre,MIN,2509.0
2010,Brian Brohm,BUF,106.0
2010,Brian Hoyer,NE,122.0
2010,Brian St. Pierre,CAR,173.0
2010,Brodie Croyle,KC,38.0
2010,Bruce Gradkowski,LV,1059.0
2010,Byron Leftwich,PIT,42.0
2010,Caleb Hanie,CHI,55.0
2010,Carson Palmer,CIN,3970.0
2010,Chad Henne,MIA,3298.0
2010,Chad Pennington,MIA,19.0
2010,Charlie Batch,PIT,352.0
2010,Charlie Whitehurst,SEA,507.0
2010,Chase Daniel,NO,16.0
2010,Chris Redman,ATL,20.0
2010,Colt McCoy,CLE,1576.0
2010,David Carr,SF,67.0
2010,David Garrard,JAX,2734.0
2010,Dennis Dixon,PIT,254.0
2010,Derek Anderson,ARI,2065.0
2010,Donovan McNabb,WAS,3377.0
2010,Drew Brees,NO,4620.0
2010,Drew Stanton,DET,780.0
2010,Eli Manning,NYG,4002.0
2010,Jake Delhomme,CLE,872.0
2010,Jason Campbell,LV,2387.0
2010,Jay Cutler,CHI,3274.0
2010,Jimmy Clausen,CAR,1558.0
2010,Joe Flacco,BAL,3622.0
2010,Joe Webb,MIN,477.0
2010,John Skelton,ARI,662.0
2010,Jon Kitna,DAL,2365.0
2010,Jordan Palmer,CIN,18.0
2010,Josh Freeman,TB,3451.0
2010,Josh Johnson,TB,111.0
2010,Kellen Clemens,NYJ,6.0
2010,Kerry Collins,TEN,1823.0
2010,Kevin Kolb,PHI,1197.0
2010,Kyle Boller,LV,25.0
2010,Kyle Orton,DEN,3652.0
2010,Levi Brown,BUF,24.0
2010,Luke McCown,JAX,120.0
2010,Mark Brunell,NYJ,117.0
2010,Mark Sanchez,NYJ,3291.0
2010,Matt Cassel,KC,3116.0
2010,Matt Flynn,GB,433.0
2010,Matt Hasselbeck,SEA,2998.0
2010,Matt Moore,CAR,857.0
2010,Matt Ryan,ATL,3705.0
2010,Matt Schaub,HOU,4370.0
2010,Matthew Stafford,DET,535.0
2010,Max Hall,ARI,370.0
2010,Mike Vick,PHI,3018.0
2010,Peyton Manning,IND,4700.0
2010,Philip Rivers,LAC,4710.0
2010,Rex Grossman,WAS,884.0
2010,Richard Bartel,ARI,150.0
2010,Rusty Smith,TEN,200.0
2010,Ryan Fitzpatrick,BUF,2992.0
2010,Sage Rosenfels,NYG,0.0
2010,Sam Bradford,LA,3512.0
2010,Seneca Wallace,CLE,694.0
2010,Shaun Hill,DET,2686.0
2010,Stephen McGee,DAL,238.0
2010,Tarvaris Jackson,MIN,341.0
2010,Tim Tebow,DEN,654.0
2010,Todd Bouman,JAX,222.0
2010,Todd Collins,CHI,68.0
2010,Tom Brady,NE,3900.0
2010,Tony Pike,CAR,47.0
2010,Tony Romo,DAL,1605.0
2010,Trent Edwards,JAX,521.0
2010,Troy Smith,SF,1176.0
2010,Tyler Palko,KC,35.0
2010,Tyler Thigpen,MIA,435.0
2010,Vince Young,TEN,1255.0
2011,A.J. Feeley,LA,548.0
2011,Aaron Rodgers,GB,4636.0
2011,Alex Smith,SF,3144.0
2011,Andy Dalton,CIN,3398.0
2011,Ben Roethlisberger,PIT,4077.0
2011,Billy Volek,LAC,0.0
2011,Blaine Gabbert,JAX,2214.0
2011,Brian Hoyer,NE,22.0
2011,Bruce Gradkowski,CIN,109.0
2011,Caleb Hanie,CHI,613.0
2011,Cam Newton,CAR,4051.0
2011,Carson Palmer,LV,2753.0
2011,Chad Henne,MIA,868.0
2011,Charlie Batch,PIT,208.0
2011,Charlie Whitehurst,SEA,298.0
2011,Chase Daniel,NO,29.0
2011,Chris Redman,ATL,188.0
2011,Christian Ponder,MIN,1853.0
2011,Colin Kaepernick,SF,35.0
2011,Colt McCoy,CLE,2733.0
2011,Curtis Painter,IND,1541.0
2011,Dan Orlovsky,IND,1201.0
2011,Derek Anderson,CAR,0.0
2011,Donovan McNabb,MIN,1026.0
2011,Drew Brees,NO,5535.0
2011,Eli Manning,NYG,4933.0
2011,J.P. Losman,MIA,60.0
2011,Jake Delhomme,HOU,211.0
2011,Jake Locker,TEN,542.0
2011,Jason Campbell,LV,1170.0
2011,Jay Cutler,CHI,2319.0
2011,Joe Flacco,BAL,3610.0
2011,Joe Webb,MIN,376.0
2011,John Beck,WAS,858.0
2011,John Skelton,ARI,1913.0
2011,Jon Kitna,DAL,87.0
2011,Josh Freeman,TB,3592.0
2011,Josh Johnson,TB,246.0
2011,Josh McCown,CHI,414.0
2011,Kellen Clemens,LA,546.0
2011,Kerry Collins,IND,481.0
2011,Kevin Kolb,ARI,1955.0
2011,Kyle Boller,LV,161.0
2011,Kyle Orton,KC,1758.0
2011,Luke McCown,JAX,296.0
2011,Mark Brunell,NYJ,27.0
2011,Mark Sanchez,NYJ,3474.0
2011,Matt Cassel,KC,1713.0
2011,Matt Flynn,GB,518.0
2011,Matt Hasselbeck,TEN,3571.0
2011,Matt Leinart,HOU,57.0
2011,Matt Moore,MIA,2497.0
2011,Matt Ryan,ATL,4177.0
2011,Matt Schaub,HOU,2479.0
2011,Matthew Stafford,DET,5100.0
2011,Mike Kafka,PHI,107.0
2011,Mike Vick,PHI,3303.0
2011,Philip Rivers,LAC,4624.0
2011,Rex Grossman,WAS,3151.0
2011,Richard Bartel,ARI,86.0
2011,Ryan Fitzpatrick,BUF,3832.0
2011,Sam Bradford,LA,2164.0
2011,Seneca Wallace,CLE,567.0
2011,Shaun Hill,DET,33.0
2011,Stephen McGee,DAL,182.0
2011,T.J. Yates,HOU,949.0
2011,Tarvaris Jackson,SEA,3091.0
2011,Tim Tebow,DEN,1729.0
2011,Tom Brady,NE,5235.0
2011,Tom Brandstater,LA,0.0
2011,Tony Romo,DAL,4184.0
2011,Tyler Palko,KC,796.0
2011,Tyler Thigpen,BUF,25.0
2011,Tyrod Taylor,BAL,18.0
2011,Vince Young,PHI,866.0
2012,Aaron Rodgers,GB,4295.0
2012,Alex Smith,SF,1737.0
2012,Andrew Luck,IND,4374.0
2012,Andy Dalton,CIN,3669.0
2012,Ben Roethlisberger,PIT,3265.0
2012,Blaine Gabbert,JAX,1662.0
2012,Brady Quinn,KC,1141.0
2012,Brandon Weeden,CLE,3385.0
2012,Brian Hoyer,ARI,330.0
2012,Brock Osweiler,DEN,12.0
2012,Bruce Gradkowski,CIN,65.0
2012,Byron Leftwich,PIT,272.0
2012,Cam Newton,CAR,3869.0
2012,Carson Palmer,LV,4018.0
2012,Chad Henne,JAX,2084.0
2012,Charlie Batch,PIT,475.0
2012,Chase Daniel,NO,10.0
2012,Christian Ponder,MIN,2935.0
2012,Colin Kaepernick,SF,1814.0
2012,Colt McCoy,CLE,79.0
2012,Dan Orlovsky,TB,51.0
2012,David Carr,NYG,19.0
2012,Derek Anderson,CAR,58.0
2012,Drew Brees,NO,5177.0
2012,Eli Manning,NYG,3948.0
2012,Graham Harrell,GB,20.0
2012,Greg McElroy,NYJ,214.0
2012,Jake Locker,TEN,2176.0
2012,Jason Campbell,CHI,265.0
2012,Jay Cutler,CHI,3033.0
2012,Joe Flacco,BAL,3817.0
2012,Joe Webb,MIN,0.0
2012,John Skelton,ARI,1132.0
2012,Josh Freeman,TB,4065.0
2012,Josh Johnson,CLE,0.0
2012,Kellen Clemens,LA,39.0
2012,Kevin Kolb,ARI,1169.0
2012,Kirk Cousins,WAS,466.0
2012,Kyle Orton,DAL,89.0
2012,Luke McCown,ATL,0.0
2012,Mark Sanchez,NYJ,2883.0
2012,Matt Cassel,KC,1796.0
2012,Matt Flynn,SEA,68.0
2012,Matt Hasselbeck,TEN,1367.0
2012,Matt Leinart,LV,115.0
2012,Matt Moore,MIA,131.0
2012,Matt Ryan,ATL,4719.0
2012,Matt Schaub,HOU,4008.0
2012,Matthew Stafford,DET,4967.0
2012,Mike Vick,PHI,2362.0
2012,Nick Foles,PHI,1699.0
2012,Peyton Manning,DEN,4659.0
2012,Philip Rivers,LAC,3606.0
2012,Robert Griffin III,WAS,3200.0
2012,Russell Wilson,SEA,3118.0
2012,Rusty Smith,TEN,34.0
2012,Ryan Fitzpatrick,BUF,3400.0
2012,Ryan Lindley,ARI,752.0
2012,Ryan Mallett,NE,17.0
2012,Ryan Tannehill,MIA,3294.0
2012,Sam Bradford,LA,3702.0
2012,Shaun Hill,DET,172.0
2012,T.J. Yates,HOU,38.0
2012,Thad Lewis,CLE,204.0
2012,Tim Tebow,NYJ,39.0
2012,Tom Brady,NE,4827.0
2012,Tony Romo,DAL,4903.0
2012,Trent Edwards,PHI,14.0
2012,Tyler Thigpen,BUF,30.0
2012,Tyrod Taylor,BAL,179.0
2013,Aaron Rodgers,GB,2536.0
2013,Alex Smith,KC,3313.0
2013,Andrew Luck,IND,3822.0
2013,Andy Dalton,CIN,4293.0
2013,Ben Roethlisberger,PIT,4261.0
2013,Blaine Gabbert,JAX,481.0
2013,Brandon Weeden,CLE,1731.0
2013,Brian Hoyer,CLE,615.0
2013,Brock Osweiler,DEN,95.0
2013,Cam Newton,CAR,3379.0
2013,Carson Palmer,ARI,4274.0
2013,Case Keenum,HOU,1760.0
2013,Chad Henne,JAX,3241.0
2013,Charlie Whitehurst,LAC,0.0
2013,Chase Daniel,KC,248.0
2013,Christian Ponder,MIN,1648.0
2013,Colin Kaepernick,SF,3197.0
2013,Colt McCoy,SF,13.0
2013,Curtis Painter,NYG,57.0
2013,Derek Anderson,CAR,0.0
2013,Dominique Davis,ATL,34.0
2013,Drew Brees,NO,5162.0
2013,EJ Manuel,BUF,1972.0
2013,Eli Manning,NYG,3818.0
2013,Geno Smith,NYJ,3046.0
2013,Jake Locker,TEN,1256.0
2013,Jason Campbell,CLE,2015.0
2013,Jay Cutler,CHI,2621.0
2013,Jeff Tuel,BUF,309.0
2013,Joe Flacco,BAL,3912.0
2013,Joe Webb,MIN,0.0
2013,Josh Freeman,MIN,761.0
2013,Josh Johnson,CIN,0.0
2013,Josh McCown,CHI,1829.0
2013,Kellen Clemens,LA,1673.0
2013,Kirk Cousins,WAS,854.0
2013,Kyle Orton,DAL,398.0
2013,Luke McCown,NO,0.0
2013,Matt Barkley,PHI,300.0
2013,Matt Cassel,MIN,1807.0
2013,Matt Flynn,GB,1392.0
2013,Matt Hasselbeck,IND,130.0
2013,Matt McGloin,LV,1547.0
2013,Matt Moore,MIA,53.0
2013,Matt Ryan,ATL,4515.0
2013,Matt Schaub,HOU,2310.0
2013,Matt Simms,NYJ,156.0
2013,Matthew Stafford,DET,4650.0
2013,Mike Glennon,TB,2608.0
2013,Mike Vick,PHI,1215.0
2013,Nick Foles,PHI,2891.0
2013,Peyton Manning,DEN,5477.0
2013,Philip Rivers,LAC,4478.0
2013,Robert Griffin III,WAS,3203.0
2013,Russell Wilson,SEA,3357.0
2013,Ryan Fitzpatrick,TEN,2454.0
2013,Ryan Tannehill,MIA,3913.0
2013,Sam Bradford,LA,1687.0
2013,Scott Tolzien,GB,717.0
2013,Seneca Wallace,GB,139.0
2013,Shaun Hill,DET,0.0
2013,T.J. Yates,HOU,113.0
2013,Tarvaris Jackson,SEA,151.0
2013,Thad Lewis,BUF,1092.0
2013,Tom Brady,NE,4343.0
2013,Tony Romo,DAL,3828.0
2013,Tyrod Taylor,BAL,2.0
2014,Aaron Rodgers,GB,4381.0
2014,Alex Smith,KC,3265.0
2014,Andrew Luck,IND,4761.0
2014,Andy Dalton,CIN,3398.0
2014,Austin Davis,LA,2001.0
2014,Ben Roethlisberger,PIT,4952.0
2014,Blaine Gabbert,SF,38.0
2014,Blake Bortles,JAX,2908.0
2014,Brandon Weeden,DAL,303.0
2014,Brian Hoyer,CLE,3326.0
2014,Brock Osweiler,DEN,52.0
2014,Bruce Gradkowski,PIT,0.0
2014,Cam Newton,CAR,3127.0
2014,Carson Palmer,ARI,1626.0
2014,Case Keenum,HOU,435.0
2014,Chad Henne,JAX,492.0
2014,Charlie Whitehurst,TEN,1326.0
2014,Chase Daniel,KC,157.0
2014,Christian Ponder,MIN,222.0
2014,Colin Kaepernick,SF,3369.0
2014,Colt McCoy,WAS,1057.0
2014,Connor Shaw,CLE,177.0
2014,Derek Anderson,CAR,701.0
2014,Derek Carr,LV,3270.0
2014,Drew Brees,NO,4952.0
2014,Drew Stanton,ARI,1711.0
2014,EJ Manuel,BUF,838.0
2014,Eli Manning,NYG,4410.0
2014,Geno Smith,NYJ,2525.0
2014,Jake Locker,TEN,993.0
2014,Jason Campbell,CIN,74.0
2014,Jay Cutler,CHI,3812.0
2014,Jimmy Clausen,CHI,223.0
2014,Jimmy Garoppolo,NE,182.0
2014,Joe Flacco,BAL,3986.0
2014,Joe Webb,CAR,0.0
2014,Johnny Manziel,CLE,175.0
2014,Jordan Palmer,TEN,7.0
2014,Josh McCown,TB,2206.0
2014,Kellen Clemens,LAC,10.0
2014,Kirk Cousins,WAS,1710.0
2014,Kyle Orton,BUF,3018.0
2014,Mark Sanchez,PHI,2418.0
2014,Matt Barkley,PHI,0.0
2014,Matt Cassel,MIN,425.0
2014,Matt Flynn,GB,66.0
2014,Matt Hasselbeck,IND,301.0
2014,Matt McGloin,LV,129.0
2014,Matt Moore,MIA,21.0
2014,Matt Ryan,ATL,4694.0
2014,Matt Schaub,LV,57.0
2014,Matt Simms,NYJ,39.0
2014,Matthew Stafford,DET,4257.0
2014,Mike Glennon,TB,1417.0
2014,Mike Vick,NYJ,604.0
2014,Nick Foles,PHI,2163.0
2014,Peyton Manning,DEN,4727.0
2014,Philip Rivers,LAC,4286.0
2014,Robert Griffin III,WAS,1694.0
2014,Russell Wilson,SEA,3475.0
2014,Ryan Fitzpatrick,HOU,2483.0
2014,Ryan Lindley,ARI,562.0
2014,Ryan Mallett,HOU,400.0
2014,Ryan Nassib,NYG,60.0
2014,Ryan Tannehill,MIA,4045.0
2014,Shaun Hill,LA,1657.0
2014,T.J. Yates,ATL,64.0
2014,Tarvaris Jackson,SEA,0.0
2014,Teddy Bridgewater,MIN,2919.0
2014,Tom Brady,NE,4109.0
2014,Tom Savage,HOU,127.0
2014,Tony Romo,DAL,3705.0
2014,Tyrod Taylor,BAL,0.0
2014,Zach Mettenberger,TEN,1412.0
2015,AJ McCarron,CIN,854.0
2015,Aaron Rodgers,GB,3821.0
2015,Alex Smith,KC,3486.0
2015,Alex Tanney,TEN,99.0
2015,Andrew Luck,IND,1881.0
2015,Andy Dalton,CIN,3250.0
2015,Austin Davis,CLE,547.0
2015,Ben Roethlisberger,PIT,3938.0
2015,Blaine Gabbert,SF,2031.0
2015,Blake Bortles,JAX,4428.0
2015,Brandon Weeden,HOU,1043.0
2015,Brian Hoyer,HOU,2606.0
2015,Brock Osweiler,DEN,1967.0
2015,Cam Newton,CAR,3837.0
2015,Carson Palmer,ARI,4671.0
2015,Case Keenum,LA,828.0
2015,Charlie Whitehurst,IND,150.0
2015,Chase Daniel,KC,4.0
2015,Colin Kaepernick,SF,1615.0
2015,Colt McCoy,WAS,128.0
2015,Dan Orlovsky,DET,201.0
2015,Derek Anderson,CAR,36.0
2015,Derek Carr,LV,3987.0
2015,Drew Brees,NO,4870.0
2015,Drew Stanton,ARI,104.0
2015,EJ Manuel,BUF,561.0
2015,Eli Manning,NYG,4432.0
2015,Geno Smith,NYJ,265.0
2015,Jameis Winston,TB,4042.0
2015,Jay Cutler,CHI,3659.0
2015,Jimmy Clausen,BAL,739.0
2015,Jimmy Garoppolo,NE,6.0
2015,Joe Flacco,BAL,2791.0
2015,Joe Webb,CAR,0.0
2015,Johnny Manziel,CLE,1500.0
2015,Josh Freeman,IND,149.0
2015,Josh McCown,CLE,2109.0
2015,Kellen Clemens,LAC,63.0
2015,Kellen Moore,DAL,779.0
2015,Kirk Cousins,WAS,4166.0
2015,Landry Jones,PIT,513.0
2015,Luke McCown,NO,335.0
2015,Marcus Mariota,TEN,2818.0
2015,Mark Sanchez,PHI,616.0
2015,Matt Cassel,DAL,1276.0
2015,Matt Hasselbeck,IND,1690.0
2015,Matt McGloin,LV,142.0
2015,Matt Moore,MIA,14.0
2015,Matt Ryan,ATL,4591.0
2015,Matt Schaub,BAL,540.0
2015,Matthew Stafford,DET,4262.0
2015,Mike Vick,PIT,371.0
2015,Nick Foles,LA,2052.0
2015,Peyton Manning,DEN,2249.0
2015,Philip Rivers,LAC,4792.0
2015,Russell Wilson,SEA,4024.0
2015,Ryan Fitzpatrick,NYJ,3905.0
2015,Ryan Lindley,IND,58.0
2015,Ryan Mallett,BAL,1336.0
2015,Ryan Nassib,NYG,68.0
2015,Ryan Tannehill,MIA,4208.0
2015,Sam Bradford,PHI,3725.0
2015,Scott Tolzien,GB,4.0
2015,Sean Mannion,LA,31.0
2015,Sean Renfree,ATL,11.0
2015,Shaun Hill,MIN,15.0
2015,T.J. Yates,HOU,370.0
2015,Tarvaris Jackson,SEA,37.0
2015,Teddy Bridgewater,MIN,3231.0
2015,Tom Brady,NE,4770.0
2015,Tony Romo,DAL,884.0
2015,Trevor Siemian,DEN,0.0
2015,Tyrod Taylor,BUF,3035.0
2015,Zach Mettenberger,TEN,935.0
2016,Aaron Rodgers,GB,4428.0
2016,Alex Smith,KC,3502.0
2016,Andrew Luck,IND,4240.0
2016,Andy Dalton,CIN,4206.0
2016,Ben Roethlisberger,PIT,3819.0
2016,Blaine Gabbert,SF,925.0
2016,Blake Bortles,JAX,3905.0
2016,Brett Hundley,GB,17.0
2016,Brian Hoyer,CHI,1445.0
2016,Brock Osweiler,HOU,2957.0
2016,Bryce Petty,NYJ,809.0
2016,Cam Newton,CAR,3509.0
2016,Cardale Jones,BUF,96.0
2016,Carson Palmer,ARI,4233.0
2016,Carson Wentz,PHI,3782.0
2016,Case Keenum,LA,2201.0
2016,Chad Henne,JAX,0.0
2016,Charlie Whitehurst,CLE,182.0
2016,Chase Daniel,PHI,16.0
2016,Cody Kessler,CLE,1380.0
2016,Colin Kaepernick,SF,2241.0
2016,Connor Cook,LV,150.0
2016,Dak Prescott,DAL,3667.0
2016,David Fales,CHI,22.0
2016,Derek Anderson,CAR,453.0
2016,Derek Carr,LV,3937.0
2016,Drew Brees,NO,5208.0
2016,Drew Stanton,ARI,192.0
2016,EJ Manuel,BUF,131.0
2016,Eli Manning,NYG,4027.0
2016,Geno Smith,NYJ,126.0
2016,Jacoby Brissett,NE,400.0
2016,Jameis Winston,TB,4090.0
2016,Jared Goff,LA,1089.0
2016,Jay Cutler,CHI,1059.0
2016,Jimmy Garoppolo,NE,502.0
2016,Joe Flacco,BAL,4317.0
2016,Joe Webb,CAR,0.0
2016,Josh McCown,CLE,1100.0
2016,Kellen Clemens,LAC,0.0
2016,Kevin Hogan,CLE,104.0
2016,Kirk Cousins,WAS,4917.0
2016,Landry Jones,PIT,558.0
2016,Marcus Mariota,TEN,3426.0
2016,Mark Sanchez,DAL,93.0
2016,Matt Barkley,CHI,1611.0
2016,Matt Cassel,TEN,284.0
2016,Matt McGloin,LV,50.0
2016,Matt Moore,MIA,721.0
2016,Matt Ryan,ATL,4944.0
2016,Matt Schaub,ATL,16.0
2016,Matthew Stafford,DET,4327.0
2016,Mike Glennon,TB,75.0
2016,Nick Foles,KC,410.0
2016,Paxton Lynch,DEN,497.0
2016,Philip Rivers,LAC,4386.0
2016,Robert Griffin III,CLE,886.0
2016,Russell Wilson,SEA,4219.0
2016,Ryan Fitzpatrick,NYJ,2710.0
2016,Ryan Mallett,BAL,26.0
2016,Ryan Tannehill,MIA,2995.0
2016,Sam Bradford,MIN,3877.0
2016,Scott Tolzien,IND,216.0
2016,Sean Mannion,LA,19.0
2016,Shaun Hill,MIN,242.0
2016,Tom Brady,NE,3554.0
2016,Tom Savage,HOU,461.0
2016,Tony Romo,DAL,29.0
2016,Trevone Boykin,SEA,145.0
2016,Trevor Siemian,DEN,3401.0
2016,Tyrod Taylor,BUF,3023.0
2017,AJ McCarron,CIN,66.0
2017,Aaron Rodgers,GB,1675.0
2017,Alex Smith,KC,4042.0
2017,Andy Dalton,CIN,3320.0
2017,Austin Davis,SEA,0.0
2017,Ben Roethlisberger,PIT,4259.0
2017,Blaine Gabbert,ARI,1086.0
2017,Blake Bortles,JAX,3687.0
2017,Brett Hundley,GB,1836.0
2017,Brian Hoyer,NE,1287.0
2017,Brock Osweiler,DEN,1088.0
2017,Bryce Petty,NYJ,544.0
2017,C.J. Beathard,SF,1430.0
2017,Cam Newton,CAR,3302.0
2017,Carson Palmer,ARI,1978.0
2017,Carson Wentz,PHI,3296.0
2017,Case Keenum,MIN,3547.0
2017,Chad Henne,JAX,0.0
2017,Chase Daniel,NO,0.0
2017,Cody Kessler,CLE,126.0
2017,Cooper Rush,DAL,2.0
2017,Dak Prescott,DAL,3324.0
2017,David Fales,MIA,265.0
2017,DeShone Kizer,CLE,2894.0
2017,Derek Anderson,CAR,17.0
2017,Derek Carr,LV,3496.0
2017,Deshaun Watson,HOU,1699.0
2017,Drew Brees,NO,4334.0
2017,Drew Stanton,ARI,894.0
2017,EJ Manuel,LV,265.0
2017,Eli Manning,NYG,3468.0
2017,Geno Smith,NYG,212.0
2017,Jacoby Brissett,IND,3098.0
2017,Jake Rudock,DET,24.0
2017,Jameis Winston,TB,3504.0
2017,Jared Goff,LA,3804.0
2017,Jay Cutler,MIA,2666.0
2017,Jimmy Garoppolo,SF,1560.0
2017,Joe Callahan,GB,11.0
2017,Joe Flacco,BAL,3141.0
2017,Joe Webb,BUF,35.0
2017,Josh McCown,NYJ,2926.0
2017,Kellen Clemens,LAC,36.0
2017,Kevin Hogan,CLE,517.0
2017,Kirk Cousins,WAS,4093.0
2017,Landry Jones,PIT,239.0
2017,Marcus Mariota,TEN,3232.0
2017,Matt Cassel,TEN,162.0
2017,Matt Moore,MIA,861.0
2017,Matt Ryan,ATL,4095.0
2017,Matthew Stafford,DET,4446.0
2017,Mike Glennon,CHI,833.0
2017,Mitchell Trubisky,CHI,2193.0
2017,Nate Sudfeld,PHI,134.0
2017,Nathan Peterman,BUF,231.0
2017,Nick Foles,PHI,537.0
2017,Patrick Mahomes,KC,284.0
2017,Paxton Lynch,DEN,295.0
2017,Philip Rivers,LAC,4515.0
2017,Russell Wilson,SEA,3983.0
2017,Ryan Fitzpatrick,TB,1103.0
2017,Ryan Mallett,BAL,56.0
2017,Sam Bradford,MIN,382.0
2017,Scott Tolzien,IND,128.0
2017,Sean Mannion,LA,185.0
2017,T.J. Yates,HOU,523.0
2017,Taylor Heinicke,HOU,10.0
2017,Teddy Bridgewater,MIN,0.0
2017,Tom Brady,NE,4577.0
2017,Tom Savage,HOU,1412.0
2017,Trevor Siemian,DEN,2285.0
2017,Tyler Bray,KC,0.0
2017,Tyrod Taylor,BUF,2799.0
2018,AJ McCarron,LV,8.0
2018,Aaron Rodgers,GB,4442.0
2018,Alex Smith,WAS,2180.0
2018,Andrew Luck,IND,4593.0
2018,Andy Dalton,CIN,2566.0
2018,Baker Mayfield,CLE,3725.0
2018,Ben Roethlisberger,PIT,5129.0
2018,Blaine Gabbert,TEN,626.0
2018,Blake Bortles,JAX,2718.0
2018,Brandon Weeden,HOU,0.0
2018,Brian Hoyer,NE,7.0
2018,Brock Osweiler,MIA,1247.0
2018,C.J. Beathard,SF,1252.0
2018,Cam Newton,CAR,3395.0
2018,Carson Wentz,PHI,3074.0
2018,Case Keenum,DEN,3890.0
2018,Chad Henne,KC,29.0
2018,Chad Kelly,DEN,0.0
2018,Chase Daniel,CHI,515.0
2018,Cody Kessler,JAX,709.0
2018,Colt McCoy,WAS,372.0
2018,Dak Prescott,DAL,3885.0
2018,DeShone Kizer,GB,187.0
2018,Derek Anderson,BUF,465.0
2018,Derek Carr,LV,4049.0
2018,Deshaun Watson,HOU,4165.0
2018,Drew Brees,NO,3992.0
2018,Eli Manning,NYG,4299.0
2018,Garrett Gilbert,CAR,40.0
2018,Geno Smith,LAC,8.0
2018,Jacoby Brissett,IND,2.0
2018,Jameis Winston,TB,2992.0
2018,Jared Goff,LA,4688.0
2018,Jeff Driskel,CIN,1003.0
2018,Jimmy Garoppolo,SF,718.0
2018,Joe Flacco,BAL,2465.0
2018,Joe Webb,HOU,0.0
2018,Josh Allen,BUF,2044.0
2018,Josh Johnson,WAS,590.0
2018,Josh McCown,NYJ,539.0
2018,Josh Rosen,ARI,2278.0
2018,Joshua Dobbs,PIT,43.0
2018,Kirk Cousins,MIN,4298.0
2018,Kyle Allen,CAR,266.0
2018,Kyle Lauletta,NYG,0.0
2018,Lamar Jackson,BAL,1201.0
2018,Marcus Mariota,TEN,2528.0
2018,Mark Sanchez,WAS,138.0
2018,Matt Barkley,BUF,232.0
2018,Matt Cassel,DET,59.0
2018,Matt Ryan,ATL,4924.0
2018,Matt Schaub,ATL,20.0
2018,Matthew Stafford,DET,3777.0
2018,Mike Glennon,ARI,174.0
2018,Mitchell Trubisky,CHI,3223.0
2018,Nate Sudfeld,PHI,22.0
2018,Nathan Peterman,BUF,296.0
2018,Nick Foles,PHI,1413.0
2018,Nick Mullens,SF,2277.0
2018,Patrick Mahomes,KC,5097.0
2018,Philip Rivers,LAC,4308.0
2018,Robert Griffin III,BAL,21.0
2018,Russell Wilson,SEA,3448.0
2018,Ryan Fitzpatrick,TB,2366.0
2018,Ryan Tannehill,MIA,1979.0
2018,Sam Bradford,ARI,400.0
2018,Sam Darnold,NYJ,2865.0
2018,Sean Mannion,LA,23.0
2018,Taylor Heinicke,CAR,320.0
2018,Teddy Bridgewater,NO,118.0
2018,Tom Brady,NE,4355.0
2018,Tyrod Taylor,CLE,473.0
2019,AJ McCarron,HOU,225.0
2019,Aaron Rodgers,GB,4002.0
2019,Alex Tanney,NYG,1.0
2019,Andy Dalton,CIN,3494.0
2019,Baker Mayfield,CLE,3827.0
2019,Ben Roethlisberger,PIT,351.0
2019,Blake Bortles,LA,3.0
2019,Brandon Allen,DEN,515.0
2019,Brett Hundley,ARI,49.0
2019,Brian Hoyer,IND,372.0
2019,Cam Newton,CAR,572.0
2019,Carson Wentz,PHI,4039.0
2019,Case Keenum,WAS,1707.0
2019,Chase Daniel,CHI,435.0
2019,Colt McCoy,WAS,122.0
2019,Dak Prescott,DAL,4902.0
2019,Daniel Jones,NYG,3027.0
2019,David Blough,DET,984.0
2019,David Fales,NYJ,0.0
2019,Derek Carr,LV,4054.0
2019,Deshaun Watson,HOU,3852.0
2019,Devlin Hodges,PIT,1063.0
2019,Drew Brees,NO,2979.0
2019,Drew Lock,DEN,1020.0
2019,Dwayne Haskins,WAS,1365.0
2019,Eli Manning,NYG,1042.0
2019,Gardner Minshew,JAX,3271.0
2019,Garrett Gilbert,CLE,0.0
2019,Jacoby Brissett,IND,2942.0
2019,Jameis Winston,TB,5109.0
2019,Jared Goff,LA,4638.0
2019,Jarrett Stidham,NE,14.0
2019,Jeff Driskel,DET,685.0
2019,Jimmy Garoppolo,SF,3978.0
2019,Joe Flacco,DEN,1822.0
2019,Josh Allen,BUF,3089.0
2019,Josh McCown,PHI,24.0
2019,Josh Rosen,MIA,567.0
2019,Kirk Cousins,MIN,3603.0
2019,Kyle Allen,CAR,3322.0
2019,Kyler Murray,ARI,3722.0
2019,Lamar Jackson,BAL,3127.0
2019,Luke Falk,NYJ,416.0
2019,Marcus Mariota,TEN,1203.0
2019,Mason Rudolph,PIT,1765.0
2019,Matt Barkley,BUF,359.0
2019,Matt Moore,KC,659.0
2019,Matt Ryan,ATL,4466.0
2019,Matt Schaub,ATL,580.0
2019,Matthew Stafford,DET,2499.0
2019,Mike Glennon,LV,56.0
2019,Mitchell Trubisky,CHI,3138.0
2019,Nick Foles,JAX,736.0
2019,Nick Mullens,SF,0.0
2019,Patrick Mahomes,KC,4031.0
2019,Philip Rivers,LAC,4615.0
2019,Robert Griffin III,BAL,225.0
2019,Russell Wilson,SEA,4110.0
2019,Ryan Finley,CIN,474.0
2019,Ryan Fitzpatrick,MIA,3529.0
2019,Ryan Griffin,TB,18.0
2019,Ryan Tannehill,TEN,2742.0
2019,Sam Darnold,NYJ,3024.0
2019,Sean Mannion,MIN,126.0
2019,Teddy Bridgewater,NO,1384.0
2019,Tim Boyle,GB,15.0
2019,Tom Brady,NE,4057.0
2019,Trace McSorley,BAL,0.0
2019,Trevor Siemian,NYJ,3.0
2019,Tyrod Taylor,LAC,33.0
2019,Will Grier,CAR,228.0
2020,AJ McCarron,HOU,20.0
2020,Aaron Rodgers,GB,4299.0
2020,Alex Smith,WAS,1582.0
2020,Andy Dalton,DAL,2170.0
2020,Baker Mayfield,CLE,3563.0
2020,Ben DiNucci,DAL,219.0
2020,Ben Roethlisberger,PIT,3803.0
2020,Blaine Gabbert,TB,143.0
2020,Brandon Allen,CIN,925.0
2020,Brett Rypien,DEN,295.0
2020,Brian Hoyer,NE,130.0
2020,C.J. Beathard,SF,787.0
2020,Cam Newton,NE,2657.0
2020,Carson Wentz,PHI,2620.0
2020,Case Keenum,CLE,46.0
2020,Chad Henne,KC,248.0
2020,Chase Daniel,DET,264.0
2020,Chris Streveler,ARI,105.0
2020,Colt McCoy,NYG,375.0
2020,Dak Prescott,DAL,1856.0
2020,Daniel Jones,NYG,2943.0
2020,David Blough,DET,49.0
2020,Derek Carr,LV,4103.0
2020,Deshaun Watson,HOU,4823.0
2020,Drew Brees,NO,2942.0
2020,Drew Lock,DEN,2933.0
2020,Dwayne Haskins,WAS,1439.0
2020,Easton Stick,LAC,4.0
2020,Gardner Minshew,JAX,2259.0
2020,Garrett Gilbert,DAL,243.0
2020,Geno Smith,SEA,33.0
2020,Jacoby Brissett,IND,17.0
2020,Jake Luton,JAX,624.0
2020,Jalen Hurts,PHI,1061.0
2020,Jameis Winston,NO,75.0
2020,Jared Goff,LA,3952.0
2020,Jarrett Stidham,NE,256.0
2020,Jeff Driskel,DEN,432.0
2020,Jimmy Garoppolo,SF,1096.0
2020,Joe Burrow,CIN,2688.0
2020,Joe Flacco,NYJ,864.0
2020,Joe Webb,NYG,0.0
2020,John Wolford,LA,231.0
2020,Josh Allen,BUF,4544.0
2020,Joshua Dobbs,PIT,2.0
2020,Justin Herbert,LAC,4336.0
2020,Kirk Cousins,MIN,4265.0
2020,Kyle Allen,WAS,610.0
2020,Kyler Murray,ARI,3971.0
2020,Lamar Jackson,BAL,2757.0
2020,Logan Woodside,TEN,7.0
2020,Marcus Mariota,LV,226.0
2020,Mason Rudolph,PIT,324.0
2020,Matt Barkley,BUF,197.0
2020,Matt Ryan,ATL,4581.0
2020,Matt Schaub,ATL,0.0
2020,Matthew Stafford,DET,4084.0
2020,Mike Glennon,JAX,1072.0
2020,Mitchell Trubisky,CHI,2055.0
2020,Nate Sudfeld,PHI,32.0
2020,Nathan Peterman,LV,25.0
2020,Nick Foles,CHI,1852.0
2020,Nick Mullens,SF,2437.0
2020,PJ Walker,CAR,368.0
2020,Patrick Mahomes,KC,4740.0
2020,Philip Rivers,IND,4169.0
2020,Robert Griffin III,BAL,42.0
2020,Russell Wilson,SEA,4212.0
2020,Ryan Finley,CIN,164.0
2020,Ryan Fitzpatrick,MIA,2091.0
2020,Ryan Tannehill,TEN,3819.0
2020,Sam Darnold,NYJ,2208.0
2020,Taylor Heinicke,WAS,137.0
2020,Teddy Bridgewater,CAR,3733.0
2020,Tim Boyle,GB,0.0
2020,Tom Brady,TB,4633.0
2020,Tommy Stevens,CAR,0.0
2020,Trace McSorley,BAL,90.0
2020,Tua Tagovailoa,MIA,1814.0
2020,Tyler Bray,CHI,18.0
2020,Tyler Huntley,BAL,15.0
2020,Tyrod Taylor,LAC,208.0
2021,Aaron Rodgers,GB,4115.0
2021,Andy Dalton,CHI,1515.0
2021,Baker Mayfield,CLE,3010.0
2021,Ben Roethlisberger,PIT,3740.0
2021,Blaine Gabbert,TB,67.0
2021,Brandon Allen,CIN,149.0
2021,Brett Rypien,DEN,0.0
2021,Brian Hoyer,NE,227.0
2021,C.J. Beathard,JAX,33.0
2021,Cam Newton,CAR,684.0
2021,Carson Wentz,IND,3563.0
2021,Case Keenum,CLE,462.0
2021,Chad Henne,KC,82.0
2021,Chase Daniel,LAC,0.0
2021,Chris Streveler,ARI,36.0
2021,Colt McCoy,ARI,740.0
2021,Cooper Rush,DAL,422.0
2021,Dak Prescott,DAL,4449.0
2021,Daniel Jones,NYG,2428.0
2021,David Blough,DET,0.0
2021,Davis Mills,HOU,2664.0
2021,Davis Webb,BUF,0.0
2021,Derek Carr,LV,4804.0
2021,Drew Lock,DEN,787.0
2021,Gardner Minshew,PHI,439.0
2021,Garrett Gilbert,WAS,194.0
2021,Geno Smith,SEA,702.0
2021,Ian Book,NO,135.0
2021,Jacob Eason,IND,25.0
2021,Jacoby Brissett,MIA,1283.0
2021,Jake Fromm,NYG,210.0
2021,Jalen Hurts,PHI,3144.0
2021,Jameis Winston,NO,1170.0
2021,Jared Goff,DET,3245.0
2021,Jimmy Garoppolo,SF,3810.0
2021,Joe Burrow,CIN,4611.0
2021,Joe Flacco,NYJ,338.0
2021,John Wolford,LA,5.0
2021,Jordan Love,GB,411.0
2021,Josh Allen,BUF,4407.0
2021,Josh Johnson,BAL,638.0
2021,Josh Rosen,ATL,19.0
2021,Justin Fields,CHI,1870.0
2021,Justin Herbert,LAC,5014.0
2021,Kellen Mond,MIN,5.0
2021,Kirk Cousins,MIN,4221.0
2021,Kurt Benkert,GB,0.0
2021,Kyle Allen,WAS,120.0
2021,Kyler Murray,ARI,3787.0
2021,Lamar Jackson,BAL,2882.0
2021,Logan Woodside,TEN,0.0
2021,Mac Jones,NE,3801.0
2021,Marcus Mariota,LV,4.0
2021,Mason Rudolph,PIT,277.0
2021,Matt Ryan,ATL,3968.0
2021,Matthew Stafford,LA,4886.0
2021,Mike Glennon,NYG,790.0
2021,Mike White,NYJ,953.0
2021,Mitchell Trubisky,BUF,43.0
2021,Nathan Peterman,LV,0.0
2021,Nick Foles,CHI,250.0
2021,Nick Mullens,CLE,147.0
2021,PJ Walker,CAR,362.0
2021,Patrick Mahomes,KC,4839.0
2021,Russell Wilson,SEA,3113.0
2021,Ryan Fitzpatrick,WAS,13.0
2021,Ryan Tannehill,TEN,3734.0
2021,Sam Darnold,CAR,2527.0
2021,Sam Ehlinger,IND,0.0
2021,Sean Mannion,MIN,189.0
2021,Taylor Heinicke,WAS,3419.0
2021,Teddy Bridgewater,DEN,3052.0
2021,Tim Boyle,DET,526.0
2021,Tom Brady,TB,5316.0
2021,Trevor Lawrence,JAX,3641.0
2021,Trevor Siemian,NO,1154.0
2021,Trey Lance,SF,603.0
2021,Tua Tagovailoa,MIA,2653.0
2021,Tyler Huntley,BAL,1081.0
2021,Tyrod Taylor,HOU,966.0
2021,Zach Wilson,NYJ,2334.0
2022,Aaron Rodgers,GB,3695.0
2022,Andy Dalton,NO,2871.0
2022,Anthony Brown,BAL,302.0
2022,Bailey Zappe,NE,781.0
2022,Baker Mayfield,LA,2163.0
2022,Blaine Gabbert,TB,29.0
2022,Brandon Allen,CIN,22.0
2022,Brett Rypien,DEN,483.0
2022,Brian Hoyer,NE,37.0
2022,Brock Purdy,SF,1374.0
2022,Bryce Perkins,LA,161.0
2022,C.J. Beathard,JAX,35.0
2022,Carson Wentz,WAS,1755.0
2022,Case Keenum,BUF,8.0
2022,Chad Henne,KC,0.0
2022,Chase Daniel,LAC,52.0
2022,Chris Streveler,NYJ,90.0
2022,Colt McCoy,ARI,780.0
2022,Cooper Rush,DAL,1051.0
2022,Dak Prescott,DAL,2860.0
2022,Daniel Jones,NYG,3205.0
2022,David Blough,ARI,402.0
2022,Davis Mills,HOU,3118.0
2022,Davis Webb,NYG,168.0
2022,Derek Carr,LV,3522.0
2022,Deshaun Watson,CLE,1102.0
2022,Desmond Ridder,ATL,708.0
2022,Gardner Minshew,PHI,663.0
2022,Geno Smith,SEA,4282.0
2022,Jacob Eason,CAR,59.0
2022,Jacoby Brissett,CLE,2608.0
2022,Jalen Hurts,PHI,3701.0
2022,Jameis Winston,NO,858.0
2022,Jared Goff,DET,4438.0
2022,Jarrett Stidham,LV,656.0
2022,Jeff Driskel,HOU,108.0
2022,Jimmy Garoppolo,SF,2437.0
2022,Joe Burrow,CIN,4475.0
2022,Joe Flacco,NYJ,1051.0
2022,John Wolford,LA,390.0
2022,Jordan Love,GB,195.0
2022,Josh Allen,BUF,4283.0
2022,Josh Johnson,SF,10.0
2022,Joshua Dobbs,TEN,411.0
2022,Justin Fields,CHI,2242.0
2022,Justin Herbert,LAC,4739.0
2022,Kenny Pickett,PIT,2404.0
2022,Kirk Cousins,MIN,4547.0
2022,Kyle Allen,HOU,416.0
2022,Kyle Trask,TB,23.0
2022,Kyler Murray,ARI,2368.0
2022,Lamar Jackson,BAL,2242.0
2022,Mac Jones,NE,2997.0
2022,Malik Willis,TEN,276.0
2022,Marcus Mariota,ATL,2219.0
2022,Matt Ryan,IND,3057.0
2022,Matthew Stafford,LA,2087.0
2022,Mike White,NYJ,1192.0
2022,Mitchell Trubisky,PIT,1252.0
2022,Nate Sudfeld,DET,0.0
2022,Nathan Peterman,CHI,139.0
2022,Nick Foles,IND,225.0
2022,Nick Mullens,MIN,224.0
2022,PJ Walker,CAR,731.0
2022,Patrick Mahomes,KC,5250.0
2022,Russell Wilson,DEN,3524.0
2022,Ryan Tannehill,TEN,2536.0
2022,Sam Darnold,CAR,1143.0
2022,Sam Ehlinger,IND,573.0
2022,Sam Howell,WAS,169.0
2022,Skylar Thompson,MIA,534.0
2022,Taylor Heinicke,WAS,1859.0
2022,Teddy Bridgewater,MIA,683.0
2022,Tim Boyle,CHI,33.0
2022,Tom Brady,TB,4694.0
2022,Trace McSorley,ARI,412.0
2022,Trevor Lawrence,JAX,4113.0
2022,Trevor Siemian,CHI,184.0
2022,Trey Lance,SF,194.0
2022,Tua Tagovailoa,MIA,3548.0
2022,Tyler Huntley,BAL,658.0
2022,Tyrod Taylor,NYG,58.0
2022,Zach Wilson,NYJ,1688.0
2023,AJ McCarron,CIN,19.0
2023,Aaron Rodgers,NYJ,0.0
2023,Aidan O'Connell,LV,2218.0
2023,Andy Dalton,CAR,361.0
2023,Anthony Richardson,IND,577.0
2023,Bailey Zappe,NE,1272.0
2023,Baker Mayfield,TB,4044.0
2023,Blaine Gabbert,KC,185.0
2023,Brett Rypien,LA,172.0
2023,Brian Hoyer,LV,231.0
2023,Brock Purdy,SF,4280.0
2023,Bryce Young,CAR,2877.0
2023,C.J. Beathard,JAX,349.0
2023,C.J. Stroud,HOU,4108.0
2023,Carson Wentz,LA,163.0
2023,Case Keenum,HOU,291.0
2023,Clayton Tune,ARI,62.0
2023,Cooper Rush,DAL,144.0
2023,Dak Prescott,DAL,4516.0
2023,Daniel Jones,NYG,909.0
2023,Davis Mills,HOU,173.0
2023,Derek Carr,NO,3878.0
2023,Deshaun Watson,CLE,1115.0
2023,Desmond Ridder,ATL,2836.0
2023,Dorian Thompson-Robinson,CLE,440.0
2023,Drew Lock,SEA,543.0
2023,Easton Stick,LAC,1129.0
2023,Gardner Minshew,IND,3305.0
2023,Geno Smith,SEA,3624.0
2023,Jacoby Brissett,WAS,224.0
2023,Jake Browning,CIN,1936.0
2023,Jalen Hurts,PHI,3858.0
2023,Jameis Winston,NO,264.0
2023,Jared Goff,DET,4575.0
2023,Jaren Hall,MIN,168.0
2023,Jarrett Stidham,DEN,496.0
2023,Jeff Driskel,CLE,166.0
2023,Jimmy Garoppolo,LV,1205.0
2023,Joe Burrow,CIN,2309.0
2023,Joe Flacco,CLE,1616.0
2023,Jordan Love,GB,4159.0
2023,Josh Allen,BUF,4306.0
2023,Joshua Dobbs,MIN,2464.0
2023,Justin Fields,CHI,2562.0
2023,Justin Herbert,LAC,3134.0
2023,Kenny Pickett,PIT,2070.0
2023,Kirk Cousins,MIN,2331.0
2023,Kyle Allen,BUF,0.0
2023,Kyle Trask,TB,0.0
2023,Kyler Murray,ARI,1799.0
2023,Lamar Jackson,BAL,3678.0
2023,Logan Woodside,ATL,27.0
2023,Mac Jones,NE,2120.0
2023,Malik Willis,TEN,74.0
2023,Marcus Mariota,PHI,164.0
2023,Mason Rudolph,PIT,719.0
2023,Matt Barkley,JAX,0.0
2023,Matthew Stafford,LA,3965.0
2023,Mike White,MIA,74.0
2023,Mitchell Trubisky,PIT,632.0
2023,Nathan Peterman,CHI,0.0
2023,Nick Mullens,MIN,1306.0
2023,PJ Walker,CLE,674.0
2023,Patrick Mahomes,KC,4183.0
2023,Russell Wilson,DEN,3070.0
2023,Ryan Tannehill,TEN,1616.0
2023,Sam Darnold,SF,297.0
2023,Sam Howell,WAS,3946.0
2023,Sean Clifford,GB,37.0
2023,Taylor Heinicke,ATL,890.0
2023,Teddy Bridgewater,DET,0.0
2023,Tim Boyle,NYJ,360.0
2023,Tommy DeVito,NYG,1101.0
2023,Trevor Lawrence,JAX,4016.0
2023,Trevor Siemian,NYJ,724.0
2023,Tua Tagovailoa,MIA,4624.0
2023,Tyler Huntley,BAL,203.0
2023,Tyrod Taylor,NYG,1341.0
2023,Tyson Bagent,CHI,859.0
2023,Will Levis,TEN,1808.0
2023,Zach Wilson,NYJ,2271.0
2024,Aaron Rodgers,NYJ,3897.0
2024,Aidan O'Connell,LV,1612.0
2024,Andy Dalton,CAR,989.0
2024,Anthony Richardson,IND,1814.0
2024,Bailey Zappe,CLE,170.0
2024,Baker Mayfield,TB,4500.0
2024,Bo Nix,DEN,3775.0
2024,Brandon Allen,SF,199.0
2024,Brock Purdy,SF,3864.0
2024,Bryce Young,CAR,2403.0
2024,C.J. Stroud,HOU,3727.0
2024,Caleb Williams,CHI,3541.0
2024,Carson Wentz,KC,118.0
2024,Chris Oladokun,KC,0.0
2024,Clayton Tune,ARI,8.0
2024,Cooper Rush,DAL,1844.0
2024,Dak Prescott,DAL,1978.0
2024,Daniel Jones,NYG,2070.0
2024,Davis Mills,HOU,212.0
2024,Derek Carr,NO,2145.0
2024,Deshaun Watson,CLE,1148.0
2024,Desmond Ridder,LV,458.0
2024,Dorian Thompson-Robinson,CLE,440.0
2024,Drake Maye,NE,2276.0
2024,Drew Lock,NYG,1071.0
2024,Gardner Minshew,LV,2013.0
2024,Geno Smith,SEA,4320.0
2024,Hendon Hooker,DET,62.0
2024,Jacoby Brissett,NE,826.0
2024,Jake Browning,CIN,0.0
2024,Jake Haener,NO,226.0
2024,Jalen Hurts,PHI,2903.0
2024,Jameis Winston,CLE,2121.0
2024,Jared Goff,DET,4629.0
2024,Jarrett Stidham,DEN,0.0
2024,Jayden Daniels,WAS,3568.0
2024,Jimmy Garoppolo,LA,334.0
2024,Joe Burrow,CIN,4918.0
2024,Joe Flacco,IND,1761.0
2024,Joe Milton III,NE,241.0
2024,Jordan Love,GB,3389.0
2024,Josh Allen,BUF,3731.0
2024,Josh Johnson,BAL,17.0
2024,Joshua Dobbs,SF,361.0
2024,Justin Fields,PIT,1106.0
2024,Justin Herbert,LAC,3870.0
2024,Kenny Pickett,PHI,291.0
2024,Kirk Cousins,ATL,3508.0
2024,Kyle Allen,PIT,19.0
2024,Kyle Trask,TB,5.0
2024,Kyler Murray,ARI,3851.0
2024,Lamar Jackson,BAL,4172.0
2024,Mac Jones,JAX,1672.0
2024,Malik Willis,GB,550.0
2024,Marcus Mariota,WAS,364.0
2024,Mason Rudolph,TEN,1530.0
2024,Matthew Stafford,LA,3762.0
2024,Michael Penix Jr.,ATL,775.0
2024,Mike White,BUF,28.0
2024,Mitchell Trubisky,BUF,179.0
2024,Nick Mullens,MIN,38.0
2024,Patrick Mahomes,KC,3928.0
2024,Russell Wilson,PIT,2482.0
2024,Sam Darnold,MIN,4319.0
2024,Sam Howell,SEA,24.0
2024,Skylar Thompson,MIA,187.0
2024,Spencer Rattler,NO,1317.0
2024,Tanner McKee,PHI,323.0
2024,Taylor Heinicke,LAC,28.0
2024,Tim Boyle,NYG,276.0
2024,Tommy DeVito,NYG,257.0
2024,Trevor Lawrence,JAX,2045.0
2024,Trey Lance,DAL,266.0
2024,Tua Tagovailoa,MIA,2867.0
2024,Tyler Huntley,MIA,829.0
2024,Tyrod Taylor,NYJ,119.0
2024,Tyson Bagent,CHI,11.0
2024,Will Levis,TEN,2091.0
